/*
 Navicat Premium Data Transfer

 Source Server         : lexiang
 Source Server Type    : MySQL
 Source Server Version : 80017
 Source Host           : 47.111.5.39:3306
 Source Schema         : lexiang

 Target Server Type    : MySQL
 Target Server Version : 80017
 File Encoding         : 65001

 Date: 21/05/2020 10:34:55
*/

SET NAMES utf8mb4;
SET FOREIGN_KEY_CHECKS = 0;

-- ----------------------------
-- Table structure for app_address
-- ----------------------------
DROP TABLE IF EXISTS `app_address`;
CREATE TABLE `app_address`  (
  `id` int(11) NOT NULL AUTO_INCREMENT COMMENT 'id',
  `user_id` int(11) NOT NULL COMMENT '用户id',
  `default_address` int(11) NOT NULL COMMENT '默认地址',
  `contact` varchar(20) CHARACTER SET utf8mb4 COLLATE utf8mb4_0900_ai_ci NOT NULL COMMENT '收货人',
  `phone` varchar(11) CHARACTER SET utf8mb4 COLLATE utf8mb4_0900_ai_ci NOT NULL COMMENT '联系电话',
  `province` varchar(20) CHARACTER SET utf8mb4 COLLATE utf8mb4_0900_ai_ci NULL DEFAULT NULL COMMENT '省',
  `city` varchar(20) CHARACTER SET utf8mb4 COLLATE utf8mb4_0900_ai_ci NULL DEFAULT NULL COMMENT '市',
  `county` varchar(20) CHARACTER SET utf8mb4 COLLATE utf8mb4_0900_ai_ci NULL DEFAULT NULL COMMENT '区',
  `address` varchar(50) CHARACTER SET utf8mb4 COLLATE utf8mb4_0900_ai_ci NULL DEFAULT NULL COMMENT '地址',
  PRIMARY KEY (`id`) USING BTREE
) ENGINE = InnoDB AUTO_INCREMENT = 13 CHARACTER SET = utf8mb4 COLLATE = utf8mb4_0900_ai_ci ROW_FORMAT = Dynamic;

-- ----------------------------
-- Records of app_address
-- ----------------------------
INSERT INTO `app_address` VALUES (2, 100007, 1, '张三1111', '13336137215', '广东省', '广州市', '海珠区', '新港中路397号');
INSERT INTO `app_address` VALUES (3, 100007, 0, 'hww', '13336137215', '广东省', '广州市', '海珠区', 'qwegsadfgf');
INSERT INTO `app_address` VALUES (12, 100001, 1, '张三', '13336131313', '广东省', '广州市', '海珠区', '新港中路397号');

-- ----------------------------
-- Table structure for app_article
-- ----------------------------
DROP TABLE IF EXISTS `app_article`;
CREATE TABLE `app_article`  (
  `id` int(11) NOT NULL AUTO_INCREMENT COMMENT 'id',
  `cover_image` varchar(255) CHARACTER SET utf8mb4 COLLATE utf8mb4_0900_ai_ci NOT NULL COMMENT '封面',
  `title` varchar(255) CHARACTER SET utf8mb4 COLLATE utf8mb4_0900_ai_ci NOT NULL COMMENT '标题',
  `content` longtext CHARACTER SET utf8mb4 COLLATE utf8mb4_0900_ai_ci NOT NULL COMMENT '内容',
  `created_date` datetime(0) NOT NULL COMMENT '创建日期',
  `reading` int(11) NOT NULL COMMENT '阅读量',
  `top` int(11) NOT NULL COMMENT '是否置顶',
  PRIMARY KEY (`id`) USING BTREE
) ENGINE = InnoDB AUTO_INCREMENT = 33 CHARACTER SET = utf8mb4 COLLATE = utf8mb4_0900_ai_ci ROW_FORMAT = Dynamic;

-- ----------------------------
-- Records of app_article
-- ----------------------------
INSERT INTO `app_article` VALUES (1, 'http://yanxuan.nosdn.127.net/7ee01a07c541b45a690945317cddd038.png', '铭佳温泉酒店简介', '铭佳温泉养生酒店坐落于海内外闻名遐迩的避暑胜地庐山之南麓、素有“江南温泉”美誉的星子县温泉度假区内。', '2020-04-23 11:35:00', 63, 1);
INSERT INTO `app_article` VALUES (3, 'http://yanxuan.nosdn.127.net/f48e8ae288831addb3f0c4bc3a2df410.jpg', '星林堂康养生活--膝关节疼痛', '<div><img src=\"http://yanxuan.nosdn.127.net/89a0c6e68aa262c3e9dff4675efe992b.jpg\"></div>', '2020-05-14 11:29:22', 21, 0);
INSERT INTO `app_article` VALUES (4, ' http://yanxuan.nosdn.127.net/5b5e1cf4eaad589900d965da87de1c42.jpg', '星林堂康养生活--腰椎间盘突出', '<div><img src=\"http://yanxuan.nosdn.127.net/2ad6c5f7b7a5f6377d462cd440d9e236.jpg\"></div>', '2020-05-14 11:32:26', 24, 0);
INSERT INTO `app_article` VALUES (5, 'http://yanxuan.nosdn.127.net/06d2d4958dd205a16b970a6161835a46.jpg', '星林堂康养生活--五高调理', '<div><img src=\"http://yanxuan.nosdn.127.net/088f09f655eac791dca2badf003ff201.jpg\"></div>', '2020-05-14 11:32:41', 39, 0);

-- ----------------------------
-- Table structure for app_card
-- ----------------------------
DROP TABLE IF EXISTS `app_card`;
CREATE TABLE `app_card`  (
  `id` int(11) NOT NULL AUTO_INCREMENT COMMENT 'id',
  `card_name` varchar(20) CHARACTER SET utf8mb4 COLLATE utf8mb4_0900_ai_ci NOT NULL COMMENT '卡名',
  `card_image` varchar(255) CHARACTER SET utf8mb4 COLLATE utf8mb4_0900_ai_ci NOT NULL COMMENT '卡片照片',
  `price` int(11) NOT NULL COMMENT '价格',
  `discount_price` int(11) NULL DEFAULT NULL COMMENT '活动价',
  `introduction` varchar(2000) CHARACTER SET utf8mb4 COLLATE utf8mb4_0900_ai_ci NOT NULL COMMENT '介绍',
  `give_integral` int(11) NULL DEFAULT NULL COMMENT '赠送积分',
  `purchase_discount` int(11) NULL DEFAULT NULL COMMENT '购房优惠 1购房优惠 0购房不优惠',
  PRIMARY KEY (`id`) USING BTREE
) ENGINE = InnoDB AUTO_INCREMENT = 8 CHARACTER SET = utf8mb4 COLLATE = utf8mb4_0900_ai_ci ROW_FORMAT = Dynamic;

-- ----------------------------
-- Records of app_card
-- ----------------------------
INSERT INTO `app_card` VALUES (1, '乐享休闲卡', 'http://yanxuan.nosdn.127.net/0b93f12f992094baf097ccb88780e241.jpg', 688800, NULL, '本卡采取实名制。持卡人可享受平台一次赠送6888积分，积分可在“乐享部落”积分商城兑换等值商品。;购买本卡可自动获得“乐享部落”会员身份，享受平台消费及线下现金消费100赠送70积分的权益。;持卡人享受在“乐享部落”指定酒店内会员价格，并在会员价格的基础上，再次享受8.8折优惠的权利。;本卡最终解释权归公司所有。', 688800, 1);
INSERT INTO `app_card` VALUES (2, '乐享生活卡', 'http://yanxuan.nosdn.127.net/36c04adfbf3e3a11eda2362cf7c6f6ef.jpg', 1000000, NULL, '本卡采用实名制。并且一次性只能预定房间二间。;持卡人享受“乐享部落”赠送的指定酒店房券100张，三年内使用完。;本卡内一次性赠送2000积分，积分可在“乐享部落”积分商城兑换等值商品。;购买本卡将自动获得“乐享部落”会员身份，享受平台消费及线下现金消费满100送70积分的权益。;订房须提前预定（非节假日10个工作日，节假日15个工作日），每次预定入住时间不得少于10天，不足10天按照10天结算；预定成功不能退订。;本卡消费内容只限双标间，其他消费需要另外收费。;本卡可更名、转让、转赠及继承。;本卡最终解释权归公司所有。', 200000, 0);
INSERT INTO `app_card` VALUES (3, '乐享无忧卡', 'http://yanxuan.nosdn.127.net/9897174cd752a475973fa04df2ab97eb.jpg', 3000000, NULL, '本卡采取实名制。持卡人凭此卡可入住“乐享部落”指定酒店2年（含365间标间房），本卡有效期为3年，过期自行作废。;本卡消费内容仅限标间入住，其他消费另行收费。;订房须提前预定（非节假日10个工作日，节假日15个工作日），每次预定入住时间不得少于10天，不足10天按照10天结算；预定成功不能退订。;持卡人每消费一间房，赠送85消费积分，此卡全部消费完毕可累计赠送31000积分，积分可在“乐享部落”积分商城兑换等值商品。;购本卡将自动获得“乐享部落”会员身份。享受平台消费及线下现金消费100元赠送70积分的权益。;本卡可更名、转让、转赠及继承，遗失不补。;本卡最终解释权归公司所有。', 0, 0);

-- ----------------------------
-- Table structure for app_carousel
-- ----------------------------
DROP TABLE IF EXISTS `app_carousel`;
CREATE TABLE `app_carousel`  (
  `id` int(11) NOT NULL AUTO_INCREMENT,
  `img_url` varchar(255) CHARACTER SET utf8mb4 COLLATE utf8mb4_0900_ai_ci NOT NULL COMMENT '图片地址',
  `jump_page` varchar(30) CHARACTER SET utf8mb4 COLLATE utf8mb4_0900_ai_ci NULL DEFAULT NULL COMMENT '跳转页面名',
  `jump_id` varchar(30) CHARACTER SET utf8mb4 COLLATE utf8mb4_0900_ai_ci NULL DEFAULT NULL COMMENT '跳转的id',
  `current_page` varchar(30) CHARACTER SET utf8mb4 COLLATE utf8mb4_0900_ai_ci NOT NULL COMMENT '此轮播所在页面',
  `priority` int(11) NULL DEFAULT NULL COMMENT '优先级',
  `status` int(11) NOT NULL DEFAULT 1 COMMENT '状态 1可见 0不可见',
  PRIMARY KEY (`id`) USING BTREE
) ENGINE = InnoDB AUTO_INCREMENT = 10 CHARACTER SET = utf8mb4 COLLATE = utf8mb4_0900_ai_ci ROW_FORMAT = Dynamic;

-- ----------------------------
-- Records of app_carousel
-- ----------------------------
INSERT INTO `app_carousel` VALUES (1, 'http://yanxuan.nosdn.127.net/f48e8ae288831addb3f0c4bc3a2df410.jpg', 'articleDetail', '3', 'home', 2, 1);
INSERT INTO `app_carousel` VALUES (2, 'http://yanxuan.nosdn.127.net/5b5e1cf4eaad589900d965da87de1c42.jpg', 'articleDetail', '4', 'home', 3, 1);
INSERT INTO `app_carousel` VALUES (9, 'https://www.xinglintang.net/upload/410162e6-75d3-49f3-824e-632dcc95a9ab.jpg', 'productDetails', '29', 'home', 1, 1);

-- ----------------------------
-- Table structure for app_cart
-- ----------------------------
DROP TABLE IF EXISTS `app_cart`;
CREATE TABLE `app_cart`  (
  `id` int(11) NOT NULL AUTO_INCREMENT COMMENT 'id',
  `user_id` int(11) NOT NULL COMMENT '用户id',
  `product_sku_id` int(11) NOT NULL COMMENT '商品 sku id',
  `quantity` int(11) NOT NULL COMMENT '商品数量',
  `isSelected` int(11) NOT NULL COMMENT '是否选中',
  PRIMARY KEY (`id`) USING BTREE
) ENGINE = InnoDB AUTO_INCREMENT = 21 CHARACTER SET = utf8mb4 COLLATE = utf8mb4_0900_ai_ci ROW_FORMAT = Dynamic;

-- ----------------------------
-- Records of app_cart
-- ----------------------------
INSERT INTO `app_cart` VALUES (16, 100001, 8, 1, 0);
INSERT INTO `app_cart` VALUES (17, 100023, 30, 9, 0);
INSERT INTO `app_cart` VALUES (18, 100003, 126, 1, 0);
INSERT INTO `app_cart` VALUES (19, 100008, 126, 2, 0);
INSERT INTO `app_cart` VALUES (20, 100008, 29, 2, 0);

-- ----------------------------
-- Table structure for app_configuration
-- ----------------------------
DROP TABLE IF EXISTS `app_configuration`;
CREATE TABLE `app_configuration`  (
  `id` int(11) NOT NULL AUTO_INCREMENT COMMENT 'id',
  `configuration_name` varchar(20) CHARACTER SET utf8mb4 COLLATE utf8mb4_0900_ai_ci NOT NULL COMMENT '配置名称',
  `configuration_value` longtext CHARACTER SET utf8mb4 COLLATE utf8mb4_0900_ai_ci NOT NULL COMMENT '对应的值',
  PRIMARY KEY (`id`) USING BTREE
) ENGINE = InnoDB AUTO_INCREMENT = 6 CHARACTER SET = utf8mb4 COLLATE = utf8mb4_0900_ai_ci ROW_FORMAT = Dynamic;

-- ----------------------------
-- Records of app_configuration
-- ----------------------------
INSERT INTO `app_configuration` VALUES (1, '软件名', '乐享部落');
INSERT INTO `app_configuration` VALUES (2, '客服电话', '13336137215');
INSERT INTO `app_configuration` VALUES (3, '关于我们', '\r\n  <div class=\'text-content\'>\r\n    <div class=\'margin-top-sm\'>乐享部落是九江市星林堂养老产业发展有限公司的一个品牌。</div>\r\n    <div class=\'margin-top-sm\'>九江市星林堂养老产业发展有限公司创建于2016年，是-家集地产开发、酒店运营、健康旅居、农业开发、养老照护研究为一体的多元化公司。“ 星林堂”秉承老有所养，老有所依，老有所乐，老有所为的公司宗旨。不断探索，勇于创新，稳步成长，全力打造康、居、游、养、医、购-体化的综合养老平台。公司在庐山、宜春、南山、三亚等全国多个地区投资整合景区温泉酒店，打破传统养老生活方式。首创景区温泉酒店+主题康养旅居为一-体的新养老健康体系。推出星级酒店标准装修，养老照护标准服务理念。</div>\r\n    <div class=\'margin-top-sm\'>随着时代发展，“ 星林堂”不断的探索和创新，立足于现有产业，于2019年岁末启动了新的项目一“乐享部落”网上购物交易平台。将社会海量、分散、闲置资源，平台化、协同化地聚集、复用与供需匹配。让社会资源配置更加优化、社会协同合作更有效率，从而降低大众创业门槛，让更多的人参与到创业创新活动中来，为“大众创业，万众创新”注入新活力。乐享部落”以“互联网+”的分享社交新零售模式为用户创造0投资、0风险的创业机会!并针对当今社会老年化趋势，首创“零存消费，养老无忧”的经营模式，让每个家庭没有后顾之忧!</div>\r\n  </div>');
INSERT INTO `app_configuration` VALUES (4, '用户协议', '<div class=\'text-content\'>\r\n    <div class=\'margin-top-sm\'>用户在使用乐享部落（即，以下统称“乐享部落”）提供的各项服务之前，应仔细阅读本《用户协议》（以下简称“本协议”）。用户一旦登录或使用乐享部落的服务，即视为用户已了解并明示同意本协议各项内容，本协议立即在用户与本乐享部落之间产生法律效力。用户登录、使用本产品服务的全部活动将受到本协议的约束并承担相应的责任和义务。如用户不同意本协议任何内容的，请用户立即停止使用乐享部落所提供的全部服务。 根据《中华人民共和国网络安全法》、《电信和互联网用户个人信息保护规定》及相关法律法规的规定，同时依据乐享部落与其合作伙伴之间的相关协议，用户必须已明示授权乐享部落合作伙伴（以下简称“合作伙伴”）、在此明示授权并委托乐享部落及其关联公司通过官方或相关实名认证平台、信用信息平台（包括但不限于：征信机构、银行信用信息平台、网络借贷平台、消费金融平台、第三方支付平台、公积金平台、投资理财平台等）及其它相关平台查询、验证、存储用户的个人信用信息，并输出给合作伙伴对用户的个人信用进行评估与参考使用。用户理解并同意，具体的授权查询、验证、存储及输出的内容以合作伙伴要求查询、验证、存储、输出以及乐享部落及其关联公司实际查询、验证、存储、输出的信息为准。乐享部落及其关联公司会在授权范围内对相关个人信息予以处理（包括但不限于为保护用户个人信息而加密处理、掩码处理等一切为实现相关协议目的而进行的所有必要处理）并仅提供给合作伙伴使用，但用户与合作伙伴之间因授权的有效性、授权内容、授权范围、授权期限等发生的争议纠纷与乐享部落无关。如用户对合作伙伴的上述授权事项有任何异议或争议的，应立即停止使用乐享部落所提供的全部服务。用户使用本服务的，即表明用户已明示对合作伙伴、乐享部落及其关联公司授权查询、验证、处理、存储、在约定范围内使用其个人信息，并对授权的效力、查询验证的内容、查询验证平台、处理方式、使用范围等相关事项无任何事实或法律上的异议或争议。 鉴于用户须授权合作伙伴并由该合作伙伴告知本服务后方能进入、登录并使用本服务，用户登录或使用本服务时起即视为用户与乐享部落的合作伙伴之间已存在合法的、充分的、必要的、不可撤销的授权，且用户已清楚知晓其授权提供相关信息可能对其造成的相关不利影响，如负面的信用评价等。为保护用户个人信息，乐享部落会采取合理措施对用户信息进行严格保密，同时督促并要求该特定合作伙伴进行严格保密。未经用户授权，乐享部落及其关联公司不会将用户信息提供给任何其他方。</div>\r\n    <div class=\'margin-top-sm text-lg text-bold\'>一、协议主体</div>\r\n    <div class=\'margin-top-sm\'>本协议是用户与乐享部落关于用户使用本服务所订立的协议。</div>\r\n    <div class=\'margin-top-sm text-lg text-bold\'>二、关于本服务</div>\r\n    <div class=\'margin-top-sm\'>1.本服务内容是指乐享部落通过本应用程序向其合作伙伴及用户提供的相关服务（简称“本服务”）。</div>\r\n    <div class=\'margin-top-sm\'>2.对用户使用的本服务，乐享部落会不断丰富用户使用本服务的终端、形式等。</div>\r\n    <div class=\'margin-top-sm\'>3.许可的范围：</div>\r\n    <div class=\'margin-top-sm\'>（1）乐享部落授予用户一项个人的、不可转让及非排他性的许可，以使用本应用程序。</div>\r\n    <div class=\'margin-top-sm\'>（2）本条及本协议其他条款未明示授权的其他一切知识产权权利仍由乐享部落保留。乐享部落如果未行使前述任何权利，并不构成对该权利的放弃。</div>\r\n    <div class=\'margin-top-sm text-lg text-bold\'>三、账号登录</div>\r\n    <div class=\'margin-top-sm\'>为使用本应用程序用户可能需要输入个人信息进行登录与使用。 用户清楚知晓，其向乐享部落提供的账户仅限本人使用，否则，用户可能会对用户或他人造成侵权。用户承诺并同意，使用同一设备、同一身份证号或账号使用本协议项下服务的，均视为用户本人的行为。用户应妥善保管自身设备、身份证件及账号密码信息，审慎交由他人使用或使用他人设备、身份证件或账户信息，如用户违反本约定给用户或他人造成损失的，乐享部落不应也不会承担任何法律责任。用户若因此给乐享部落造成损失的，应承担乐享部落所遭受的全部损失。</div>\r\n    <div class=\'margin-top-sm text-lg text-bold\'>四、应用程序的使用</div>\r\n    <div class=\'margin-top-sm\'>如果用户从非乐享部落合作伙伴的应用程序或非乐享部落合作伙伴处获取本应用程序或与本应用程序名称相同的安装程序，乐享部落无法保证该应用程序能够正常使用，并对因此给用户造成的损失不予负责。</div>\r\n    <div class=\'margin-top-sm text-lg text-bold\'>五、应用程序的更新</div>\r\n    <div class=\'margin-top-sm\'>1.为了增进用户体验、完善服务内容，乐享部落将不断努力为用户时时提供应用程序更新（这些更新可能会采取应用程序替换、修改、功能强化、版本升级等形式）。</div>\r\n    <div class=\'margin-top-sm\'>2.为了改善用户体验，并保证服务的安全性和功能的一致性，乐享部落有权不经向用户特别通知而对应用程序进行更新，或者对应用程序的部分功能效果进行改变或限制。</div>\r\n    <div class=\'margin-top-sm text-lg text-bold\'>六、用户个人信息保护</div>\r\n    <div class=\'margin-top-sm\'>1.保护用户个人信息是乐享部落的一项基本原则，乐享部落将会采取合理的措施保护用户的个人信息。除法律法规规定及用户授权的情形外，未经用户许可乐享部落不会向任何第三方公开、透露用户个人信息。</div>\r\n    <div class=\'margin-top-sm\'>2.用户在登录账号或使用本服务的过程中，可能需要填写一些必要的信息。若用户填写的信息不真实或不完整，则可能无法正常使用本服务。</div>\r\n    <div class=\'margin-top-sm\'>3.一般情况下，用户可随时浏览、修改自己提交的信息，但出于安全性和身份识别的考虑，用户可能无法修改注册时提供的初始注册信息及其他验证信息。</div>\r\n    <div class=\'margin-top-sm\'>4.乐享部落将运用各种安全技术和程序建立完善的管理制度来保护用户的个人信息，以免遭受未经授权的访问、使用或披露。</div>\r\n    <div class=\'margin-top-sm text-lg text-bold\'>七、授权事项及行为规范</div>\r\n    <div class=\'margin-top-sm\'>1.授权事项</div>\r\n    <div class=\'margin-top-sm\'>（1）用户充分理解并同意：用户在使用本服务时，可能需要使用用户终端设备的相关权限、接口及相关设备信息等才能实现相应的功能。</div>\r\n    <div class=\'margin-top-sm\'>（2）用户可以选择不向乐享部落提供用户的某些信息，但因此可能会导致相关服务功能无法实现。</div>\r\n    <div class=\'margin-top-sm\'>（3）为实现本协议目的为合作伙伴及用户提供更加优质、安全的服务，用户同意并明示授权乐享部落及其关联公司对用户的相关个人信息进行查询、验证、存储、处理并在约定范围内使用（提供给用户已授权的合作伙伴对用户进行信用评估及参考使用）。乐享部落及其关联公司对用户的个人信息进行严格保密。本协议项下的授权为不可撤销的授权。</div>\r\n    <div class=\'margin-top-sm\'>（4）用户知晓并明示授权同意乐享部落及其关联公司依据相关法律法规的规定，受合作伙伴委托向第三方征信机构或数据机构等合法查询、验证、审核用户信息，上述信息包括但不限于个人基本信息、特征信息（包括但不限于用户的法院失信信息、网络失信信息、是否为羊毛党信息、是否曾使用通讯小号及可疑设备信息等）、关联信息（即用户的身份证信息、手机号、手机设备及银行卡之间的关联关系，以判断用户信息是否有异常，该关联关系不涉及具体的个人敏感信息）、借贷交易信息、网络投资理财信息、公积金信息、公用事业信息、央行征信报告、个人网络数据信息等合作伙伴需要验证或参考使用的相关用户信息。乐享部落具体查询、验证及审核的信息最终以合作伙伴需要验证、需要参考使用及实际验证与使用的信息为准。乐享部落对所获取的信息，仅在用户与合作伙伴之间有关个人信用信息评估等合作伙伴业务相关工作中使用。乐享部落及其关联公司将对所获取的信息向该合作伙伴进行提供，除此之外，未经用户授权，乐享部落及其关联公司不得也不会向其他机构或个人泄露、披露或提供用户的信息</div>\r\n    <div class=\'margin-top-sm\'>2.用户禁止行为除非法律允许或乐享部落书面许可，用户不得从事下列行为：</div>\r\n    <div class=\'margin-top-sm\'>（1）删除本应用程序及其副本上关于著作权的信息。</div>\r\n    <div class=\'margin-top-sm\'>（2）对本应用程序进行反向工程、反向汇编、反向编译，或者以其他方式尝试发现本应用程序的源代码。</div>\r\n    <div class=\'margin-top-sm\'>（3）对乐享部落拥有知识产权的内容进行使用、出租、出借、复制、修改、链接、转载、汇编、发表、出版等。</div>\r\n    <div class=\'margin-top-sm\'>（4）通过修改或伪造应用程序运行中的指令、数据，增加、删减、变动应用程序的功能或运行效果，或者将用于上述用途的应用程序、方法进行运营或向公众传播，无论这些行为是否为商业目的。</div>\r\n    <div class=\'margin-top-sm\'>（5）自行、授权他人或利用第三方应用程序对本应用程序及其组件、模块、数据等进行干扰。</div>\r\n    <div class=\'margin-top-sm\'>（6）其他未经乐享部落明示授权的行为。</div>\r\n    <div class=\'margin-top-sm\'>3.对自己行为负责用户充分了解并同意，用户必须为自己对合作伙伴的授权（包括但不限于授权方式、授权内容及授权期限等）以及其账户下的相关行为负责。乐享部落会督促合作伙伴获取用户的授权后方能对相关信息进行查询、验证或使用并要求合作伙伴对用户的信息进行严格保密，但用户应对使用本服务时接触到的内容自行加以判断，如对授权相关事项及信息安全有任何异议或争议的，应立即停止使用本服务。乐享部落无法且不会对用户与合作伙伴之间的任何争议或纠纷而承担责任，用户未按约定要求立即停止使用本服务的，乐享部落对非因乐享部落的原因而产生的任何风险或损失将不承担任何责任。</div>\r\n    <div class=\'margin-top-sm text-lg text-bold\'>八、知识产权声明</div>\r\n    <div class=\'margin-top-sm\'>1.乐享部落是本应用程序的知识产权权利人。本应用程序的著作权、商标权、专利权、商业秘密等知识产权，以及与本应用程序相关的所有信息内容（包括但不限于文字、图片、音频、视频、图表、界面设计、版面框架、有关数据或电子文档等）均受中华人民共和国法律法规和相应的国际条约保护，乐享部落依法享有上述相关知识产权，但相关权利人依照法律规定应享有的权利除外。</div>\r\n    <div class=\'margin-top-sm\'>2.未经乐享部落或相关权利人书面同意，用户不得为任何商业或非商业目的自行或许可任何第三方实施、利用、转让上述知识产权。</div>\r\n    <div class=\'margin-top-sm text-lg text-bold\'>九、终端安全责任</div>\r\n    <div class=\'margin-top-sm\'>1.用户理解并同意，本应用程序或本服务同大多数互联网应用程序、服务一样，可能会受多种因素影响（包括但不限于用户原因、网络服务质量、社会环境等）；也可能会受各种安全问题的侵扰（包括但不限于他人非法利用用户资料，进行现实中的骚扰；用户下载安装的其他应用程序或访问的其他网站中可能含有病毒、木马程序或其他恶意程序，威胁用户终端的信息和数据的安全，继而影响本应用程序、本服务的正常使用等）。因此，用户应加强信息安全及个人信息的保护意识，注意密码保护，以免遭受损失。出现上述情况时乐享部落将努力在第一时间与相关方配合，及时进行修复，但是由此给用户造成的损失乐享部落在法律允许的范围内免责。</div>\r\n    <div class=\'margin-top-sm\'>2.用户不得制作、发布、使用、传播用于窃取乐享部落账号及他人个人信息、财产的恶意程序。</div>\r\n    <div class=\'margin-top-sm\'>3.维护应用程序安全与正常使用是乐享部落和用户的共同责任，乐享部落将按照行业标准合理审慎地采取必要技术措施保护用户的终端信息和数据安全。</div>\r\n    <div class=\'margin-top-sm\'>4.维护应用程序安全与正常使用是乐享部落和用户的共同责任，乐享部落将按照行业标准合理审慎地采取必要技术措施保护用户的终端信息和数据安全。</div>\r\n    <div class=\'margin-top-sm\'>(1) 受到计算机病毒、木马或其他恶意程序、黑客攻击的破坏。</div>\r\n    <div class=\'margin-top-sm\'>(2) 用户或乐享部落的电脑软件、系统、硬件和通信线路出现故障。</div>\r\n    <div class=\'margin-top-sm\'>(3) 用户操作不当。</div>\r\n    <div class=\'margin-top-sm\'>(4) 用户通过非乐享部落授权的方式使用本服务。</div>\r\n    <div class=\'margin-top-sm\'>(5) 其他乐享部落无法控制或合理预见的情形。</div>\r\n    <div class=\'margin-top-sm text-lg text-bold\'>十、不可抗力及合理免责</div>\r\n    <div class=\'margin-top-sm\'>“不可抗力”是指在本协议签订后发生的、受影响一方无法预见、无法避免并无法克服的客观情况。此等事件包括但不限于水灾、火灾、旱灾、台风、地震及其它自然灾害、罢工、骚动、暴乱及战争以及政府部门的作为或不作为、法律法规或政策调整、数据来源变更(包括但不限于其服务内容及形式的变更)、国内数据渠道瘫痪、黑客攻击、计算机病毒侵入、新型病毒爆发、因电信运营商问题导致网络中断服务器不可访问、停电、系统故障、传输线路、通信故障等乐享部落无法控制的因素。因受不可抗力影响而不能履行或不能完全履行本协议的不视为违约，不应承担相应违约责任 。</div>\r\n    <div class=\'margin-top-sm text-lg text-bold\'>十一、其他</div>\r\n    <div class=\'margin-top-sm\'>1.用户使用本应用程序或本服务即视为用户已阅读并同意受本协议的约束。乐享部落有权在必要时修改本协议条款。用户可以在本应用程序、本服务的最新版本中查阅相关协议条款。本协议条款变更后，如果用户继续登录、使用本应用程序、本服务，即视为用户已接受修改后的协议。如果用户不接受修改后的协议，应当停止使用本应用程序。</div>\r\n    <div class=\'margin-top-sm\'>2.本协议的成立、生效、履行、解释及纠纷解决，适用中华人民共和国大陆地区法律（不包括冲突法）。</div>\r\n    <div class=\'margin-top-sm\'>3.若用户和乐享部落之间发生任何纠纷或争议，首先应友好协商解决；协商不成的，用户同意将纠纷或争议提交被告方所在地人民法院管辖。</div>\r\n    <div class=\'margin-top-sm\'>4.本协议所有条款的标题仅为阅读方便，本身并无实际涵义，不能作为本协议涵义解释的依据。5. 本协议条款无论因何种原因部分无效或不可执行，其余条款仍有效，对双方具有约束力。</div>\r\n  </div>');
INSERT INTO `app_configuration` VALUES (5, '乐享卡说明', 'asasasasasasasa');

-- ----------------------------
-- Table structure for app_cooperation
-- ----------------------------
DROP TABLE IF EXISTS `app_cooperation`;
CREATE TABLE `app_cooperation`  (
  `id` int(11) NOT NULL AUTO_INCREMENT COMMENT 'id',
  `user_id` int(11) NOT NULL COMMENT 'user_id',
  `hisName` varchar(10) CHARACTER SET utf8mb4 COLLATE utf8mb4_0900_ai_ci NOT NULL COMMENT '姓名',
  `phone` varchar(11) CHARACTER SET utf8mb4 COLLATE utf8mb4_0900_ai_ci NOT NULL COMMENT '手机',
  `address` varchar(50) CHARACTER SET utf8mb4 COLLATE utf8mb4_0900_ai_ci NOT NULL COMMENT '商家地址',
  `application_time` datetime(0) NOT NULL COMMENT '申请时间',
  `status` int(11) NOT NULL COMMENT '状态 1.未处理   2.有意向   3.已处理',
  PRIMARY KEY (`id`) USING BTREE
) ENGINE = InnoDB AUTO_INCREMENT = 13 CHARACTER SET = utf8mb4 COLLATE = utf8mb4_0900_ai_ci ROW_FORMAT = Dynamic;

-- ----------------------------
-- Records of app_cooperation
-- ----------------------------
INSERT INTO `app_cooperation` VALUES (1, 100001, 'q', '13361651265', '江西省九江市庐山市紫阳南路27号', '2020-04-28 15:51:19', 2);
INSERT INTO `app_cooperation` VALUES (2, 100001, '何伟伟', '13336137215', '江西省九江市庐山市212省道', '2020-04-28 15:55:29', 1);
INSERT INTO `app_cooperation` VALUES (3, 100001, '123', '13544612515', '江西省九江市', '2020-04-28 20:02:43', 1);
INSERT INTO `app_cooperation` VALUES (4, 100001, '1', '13521321321', '江西省九江市', '2020-04-30 15:16:37', 1);
INSERT INTO `app_cooperation` VALUES (5, 100001, 'hww', '18218526515', '江西省九江市庐山市紫阳南路27号', '2020-04-30 15:21:03', 1);
INSERT INTO `app_cooperation` VALUES (6, 100001, '何伟伟', '15797946464', '江西省九江市庐山市506省道', '2020-04-30 15:22:15', 1);
INSERT INTO `app_cooperation` VALUES (7, 100001, '1', '13336137201', '江西省九江市庐山市紫阳南路27号', '2020-05-02 20:53:32', 1);
INSERT INTO `app_cooperation` VALUES (8, 100001, 'hvv', '13336137215', '江西省九江市庐山市紫阳南路27号', '2020-05-02 21:06:35', 1);
INSERT INTO `app_cooperation` VALUES (9, 100001, '何伟伟', '18888488484', '江西省九江市庐山市紫阳南路27号', '2020-05-04 15:15:07', 1);
INSERT INTO `app_cooperation` VALUES (10, 100001, '何伟伟', '13336137215', '江西省九江市庐山市紫阳南路27号', '2020-05-12 23:33:08', 1);
INSERT INTO `app_cooperation` VALUES (11, 100001, '何伟伟', '13336137152', '江西省九江市庐山市紫阳南路27号', '2020-05-12 23:34:28', 1);
INSERT INTO `app_cooperation` VALUES (12, 100001, '你麻痹', '15154545454', '1', '2020-05-13 08:14:43', 1);

-- ----------------------------
-- Table structure for app_hotel
-- ----------------------------
DROP TABLE IF EXISTS `app_hotel`;
CREATE TABLE `app_hotel`  (
  `id` int(11) NOT NULL AUTO_INCREMENT COMMENT 'id',
  `hotel_name` varchar(50) CHARACTER SET utf8mb4 COLLATE utf8mb4_0900_ai_ci NOT NULL COMMENT '酒店名',
  `address` varchar(100) CHARACTER SET utf8mb4 COLLATE utf8mb4_0900_ai_ci NOT NULL COMMENT '酒店地址',
  `longitude` decimal(10, 6) NOT NULL DEFAULT 0.000000 COMMENT '经度',
  `latitude` decimal(10, 6) NOT NULL DEFAULT 0.000000 COMMENT '纬度',
  PRIMARY KEY (`id`) USING BTREE
) ENGINE = InnoDB AUTO_INCREMENT = 9 CHARACTER SET = utf8mb4 COLLATE = utf8mb4_0900_ai_ci ROW_FORMAT = Dynamic;

-- ----------------------------
-- Records of app_hotel
-- ----------------------------
INSERT INTO `app_hotel` VALUES (1, '庐山铭佳温泉养生酒店', '江西省九江市庐山市温泉镇212省道庐山温泉华侨度假村(近东林大佛景点)', 115.920621, 29.415923);
INSERT INTO `app_hotel` VALUES (2, '宜春鑫达温泉酒店', '江西省宜春市袁州区明月山风景区温汤镇温泉路213号', 114.294381, 27.690481);
INSERT INTO `app_hotel` VALUES (3, '婺源清华婺商务酒店', '江西省上饶市婺源县星江路57号', 117.864144, 29.247629);
INSERT INTO `app_hotel` VALUES (4, '海南三亚顺龙养生苑', '海南省三亚市吉阳区吉阳镇欧家园一巷48号', 109.554676, 18.236515);
INSERT INTO `app_hotel` VALUES (5, '海南三亚大东海酒店', '海南省三亚市吉阳区榆亚路139号', 109.528361, 18.223726);
INSERT INTO `app_hotel` VALUES (6, '三亚海棠麓湖度假酒店', '海南省三亚市海棠区海棠湾区湾坡路108号', 109.692585, 18.305875);

-- ----------------------------
-- Table structure for app_hotelreservation
-- ----------------------------
DROP TABLE IF EXISTS `app_hotelreservation`;
CREATE TABLE `app_hotelreservation`  (
  `id` varchar(50) CHARACTER SET utf8mb4 COLLATE utf8mb4_0900_ai_ci NOT NULL COMMENT 'id',
  `hotel_id` int(11) NOT NULL COMMENT '酒店id',
  `user_id` int(11) NOT NULL COMMENT '用户id',
  `arrival_time` date NOT NULL COMMENT '达到时间',
  `reservation_time` datetime(0) NOT NULL COMMENT '预约时间',
  `amount` int(8) NOT NULL COMMENT '预约人数',
  `hisName` varchar(10) CHARACTER SET utf8mb4 COLLATE utf8mb4_0900_ai_ci NOT NULL COMMENT '姓名',
  `phone` varchar(11) CHARACTER SET utf8mb4 COLLATE utf8mb4_0900_ai_ci NOT NULL COMMENT '电话',
  `remarks` varchar(200) CHARACTER SET utf8mb4 COLLATE utf8mb4_0900_ai_ci NULL DEFAULT NULL COMMENT '备注',
  `status` int(11) NOT NULL COMMENT '状态',
  PRIMARY KEY (`id`) USING BTREE
) ENGINE = InnoDB CHARACTER SET = utf8mb4 COLLATE = utf8mb4_0900_ai_ci ROW_FORMAT = Dynamic;

-- ----------------------------
-- Records of app_hotelreservation
-- ----------------------------
INSERT INTO `app_hotelreservation` VALUES ('10', 1, 100001, '2020-04-30', '2020-04-30 13:03:22', 1, '记得记得', '18764646464', '', 3);
INSERT INTO `app_hotelreservation` VALUES ('2', 2, 100001, '2020-04-30', '2020-04-30 10:57:08', 2, 'hvv', '13515256165', '123', 3);
INSERT INTO `app_hotelreservation` VALUES ('202005031445322081', 1, 100001, '2020-05-03', '2020-05-03 14:45:32', 2, '何伟伟', '13336137215', '', 2);
INSERT INTO `app_hotelreservation` VALUES ('202005121211334843', 3, 100023, '2020-05-12', '2020-05-12 12:11:33', 2, '……', '13800000001', '', 3);
INSERT INTO `app_hotelreservation` VALUES ('202005130906116493', 3, 100001, '2020-05-12', '2020-05-12 09:06:12', 2, 'hww', '13336137215', '', 3);
INSERT INTO `app_hotelreservation` VALUES ('202005151200112835', 5, 100008, '2020-04-13', '2020-04-19 04:00:00', 66, 'vvvv', '1524523658', 'bbbb', 3);
INSERT INTO `app_hotelreservation` VALUES ('202005160904276391', 1, 100001, '2020-05-16', '2020-05-16 09:04:28', 2, '何伟伟', '13336137215', '曹尼玛逼', 3);
INSERT INTO `app_hotelreservation` VALUES ('202005180849152682', 2, 100001, '2020-05-18', '2020-05-18 08:49:15', 3, 'cao\'ni\'ma\'', '13151125622', '', 3);
INSERT INTO `app_hotelreservation` VALUES ('202005191041449042', 2, 100017, '2020-06-18', '2020-05-19 10:41:45', 1, '谷献', '13507328838', '', 1);
INSERT INTO `app_hotelreservation` VALUES ('3', 1, 100001, '2020-04-30', '2020-04-30 10:58:16', 1, '2', '13454324532', '123432124', 3);
INSERT INTO `app_hotelreservation` VALUES ('4', 2, 100001, '2020-04-30', '2020-04-30 10:59:43', 2, '何伟伟', '13336137215', '操你妈逼', 3);
INSERT INTO `app_hotelreservation` VALUES ('5', 6, 100001, '2020-04-30', '2020-04-30 13:02:01', 2, '想你', '15787676499', '', 3);
INSERT INTO `app_hotelreservation` VALUES ('6', 5, 100001, '2020-04-30', '2020-04-30 13:02:13', 3, '呵呵', '18576646464', '', 3);
INSERT INTO `app_hotelreservation` VALUES ('7', 4, 100001, '2020-04-30', '2020-04-30 13:02:25', 3, '记得记得', '13757879494', '', 3);
INSERT INTO `app_hotelreservation` VALUES ('8', 3, 100001, '2020-04-30', '2020-04-30 13:02:51', 3, '一', '18764649494', '', 3);

-- ----------------------------
-- Table structure for app_identity
-- ----------------------------
DROP TABLE IF EXISTS `app_identity`;
CREATE TABLE `app_identity`  (
  `id` int(11) NOT NULL AUTO_INCREMENT COMMENT 'id',
  `identity` varchar(255) CHARACTER SET utf8mb4 COLLATE utf8mb4_0900_ai_ci NOT NULL COMMENT '身份',
  `image` varchar(255) CHARACTER SET utf8mb4 COLLATE utf8mb4_0900_ai_ci NOT NULL COMMENT '图片',
  `banner` varchar(255) CHARACTER SET utf8mb4 COLLATE utf8mb4_0900_ai_ci NOT NULL COMMENT 'banner图',
  `price` int(11) NOT NULL COMMENT '价格',
  PRIMARY KEY (`id`) USING BTREE
) ENGINE = InnoDB AUTO_INCREMENT = 3 CHARACTER SET = utf8mb4 COLLATE = utf8mb4_0900_ai_ci ROW_FORMAT = Dynamic;

-- ----------------------------
-- Records of app_identity
-- ----------------------------
INSERT INTO `app_identity` VALUES (1, '乐享创业者', 'https://www.xinglintang.net/app_images/chuangyerenbg.png', 'https://www.xinglintang.net/app_images/chuangyerenshouyi.png\r', 69900);
INSERT INTO `app_identity` VALUES (2, '乐享城主', 'https://www.xinglintang.net/app_images/chengzhubg.png', 'https://www.xinglintang.net/app_images/chengzhushouyi.png\r', 10000000);

-- ----------------------------
-- Table structure for app_identityIntroduction
-- ----------------------------
DROP TABLE IF EXISTS `app_identityIntroduction`;
CREATE TABLE `app_identityIntroduction`  (
  `id` int(11) NOT NULL AUTO_INCREMENT COMMENT 'id',
  `identity_id` int(11) NOT NULL COMMENT 'identity_id',
  `title` varchar(255) CHARACTER SET utf8mb4 COLLATE utf8mb4_0900_ai_ci NOT NULL COMMENT '标题',
  `minitile` varchar(255) CHARACTER SET utf8mb4 COLLATE utf8mb4_0900_ai_ci NOT NULL COMMENT '小标题',
  `detail` varchar(255) CHARACTER SET utf8mb4 COLLATE utf8mb4_0900_ai_ci NOT NULL COMMENT '介绍',
  PRIMARY KEY (`id`) USING BTREE
) ENGINE = InnoDB AUTO_INCREMENT = 11 CHARACTER SET = utf8mb4 COLLATE = utf8mb4_0900_ai_ci ROW_FORMAT = Dynamic;

-- ----------------------------
-- Records of app_identityIntroduction
-- ----------------------------
INSERT INTO `app_identityIntroduction` VALUES (1, 1, '卖卡业绩5%的销售提成', '利益分析', '7500元/月（月完成15万）');
INSERT INTO `app_identityIntroduction` VALUES (2, 1, '5%的创业基金', '利益分析', '7500元/月（月完成15万）');
INSERT INTO `app_identityIntroduction` VALUES (3, 1, '季度累计完成90万总额5%奖励', '利益分析', '15000元/月（季度完成90万）');
INSERT INTO `app_identityIntroduction` VALUES (4, 1, '工作室商家平台展样费', '利益分析', '30000元/月（工作室每月展样100个产品，展样费200-500元/个）');
INSERT INTO `app_identityIntroduction` VALUES (5, 1, '所推荐的人每月平台消费额2%的消费分成', '利益分析', '6000元/月（200人*1500元/月*2%）');
INSERT INTO `app_identityIntroduction` VALUES (6, 1, '展样商家销售分成', '利益分析', '资源共享，利润共享');
INSERT INTO `app_identityIntroduction` VALUES (7, 2, '乐享生活卡7折进卡', '130*3000元/张（39万/年）', ' ');
INSERT INTO `app_identityIntroduction` VALUES (8, 2, '城市“居民”平台4%月消费分成', '直售任务：120*1000/月*12=144万', '微信分享：300*1000元/月*12=360万（20.16万/年）');
INSERT INTO `app_identityIntroduction` VALUES (9, 2, '创业人管理奖2%', '创业人拓客：5*15人*12=900人', ' 900*1000元/月*12=1080万*2%=21.6万（21.6万）');
INSERT INTO `app_identityIntroduction` VALUES (10, 2, ' 年终1%平台消费总额城主共享分红', '1584万*1%（15.84万/年）', ' ');

-- ----------------------------
-- Table structure for app_menu
-- ----------------------------
DROP TABLE IF EXISTS `app_menu`;
CREATE TABLE `app_menu`  (
  `id` int(11) NOT NULL AUTO_INCREMENT,
  `text` varchar(20) CHARACTER SET utf8mb4 COLLATE utf8mb4_0900_ai_ci NOT NULL COMMENT '菜单文本',
  `img_url` varchar(255) CHARACTER SET utf8mb4 COLLATE utf8mb4_0900_ai_ci NOT NULL COMMENT '图片地址',
  `jump_page` varchar(30) CHARACTER SET utf8mb4 COLLATE utf8mb4_0900_ai_ci NULL DEFAULT NULL COMMENT '跳转页面名',
  `current_page` varchar(30) CHARACTER SET utf8mb4 COLLATE utf8mb4_0900_ai_ci NOT NULL COMMENT '此菜单所在页面',
  `status` int(11) NOT NULL COMMENT '1显示 0隐藏',
  PRIMARY KEY (`id`) USING BTREE
) ENGINE = InnoDB AUTO_INCREMENT = 17 CHARACTER SET = utf8mb4 COLLATE = utf8mb4_0900_ai_ci ROW_FORMAT = Dynamic;

-- ----------------------------
-- Records of app_menu
-- ----------------------------
INSERT INTO `app_menu` VALUES (1, '在线商城', 'https://www.xinglintang.net/app_images/mall.png', 'mall', 'home', 1);
INSERT INTO `app_menu` VALUES (2, '积分兑换', 'https://www.xinglintang.net/app_images/redeem.png', 'exchangeMall', 'home', 1);
INSERT INTO `app_menu` VALUES (3, '乐享酒店', 'https://www.xinglintang.net/app_images/hotelReservation.png', 'hotel', 'home', 1);
INSERT INTO `app_menu` VALUES (4, '乐享生活', 'https://www.xinglintang.net/app_images/myLife.png', 'article', 'home', 1);
INSERT INTO `app_menu` VALUES (5, '我的预约', 'https://www.xinglintang.net/app_images/myAppointment.png', 'myAppointment', 'mine', 1);
INSERT INTO `app_menu` VALUES (6, '我的收藏', 'https://www.xinglintang.net/app_images/myCollection.png', 'myCollection', 'mine', 1);
INSERT INTO `app_menu` VALUES (7, '我的信息', 'https://www.xinglintang.net/app_images/myInformation.png', 'myInformation', 'mine', 1);
INSERT INTO `app_menu` VALUES (8, '我的房券', 'https://www.xinglintang.net/app_images/coupon.png', 'roomTicket', 'mine', 1);
INSERT INTO `app_menu` VALUES (9, '附近门店', 'https://www.xinglintang.net/app_images/nearbyStores.png', 'store', 'mine', 1);
INSERT INTO `app_menu` VALUES (10, '门店合作', 'https://www.xinglintang.net/app_images/merchantsSettled.png', 'cooperation', 'mine', 1);
INSERT INTO `app_menu` VALUES (11, '其他', 'https://www.xinglintang.net/app_images/other.png', 'other', 'mine', 1);
INSERT INTO `app_menu` VALUES (12, '待支付', 'https://www.xinglintang.net/app_images/waitPay.png', NULL, 'order', 1);
INSERT INTO `app_menu` VALUES (13, '待发货', 'https://www.xinglintang.net/app_images/waitDelivered.png', NULL, 'order', 1);
INSERT INTO `app_menu` VALUES (14, '待收货', 'https://www.xinglintang.net/app_images/waitReceived.png', NULL, 'order', 1);
INSERT INTO `app_menu` VALUES (15, '待评价', 'https://www.xinglintang.net/app_images/waitComment.png', NULL, 'order', 1);
INSERT INTO `app_menu` VALUES (16, '售后/退款', 'https://www.xinglintang.net/app_images/afterSale.png', NULL, 'order', 1);

-- ----------------------------
-- Table structure for app_order
-- ----------------------------
DROP TABLE IF EXISTS `app_order`;
CREATE TABLE `app_order`  (
  `id` int(11) NOT NULL AUTO_INCREMENT COMMENT 'id',
  `order_sn` varchar(32) CHARACTER SET utf8mb4 COLLATE utf8mb4_0900_ai_ci NOT NULL COMMENT '订单编号',
  `order_status` int(11) NOT NULL COMMENT '订单状态',
  `user_id` int(11) NOT NULL COMMENT '用户id',
  `contact` varchar(20) CHARACTER SET utf8mb4 COLLATE utf8mb4_0900_ai_ci NOT NULL COMMENT '收货人',
  `phone` varchar(25) CHARACTER SET utf8mb4 COLLATE utf8mb4_0900_ai_ci NOT NULL COMMENT '联系电话',
  `province` varchar(20) CHARACTER SET utf8mb4 COLLATE utf8mb4_0900_ai_ci NULL DEFAULT NULL COMMENT '省',
  `city` varchar(20) CHARACTER SET utf8mb4 COLLATE utf8mb4_0900_ai_ci NULL DEFAULT NULL COMMENT '市',
  `county` varchar(20) CHARACTER SET utf8mb4 COLLATE utf8mb4_0900_ai_ci NULL DEFAULT NULL COMMENT '区',
  `address` varchar(50) CHARACTER SET utf8mb4 COLLATE utf8mb4_0900_ai_ci NULL DEFAULT NULL COMMENT '地址',
  `store_id` int(11) NULL DEFAULT NULL COMMENT '店铺id',
  `pay_price` int(25) NULL DEFAULT NULL COMMENT '支付金额',
  `pay_integral` int(25) NULL DEFAULT NULL COMMENT '支付积分',
  `postage` int(25) NULL DEFAULT NULL COMMENT '邮费',
  `creat_time` datetime(0) NULL DEFAULT NULL COMMENT '创建时间',
  `pay_time` datetime(0) NULL DEFAULT NULL COMMENT '支付时间',
  `receipt_time` datetime(0) NULL DEFAULT NULL COMMENT '收货时间',
  `kind` int(11) NOT NULL COMMENT '1自取2快递',
  `pay_id` varchar(64) CHARACTER SET utf8mb4 COLLATE utf8mb4_0900_ai_ci NULL DEFAULT NULL COMMENT '付款流水id',
  `get_token` varchar(50) CHARACTER SET utf8mb4 COLLATE utf8mb4_0900_ai_ci NULL DEFAULT NULL COMMENT '自取件取件token',
  `token_time` datetime(0) NULL DEFAULT NULL COMMENT 'token时间',
  `category` int(11) NOT NULL COMMENT '1积分订单2普通订单',
  `courier_company` varchar(255) CHARACTER SET utf8mb4 COLLATE utf8mb4_0900_ai_ci NULL DEFAULT NULL COMMENT '快递公司',
  `courier_number` varchar(255) CHARACTER SET utf8mb4 COLLATE utf8mb4_0900_ai_ci NULL DEFAULT NULL COMMENT '快递单号',
  PRIMARY KEY (`id`) USING BTREE
) ENGINE = InnoDB AUTO_INCREMENT = 48 CHARACTER SET = utf8mb4 COLLATE = utf8mb4_0900_ai_ci ROW_FORMAT = Dynamic;

-- ----------------------------
-- Records of app_order
-- ----------------------------
INSERT INTO `app_order` VALUES (9, '20200515090344100001', 3, 100001, '何伟伟', '13336137215', NULL, NULL, NULL, NULL, 1, NULL, 1500, 0, '2020-05-15 09:03:45', '2020-05-15 09:03:45', NULL, 1, NULL, NULL, NULL, 1, NULL, NULL);
INSERT INTO `app_order` VALUES (13, '20200515091935100001', 3, 100001, '何伟伟', '15151513212', NULL, NULL, NULL, NULL, 1, NULL, 36800, 0, '2020-05-15 09:19:35', '2020-05-15 09:19:35', NULL, 1, NULL, NULL, NULL, 1, NULL, NULL);
INSERT INTO `app_order` VALUES (14, '20200516092048100001', 2, 100001, '何伟伟', '13336137215', NULL, NULL, NULL, NULL, NULL, NULL, 36800, 0, '2020-05-16 21:20:49', NULL, NULL, 1, NULL, NULL, NULL, 1, NULL, NULL);
INSERT INTO `app_order` VALUES (15, '20200516092229100001', 2, 100001, '何伟伟', '13336137215', NULL, NULL, NULL, NULL, NULL, NULL, 1500, 0, '2020-05-16 21:22:29', NULL, NULL, 1, NULL, NULL, NULL, 1, NULL, NULL);
INSERT INTO `app_order` VALUES (16, '10000120200518080549', 3, 100001, 'hww', '13336137215', NULL, NULL, NULL, NULL, 1, NULL, 36800, 0, '2020-05-18 08:05:49', '2020-05-18 08:05:49', NULL, 1, NULL, NULL, NULL, 1, NULL, NULL);
INSERT INTO `app_order` VALUES (17, '10000120200518080640', 3, 100001, '何伟伟', '13336137215', NULL, NULL, NULL, NULL, 1, NULL, 328000, 0, '2020-05-18 08:06:40', '2020-05-18 08:06:40', NULL, 1, NULL, NULL, NULL, 1, NULL, NULL);
INSERT INTO `app_order` VALUES (18, '10000120200518083809', 3, 100001, '何伟伟', '13336137215', NULL, NULL, NULL, NULL, 1, NULL, 328000, 0, '2020-05-18 08:38:09', '2020-05-18 08:38:09', NULL, 1, NULL, NULL, NULL, 1, NULL, NULL);
INSERT INTO `app_order` VALUES (19, '10000120200518083830', 3, 100001, '何伟伟', '13336137215', NULL, NULL, NULL, NULL, 1, NULL, 328000, 0, '2020-05-18 08:38:30', '2020-05-18 08:38:30', NULL, 1, NULL, NULL, NULL, 1, NULL, NULL);
INSERT INTO `app_order` VALUES (20, '10000120200518122509', 3, 100001, 'hww', '13131313131', NULL, NULL, NULL, NULL, 1, NULL, 32800, 0, '2020-05-18 12:25:09', '2020-05-18 12:25:09', NULL, 1, NULL, NULL, NULL, 1, NULL, NULL);
INSERT INTO `app_order` VALUES (21, '10000120200518122644', 3, 100001, 'hww', '13113131313', NULL, NULL, NULL, NULL, 1, NULL, 32800, 0, '2020-05-18 12:26:44', '2020-05-18 12:26:44', NULL, 1, NULL, 'dd96ee0c8b88451495435c', '2020-05-18 15:32:19', 1, NULL, NULL);
INSERT INTO `app_order` VALUES (22, '10000120200518040037', 2, 100001, '张三', '13336137215', '广东省', '广州市', '海珠区', '新港中路397号', 3, NULL, 18000, 1000, '2020-05-18 16:00:37', '2020-05-18 16:00:37', NULL, 2, NULL, NULL, NULL, 1, NULL, NULL);
INSERT INTO `app_order` VALUES (23, '10000120200519080441', 3, 100001, '何伟伟', '13336137215', NULL, NULL, NULL, NULL, 1, NULL, 147200, 0, '2020-05-19 08:04:42', '2020-05-19 08:04:42', NULL, 1, NULL, NULL, NULL, 1, NULL, NULL);
INSERT INTO `app_order` VALUES (24, '10000120200519082548', 3, 100001, '何伟伟', '13218272827', NULL, NULL, NULL, NULL, 1, NULL, 184000, 0, '2020-05-19 08:25:49', '2020-05-19 08:25:49', NULL, 1, NULL, 'd623fedb21a64d7a908448', '2020-05-19 08:26:07', 1, NULL, NULL);
INSERT INTO `app_order` VALUES (25, '10000120200519085744', 3, 100001, '何伟伟', '13336137215', NULL, NULL, NULL, NULL, 1, NULL, 257600, 0, '2020-05-19 08:57:45', '2020-05-19 08:57:45', NULL, 1, NULL, NULL, NULL, 1, NULL, NULL);
INSERT INTO `app_order` VALUES (26, '10000120200519090220', 3, 100001, '何伟伟', '15151564165', NULL, NULL, NULL, NULL, 1, NULL, 73600, 0, '2020-05-19 09:02:21', '2020-05-19 09:02:21', NULL, 1, NULL, NULL, NULL, 1, NULL, NULL);
INSERT INTO `app_order` VALUES (27, '10000120200519090315', 3, 100001, '1', '13131334232', NULL, NULL, NULL, NULL, 1, NULL, 32800, 0, '2020-05-19 09:03:15', '2020-05-19 09:03:15', NULL, 1, NULL, NULL, NULL, 1, NULL, NULL);
INSERT INTO `app_order` VALUES (28, '10000120200519094752', 3, 100001, 'hww', '13336137215', NULL, NULL, NULL, NULL, 1, NULL, 36800, 0, '2020-05-19 09:47:52', '2020-05-19 09:47:52', NULL, 1, NULL, NULL, NULL, 1, NULL, NULL);
INSERT INTO `app_order` VALUES (29, '10000920200519095004', 3, 100009, '刘振兴', '18079296733', NULL, NULL, NULL, NULL, 1, NULL, 36800, 0, '2020-05-19 09:50:04', '2020-05-19 09:50:04', NULL, 1, NULL, 'a4cae173b88b48a79a84b3', '2020-05-19 14:53:31', 1, NULL, NULL);
INSERT INTO `app_order` VALUES (30, '10000120200519095321', 2, 100001, '张三', '13336131313', '广东省', '广州市', '海珠区', '新港中路397号', 3, NULL, 18000, 1000, '2020-05-19 09:53:22', '2020-05-19 09:53:22', NULL, 2, NULL, NULL, NULL, 1, NULL, NULL);
INSERT INTO `app_order` VALUES (31, '10001820200519100423', 3, 100018, '刘东平', '18902211119', NULL, NULL, NULL, NULL, 1, NULL, 36800, 0, '2020-05-19 10:04:23', '2020-05-19 10:04:23', NULL, 1, NULL, '9aed5e56b2b7484595ba59', '2020-05-19 10:15:12', 1, NULL, NULL);
INSERT INTO `app_order` VALUES (32, '10000420200519100605', 3, 100004, '林强', '13907928327', NULL, NULL, NULL, NULL, 1, NULL, 36800, 0, '2020-05-19 10:06:06', '2020-05-19 10:06:06', NULL, 1, NULL, '55f5186126154f289accd5', '2020-05-20 10:11:05', 1, NULL, NULL);
INSERT INTO `app_order` VALUES (33, '10001120200519101414', 3, 100011, '谢勇', '18874799393', NULL, NULL, NULL, NULL, 1, NULL, 36800, 0, '2020-05-19 10:14:14', '2020-05-19 10:14:14', NULL, 1, NULL, NULL, NULL, 1, NULL, NULL);
INSERT INTO `app_order` VALUES (34, '10001720200519102115', 3, 100017, '谷献', '13507328838', NULL, NULL, NULL, NULL, 1, NULL, 36800, 0, '2020-05-19 10:21:15', '2020-05-19 10:21:15', NULL, 1, NULL, 'dc0ea891318746469baa00', '2020-05-19 10:35:05', 1, NULL, NULL);
INSERT INTO `app_order` VALUES (35, '10001820200519102247', 3, 100018, '刘东平', '18902211119', NULL, NULL, NULL, NULL, 3, NULL, 18000, 0, '2020-05-19 10:22:48', '2020-05-19 10:22:48', NULL, 1, NULL, NULL, NULL, 1, NULL, NULL);
INSERT INTO `app_order` VALUES (36, '10001820200519102324', 3, 100018, '刘东平', '18902211119', NULL, NULL, NULL, NULL, 1, NULL, 5000, 0, '2020-05-19 10:23:24', '2020-05-19 10:23:24', NULL, 1, NULL, '7d7e71d48d4f4825a1373f', '2020-05-19 10:24:08', 1, NULL, NULL);
INSERT INTO `app_order` VALUES (37, '10003320200519102627', 3, 100033, '戴慧玲', '15216203943', NULL, NULL, NULL, NULL, 3, NULL, 18000, 0, '2020-05-19 10:26:27', '2020-05-19 10:26:27', NULL, 1, NULL, NULL, NULL, 1, NULL, NULL);
INSERT INTO `app_order` VALUES (38, '10001720200519103108', 3, 100017, '谷献', '13507328838', NULL, NULL, NULL, NULL, 1, NULL, 5000, 0, '2020-05-19 10:31:08', '2020-05-19 10:31:08', NULL, 1, NULL, NULL, NULL, 1, NULL, NULL);
INSERT INTO `app_order` VALUES (39, '10003420200519103257', 3, 100034, '李正波', '18611877232', NULL, NULL, NULL, NULL, 1, NULL, 36800, 0, '2020-05-19 10:32:57', '2020-05-19 10:32:57', NULL, 1, NULL, NULL, NULL, 1, NULL, NULL);
INSERT INTO `app_order` VALUES (40, '10003420200519103735', 3, 100034, '李正波', '18611877232', NULL, NULL, NULL, NULL, 1, NULL, 5000, 0, '2020-05-19 10:37:35', '2020-05-19 10:37:35', NULL, 1, NULL, NULL, NULL, 1, NULL, NULL);
INSERT INTO `app_order` VALUES (42, '10000120200519113333', 3, 100001, '何伟伟', '15152161531', NULL, NULL, NULL, NULL, 1, NULL, 36800, 0, '2020-05-19 11:33:34', '2020-05-19 11:33:34', NULL, 1, NULL, NULL, NULL, 1, NULL, NULL);
INSERT INTO `app_order` VALUES (43, '10000120200519121127', 3, 100001, '张三', '18282828383', NULL, NULL, NULL, NULL, 1, NULL, 110400, 0, '2020-05-19 12:11:27', '2020-05-19 12:11:27', NULL, 1, NULL, NULL, NULL, 1, NULL, NULL);
INSERT INTO `app_order` VALUES (44, '10002520200519015021', 3, 100025, '许丽云', '18179939203', NULL, NULL, NULL, NULL, 1, NULL, 36800, 0, '2020-05-19 13:50:22', '2020-05-19 13:50:22', NULL, 1, NULL, NULL, NULL, 1, NULL, NULL);
INSERT INTO `app_order` VALUES (45, '10000120200519030207', 3, 100001, '何为', '13682288283', NULL, NULL, NULL, NULL, 1, NULL, 36800, 0, '2020-05-19 15:02:08', '2020-05-19 15:02:08', NULL, 1, NULL, NULL, NULL, 1, NULL, NULL);
INSERT INTO `app_order` VALUES (46, '10000420200520101205', 3, 100004, '林强', '13907928327', NULL, NULL, NULL, NULL, 1, NULL, 32800, 0, '2020-05-20 10:12:06', '2020-05-20 10:12:06', NULL, 1, NULL, 'c24a7f2b48e04c6895c663', '2020-05-20 10:12:21', 1, NULL, NULL);
INSERT INTO `app_order` VALUES (47, '10001720200520101611', 3, 100017, '谷献', '13507328838', NULL, NULL, NULL, NULL, 1, NULL, 158000, 0, '2020-05-20 10:16:11', '2020-05-20 10:16:11', NULL, 1, NULL, NULL, NULL, 1, NULL, NULL);

-- ----------------------------
-- Table structure for app_order_item
-- ----------------------------
DROP TABLE IF EXISTS `app_order_item`;
CREATE TABLE `app_order_item`  (
  `id` int(11) NOT NULL AUTO_INCREMENT COMMENT 'id',
  `order_sn` varchar(32) CHARACTER SET utf8mb4 COLLATE utf8mb4_0900_ai_ci NOT NULL COMMENT '订单编号',
  `product_id` int(11) NOT NULL COMMENT '关联的商品',
  `sku_id` int(11) NOT NULL COMMENT '关联的商品sku',
  `quantity` int(25) NOT NULL COMMENT '数量',
  `redeem_integral` int(25) NOT NULL COMMENT '兑换时的积分',
  `buy_price` int(25) NOT NULL COMMENT '购买时的价格',
  `product_image` varchar(255) CHARACTER SET utf8mb4 COLLATE utf8mb4_0900_ai_ci NOT NULL COMMENT '商品图片',
  `product_title` varchar(255) CHARACTER SET utf8mb4 COLLATE utf8mb4_0900_ai_ci NOT NULL COMMENT '商品标题',
  PRIMARY KEY (`id`) USING BTREE
) ENGINE = InnoDB AUTO_INCREMENT = 42 CHARACTER SET = utf8mb4 COLLATE = utf8mb4_0900_ai_ci ROW_FORMAT = Dynamic;

-- ----------------------------
-- Records of app_order_item
-- ----------------------------
INSERT INTO `app_order_item` VALUES (4, '20200515090344100001', 0, 10, 1, 0, 0, '', '');
INSERT INTO `app_order_item` VALUES (8, '20200515091935100001', 0, 28, 1, 0, 0, '', '');
INSERT INTO `app_order_item` VALUES (9, '20200516092048100001', 0, 33, 1, 0, 0, '', '');
INSERT INTO `app_order_item` VALUES (10, '20200516092229100001', 0, 10, 1, 0, 0, '', '');
INSERT INTO `app_order_item` VALUES (11, '10000120200518080549', 0, 33, 1, 0, 0, '', '');
INSERT INTO `app_order_item` VALUES (12, '10000120200518080640', 0, 11, 10, 0, 0, '', '');
INSERT INTO `app_order_item` VALUES (13, '10000120200518083809', 0, 11, 10, 0, 0, '', '');
INSERT INTO `app_order_item` VALUES (14, '10000120200518083830', 0, 11, 10, 0, 0, '', '');
INSERT INTO `app_order_item` VALUES (15, '10000120200518122509', 0, 11, 1, 0, 0, '', '');
INSERT INTO `app_order_item` VALUES (16, '10000120200518122644', 0, 11, 1, 0, 0, '', '');
INSERT INTO `app_order_item` VALUES (17, '10000120200518040037', 0, 96, 1, 0, 0, '', '');
INSERT INTO `app_order_item` VALUES (18, '10000120200519080441', 0, 33, 4, 0, 0, '', '');
INSERT INTO `app_order_item` VALUES (19, '10000120200519082548', 0, 33, 5, 0, 0, '', '');
INSERT INTO `app_order_item` VALUES (20, '10000120200519085744', 0, 33, 7, 0, 0, '', '');
INSERT INTO `app_order_item` VALUES (21, '10000120200519090220', 0, 33, 2, 0, 0, '', '');
INSERT INTO `app_order_item` VALUES (22, '10000120200519090315', 0, 11, 1, 0, 0, '', '');
INSERT INTO `app_order_item` VALUES (23, '10000120200519094752', 0, 33, 1, 0, 0, '', '');
INSERT INTO `app_order_item` VALUES (24, '10000920200519095004', 0, 33, 1, 0, 0, '', '');
INSERT INTO `app_order_item` VALUES (25, '10000120200519095321', 0, 96, 1, 0, 0, '', '');
INSERT INTO `app_order_item` VALUES (26, '10001820200519100423', 0, 33, 1, 0, 0, '', '');
INSERT INTO `app_order_item` VALUES (27, '10000420200519100605', 0, 33, 1, 0, 0, '', '');
INSERT INTO `app_order_item` VALUES (28, '10001120200519101414', 0, 33, 1, 0, 0, '', '');
INSERT INTO `app_order_item` VALUES (29, '10001720200519102115', 0, 33, 1, 0, 0, '', '');
INSERT INTO `app_order_item` VALUES (30, '10001820200519102247', 0, 96, 1, 0, 0, '', '');
INSERT INTO `app_order_item` VALUES (31, '10001820200519102324', 0, 67, 1, 0, 0, '', '');
INSERT INTO `app_order_item` VALUES (32, '10003320200519102627', 0, 96, 1, 0, 0, '', '');
INSERT INTO `app_order_item` VALUES (33, '10001720200519103108', 0, 65, 1, 0, 0, '', '');
INSERT INTO `app_order_item` VALUES (34, '10003420200519103257', 0, 33, 1, 0, 0, '', '');
INSERT INTO `app_order_item` VALUES (35, '10003420200519103735', 0, 66, 1, 0, 0, '', '');
INSERT INTO `app_order_item` VALUES (36, '10000120200519113333', 27, 33, 1, 36800, 0, 'http://yanxuan.nosdn.127.net/ee10c849f7191be02940d29f63b73097.jpg', '铭佳温泉养生酒店大床房');
INSERT INTO `app_order_item` VALUES (37, '10000120200519121127', 27, 33, 3, 36800, 0, 'http://yanxuan.nosdn.127.net/ee10c849f7191be02940d29f63b73097.jpg', '铭佳温泉养生酒店大床房');
INSERT INTO `app_order_item` VALUES (38, '10002520200519015021', 27, 33, 1, 36800, 0, 'http://yanxuan.nosdn.127.net/ee10c849f7191be02940d29f63b73097.jpg', '铭佳温泉养生酒店大床房');
INSERT INTO `app_order_item` VALUES (39, '10000120200519030207', 27, 33, 1, 36800, 0, 'http://yanxuan.nosdn.127.net/ee10c849f7191be02940d29f63b73097.jpg', '铭佳温泉养生酒店大床房');
INSERT INTO `app_order_item` VALUES (40, '10000420200520101205', 10, 129, 1, 32800, 0, 'https://www.xinglintang.net/upload/f846503e-b2f2-41dd-b8a5-93f6fac22e18.jpg', '铭佳温泉养生酒店标间');
INSERT INTO `app_order_item` VALUES (41, '10001720200520101611', 47, 115, 1, 158000, 0, 'http://120.25.197.11:8082/resources/photo/1ef47880-cb5f-4fa2-bd7e-9e6a0d4dda80.png', '梦幻香格里拉-丽江大理雪山线双飞6日游');

-- ----------------------------
-- Table structure for app_otherorder
-- ----------------------------
DROP TABLE IF EXISTS `app_otherorder`;
CREATE TABLE `app_otherorder`  (
  `id` int(11) NOT NULL AUTO_INCREMENT COMMENT 'id',
  `user_id` int(11) NOT NULL COMMENT '用户id',
  `pay_price` int(11) NOT NULL COMMENT '金额',
  `transaction_id` varchar(50) CHARACTER SET utf8mb4 COLLATE utf8mb4_0900_ai_ci NOT NULL COMMENT '订单号',
  `pay_date` datetime(0) NOT NULL COMMENT '付款日期',
  `detail` varchar(255) CHARACTER SET utf8mb4 COLLATE utf8mb4_0900_ai_ci NOT NULL COMMENT '详细说明',
  PRIMARY KEY (`id`) USING BTREE
) ENGINE = InnoDB AUTO_INCREMENT = 34 CHARACTER SET = utf8mb4 COLLATE = utf8mb4_0900_ai_ci ROW_FORMAT = Dynamic;

-- ----------------------------
-- Records of app_otherorder
-- ----------------------------
INSERT INTO `app_otherorder` VALUES (4, 100001, 688800, 'lexiang888', '2020-05-14 17:33:36', '开通乐享休闲卡');
INSERT INTO `app_otherorder` VALUES (5, 100001, 688800, 'lexiang888', '2020-05-14 17:49:19', '开通乐享休闲卡');
INSERT INTO `app_otherorder` VALUES (6, 100001, 1000000, 'lexiang888', '2020-05-15 08:29:02', '开通乐享生活卡');
INSERT INTO `app_otherorder` VALUES (7, 100004, 1000000, 'lexiang888', '2020-05-16 21:17:01', '开通乐享生活卡');
INSERT INTO `app_otherorder` VALUES (8, 100001, 688800, 'lexiang888', '2020-05-18 12:26:19', '开通乐享休闲卡');
INSERT INTO `app_otherorder` VALUES (9, 100001, 688800, 'lexiang888', '2020-05-18 14:29:01', '开通乐享休闲卡');
INSERT INTO `app_otherorder` VALUES (10, 100001, 688800, 'lexiang888', '2020-05-18 14:36:20', '开通乐享休闲卡');
INSERT INTO `app_otherorder` VALUES (11, 100001, 688800, 'lexiang888', '2020-05-18 14:41:55', '开通乐享休闲卡');
INSERT INTO `app_otherorder` VALUES (12, 100008, 688800, 'lexiang888', '2020-05-18 22:22:07', '开通乐享休闲卡');
INSERT INTO `app_otherorder` VALUES (13, 100009, 688800, 'lexiang888', '2020-05-19 09:55:48', '开通乐享休闲卡');
INSERT INTO `app_otherorder` VALUES (14, 100019, 688800, 'lexiang888', '2020-05-19 10:01:44', '开通乐享休闲卡');
INSERT INTO `app_otherorder` VALUES (15, 100018, 688800, 'lexiang888', '2020-05-19 10:03:10', '开通乐享休闲卡');
INSERT INTO `app_otherorder` VALUES (16, 100017, 688800, 'lexiang888', '2020-05-19 10:10:48', '开通乐享休闲卡');
INSERT INTO `app_otherorder` VALUES (17, 100020, 688800, 'lexiang888', '2020-05-19 10:12:03', '开通乐享休闲卡');
INSERT INTO `app_otherorder` VALUES (18, 100011, 688800, 'lexiang888', '2020-05-19 10:13:16', '开通乐享休闲卡');
INSERT INTO `app_otherorder` VALUES (19, 100026, 688800, 'lexiang888', '2020-05-19 10:16:28', '开通乐享休闲卡');
INSERT INTO `app_otherorder` VALUES (20, 100017, 688800, 'lexiang888', '2020-05-19 10:21:54', '开通乐享休闲卡');
INSERT INTO `app_otherorder` VALUES (21, 100033, 688800, 'lexiang888', '2020-05-19 10:22:48', '开通乐享休闲卡');
INSERT INTO `app_otherorder` VALUES (22, 100034, 688800, 'lexiang888', '2020-05-19 10:32:05', '开通乐享休闲卡');
INSERT INTO `app_otherorder` VALUES (23, 100016, 688800, 'lexiang888', '2020-05-19 10:59:54', '开通乐享休闲卡');
INSERT INTO `app_otherorder` VALUES (24, 100016, 688800, 'lexiang888', '2020-05-19 11:01:57', '开通乐享休闲卡');
INSERT INTO `app_otherorder` VALUES (25, 100016, 1000000, 'lexiang888', '2020-05-19 11:02:09', '开通乐享生活卡');
INSERT INTO `app_otherorder` VALUES (26, 100025, 688800, 'lexiang888', '2020-05-19 13:49:24', '开通乐享休闲卡');
INSERT INTO `app_otherorder` VALUES (27, 100009, 688800, 'lexiang888', '2020-05-19 14:52:27', '开通乐享休闲卡');
INSERT INTO `app_otherorder` VALUES (28, 100009, 1000000, 'lexiang888', '2020-05-19 14:52:35', '开通乐享生活卡');
INSERT INTO `app_otherorder` VALUES (29, 100009, 3000000, 'lexiang888', '2020-05-19 14:52:43', '开通乐享无忧卡');
INSERT INTO `app_otherorder` VALUES (30, 100009, 1000000, 'lexiang888', '2020-05-19 14:54:25', '开通乐享生活卡');
INSERT INTO `app_otherorder` VALUES (31, 100015, 688800, 'lexiang888', '2020-05-19 16:54:10', '开通乐享休闲卡');
INSERT INTO `app_otherorder` VALUES (32, 100009, 688800, 'lexiang888', '2020-05-19 20:28:06', '开通乐享休闲卡');
INSERT INTO `app_otherorder` VALUES (33, 100011, 3000000, 'lexiang888', '2020-05-20 07:50:02', '开通乐享无忧卡');

-- ----------------------------
-- Table structure for app_product
-- ----------------------------
DROP TABLE IF EXISTS `app_product`;
CREATE TABLE `app_product`  (
  `id` int(11) NOT NULL AUTO_INCREMENT COMMENT 'id',
  `title` varchar(255) CHARACTER SET utf8mb4 COLLATE utf8mb4_0900_ai_ci NOT NULL COMMENT '商品标题',
  `description` varchar(255) CHARACTER SET utf8mb4 COLLATE utf8mb4_0900_ai_ci NOT NULL COMMENT '商品简介',
  `cover_image` varchar(255) CHARACTER SET utf8mb4 COLLATE utf8mb4_0900_ai_ci NOT NULL COMMENT '商品封面',
  `images` varchar(1000) CHARACTER SET utf8mb4 COLLATE utf8mb4_0900_ai_ci NOT NULL COMMENT '轮播图',
  `detail_images` varchar(1000) CHARACTER SET utf8mb4 COLLATE utf8mb4_0900_ai_ci NOT NULL COMMENT '详情图',
  `priority` int(11) NOT NULL COMMENT '优先级',
  `sold_count` int(11) NOT NULL COMMENT '销售量',
  `store_id` int(11) NOT NULL COMMENT '门店id',
  `created_at` varchar(255) CHARACTER SET utf8mb4 COLLATE utf8mb4_0900_ai_ci NOT NULL COMMENT '创建人',
  `status` int(11) NOT NULL DEFAULT 1 COMMENT '商品状态',
  `category_id` int(11) NOT NULL COMMENT '商品种类',
  `kind` int(11) NOT NULL COMMENT '1购买商品 2兑换商品',
  PRIMARY KEY (`id`) USING BTREE
) ENGINE = InnoDB AUTO_INCREMENT = 59 CHARACTER SET = utf8mb4 COLLATE = utf8mb4_0900_ai_ci ROW_FORMAT = Dynamic;

-- ----------------------------
-- Records of app_product
-- ----------------------------
INSERT INTO `app_product` VALUES (1, '长白山山核桃油', '纯天然马铃薯', 'https://www.xinglintang.net/upload/581edbdc-c228-4e8d-843f-c2c80cf18f53.jpg', 'https://www.xinglintang.net/upload/581edbdc-c228-4e8d-843f-c2c80cf18f53.jpg', 'http://yanxuan.nosdn.127.net/0f67b05338e7bae385a2935ba8b9a354.jpg;http://yanxuan.nosdn.127.net/e9da7cede449abec2887af4180eb294a.jpg;http://yanxuan.nosdn.127.net/c1269ea631a05e6419cd19bf98590e2d.jpg;http://yanxuan.nosdn.127.net/a55b308b0f357b1afabc9f6a98068d06.jpg;http://yanxuan.nosdn.127.net/15e418bebcc9fe574e42f46e885d99d0.jpg;http://yanxuan.nosdn.127.net/d629206b27ca080ca119099b6cc16d73.jpg;http://yanxuan.nosdn.127.net/0256a6ea620638cbb44259bbc62f0d45.jpg;http://yanxuan.nosdn.127.net/147144f59828a0457cf2f3d94b7455ae.jpg;http://yanxuan.nosdn.127.net/9e38d006bdf0468d62f332c010b6f4dc.jpg;http://yanxuan.nosdn.127.net/26adff1125300a44a44ab6529634ad4a.jpg', 1, 1, 1, '39c519bb28b24f208e25d344d5bdf41b', 1, 3, 1);
INSERT INTO `app_product` VALUES (2, '庐山石鱼酱', '庐山石鱼酱', 'http://yanxuan.nosdn.127.net/8a7fa6dac42a8916edba162fba52bc7d.jpg', 'http://yanxuan.nosdn.127.net/8a7fa6dac42a8916edba162fba52bc7d.jpg;http://yanxuan.nosdn.127.net/b92c05b80250c0ea7da8920b759ac7fe.jpg;http://yanxuan.nosdn.127.net/abcc497e23b0bb1a22e7e34472984cb8.jpg;http://yanxuan.nosdn.127.net/8e3a1b25d07fa39015c8a8812fa206fd.jpg;http://yanxuan.nosdn.127.net/e35b12781b3c462df39f57f7f2495e43.jpg', 'http://yanxuan.nosdn.127.net/b4d6374f47e55e97b2748d38f54e9a36.gif;http://yanxuan.nosdn.127.net/f08ee4b6bc7eca490f60fe47ff3c4eb1.png;http://yanxuan.nosdn.127.net/56bfbf591af21c867be95004d9ae7d2f.png;http://yanxuan.nosdn.127.net/61a912136159e9a44e558d28ec70a011.gif;http://yanxuan.nosdn.127.net/db73308cf7206d4add069bc730917a7a.png;http://yanxuan.nosdn.127.net/2ddc6fc572747c84786a8c65b36c6649.gif;http://yanxuan.nosdn.127.net/6fc28c296ad7c52645794a2f65197c84.png;http://yanxuan.nosdn.127.net/46328ce907abf8f909e5df2755bdef8d.png', 1, 2, 1, '', 1, 3, 1);
INSERT INTO `app_product` VALUES (3, '庐山牛肉酱', '庐山牛肉酱', 'http://yanxuan.nosdn.127.net/ff996bcaa07a6f94b6c9543dbd13aeea.jpg', 'http://yanxuan.nosdn.127.net/42a99e4e6aec3aeb4250224dddc01f80.jpg;http://yanxuan.nosdn.127.net/6a79e8d2785a491e3d9cff8a31309fe8.jpg;http://yanxuan.nosdn.127.net/a17602e940aaea6a346e219e7a500ca8.jpg;http://yanxuan.nosdn.127.net/1ca7397b140e90365c556f68aba2b977.jpg;http://yanxuan.nosdn.127.net/0655e46f703ceee10a46d0241eab5bb4.jpg', 'http://yanxuan.nosdn.127.net/e5c21b637322daa2b770e2cbf2d4b549.png;http://yanxuan.nosdn.127.net/26e0e803296f4077619dc6d417d5032c.png;http://yanxuan.nosdn.127.net/d585801f442066b686f0ed216b204721.png;http://yanxuan.nosdn.127.net/57757a6f5bea0682846bcbf2fcdc51e5.png;http://yanxuan.nosdn.127.net/22dee408f7ac62a23b9291f5f4c266b2.png;http://yanxuan.nosdn.127.net/5c42212db2b3a0e5af1e467c3ae8c650.jpg;http://yanxuan.nosdn.127.net/3ff07e70354522a1fe5bafc356446ebe.jpg;http://yanxuan.nosdn.127.net/d29eed0af484cde938f9f60118aeee28.jpg', 1, 2, 1, 'lexiang', 1, 3, 1);
INSERT INTO `app_product` VALUES (4, '海虾肉酱', '海虾肉酱', 'http://yanxuan.nosdn.127.net/e05f7fbbc77b789507930c2e443ce0ef.png', 'http://yanxuan.nosdn.127.net/7d7cb2e2b84ecad1ed5530332c1cbb7e.png;http://yanxuan.nosdn.127.net/56daad7555120931bbc48f1a6c51fbcb.png;http://yanxuan.nosdn.127.net/d18039d761b56d199e6512c789cdba80.jpg;http://yanxuan.nosdn.127.net/c7ceaf45acc548be3fe7e3c32deeaa00.jpg', 'http://yanxuan.nosdn.127.net/0eb87a62530cb01e3c47b9245ee1ccfa.png;http://yanxuan.nosdn.127.net/c1a2dfebbf95069f007fa100764bc8cc.jpg;http://yanxuan.nosdn.127.net/091379ca9b9115902f0b80de9ee24e3c.png;http://yanxuan.nosdn.127.net/552be88eb8e3611d49959e1cb6f88d35.png;http://yanxuan.nosdn.127.net/32d94fc1482c7c22a346a2052f4b042c.jpg;http://yanxuan.nosdn.127.net/7c631bc3b4ab3994633c22293b621263.png;http://yanxuan.nosdn.127.net/f25d16d5acb506adb5d06608b7636131.png;http://yanxuan.nosdn.127.net/29e0deb744aa011fdc6bd81b89a2d562.png;http://yanxuan.nosdn.127.net/5ce556ef965d89b263b9f2d907d9ae4b.png;http://yanxuan.nosdn.127.net/3ce14560f489614241f6da6fe8374ea8.jpg;http://yanxuan.nosdn.127.net/70ac1ed750a709996da2d53305836010.jpg;http://yanxuan.nosdn.127.net/594b190c549ce0b12fcd17d75a15d0da.jpg;http://yanxuan.nosdn.127.net/8b570e23650c36cfb2968e59ff71a761.jpg;http://yanxuan.nosdn.127.net/41738a3f401658a3cdbaebd9197681c8.jpg', 1, 3, 1, '', 1, 3, 1);
INSERT INTO `app_product` VALUES (5, '观音春菇酱', '观音春菇酱', 'http://yanxuan.nosdn.127.net/ae0205514030e5137278b6838b3d9417.jpg', 'http://yanxuan.nosdn.127.net/ae0205514030e5137278b6838b3d9417.jpg;http://yanxuan.nosdn.127.net/1e26223126d4ad1d4147ac5e924c7e3a.jpg;http://yanxuan.nosdn.127.net/50fd685a16a8448072cd5150ea2ac227.jpg;http://yanxuan.nosdn.127.net/3776fc327979da117f9346399561e093.jpg;http://yanxuan.nosdn.127.net/9545ac00d8425395e6e15b0d4bedabc3.png', 'http://yanxuan.nosdn.127.net/a15c0af29d0b034cf2bb427e8a0f4927.png;http://yanxuan.nosdn.127.net/30e6fca1aef96b06d67e81f3a5810138.png;http://yanxuan.nosdn.127.net/d936534f3a180222602bcc6687277135.png;http://yanxuan.nosdn.127.net/508329b84f88c0bdae3000856287c056.png;http://yanxuan.nosdn.127.net/a15c0af29d0b034cf2bb427e8a0f4927.png', 1, 4, 2, '', 1, 3, 1);
INSERT INTO `app_product` VALUES (6, '稻花香米', '稻花香米', 'http://yanxuan.nosdn.127.net/a0b3397404ad44b6d4b4a40481a62ef7.jpg', 'http://yanxuan.nosdn.127.net/a0b3397404ad44b6d4b4a40481a62ef7.jpg;http://yanxuan.nosdn.127.net/457b59ccb0de9d104bd9dc70324edc16.jpg;http://yanxuan.nosdn.127.net/3547c1f332b2fc5420b7eb4db0adfc2f.jpg;http://yanxuan.nosdn.127.net/812f0edd8571c803d808a503795628d3.jpg', 'http://yanxuan.nosdn.127.net/a0b3397404ad44b6d4b4a40481a62ef7.jpg;http://yanxuan.nosdn.127.net/457b59ccb0de9d104bd9dc70324edc16.jpg;http://yanxuan.nosdn.127.net/3547c1f332b2fc5420b7eb4db0adfc2f.jpg;http://yanxuan.nosdn.127.net/812f0edd8571c803d808a503795628d3.jpg', 1, 8, 2, 'lexiang', 1, 3, 1);
INSERT INTO `app_product` VALUES (7, '生态大米', '生态大米', 'http://yanxuan.nosdn.127.net/1cdf505f9ee6afcb89edf3225cba8bbe.png', 'http://yanxuan.nosdn.127.net/1cdf505f9ee6afcb89edf3225cba8bbe.png', 'http://yanxuan.nosdn.127.net/1cdf505f9ee6afcb89edf3225cba8bbe.png', 1, 9, 3, 'lexiang', 1, 3, 1);
INSERT INTO `app_product` VALUES (10, '铭佳温泉养生酒店标间', '铭佳温泉养生酒店', 'https://www.xinglintang.net/upload/f846503e-b2f2-41dd-b8a5-93f6fac22e18.jpg', 'https://www.xinglintang.net/upload/cec19d1b-4a75-44aa-bf4b-c4141d57b549.jpg;https://www.xinglintang.net/upload/f846503e-b2f2-41dd-b8a5-93f6fac22e18.jpg;https://www.xinglintang.net/upload/56d26da3-9fcc-4ecf-9901-d017dccaf15e.jpg;https://www.xinglintang.net/upload/beb307cc-669c-4e9c-9373-5f9809586383.jpg', 'http://yanxuan.nosdn.127.net/02c9efad25f4ebe0736f770a929e7693.jpg;http://yanxuan.nosdn.127.net/497a131af9fffd25c0f465a518fe9886.jpg;http://yanxuan.nosdn.127.net/d4cec6f41c6a0ff5fc5b16f475ce5e65.jpg;https://www.xinglintang.net/upload/cec19d1b-4a75-44aa-bf4b-c4141d57b549.jpg', 1, 47, 1, '39c519bb28b24f208e25d344d5bdf41b', 1, 1, 2);
INSERT INTO `app_product` VALUES (26, '香稻王', '香稻王', 'https://www.xinglintang.net/upload/8961be1a-9b4b-4fff-9413-0fa0d3aa3a94.jpg', 'https://www.xinglintang.net/upload/8961be1a-9b4b-4fff-9413-0fa0d3aa3a94.jpg', 'https://www.xinglintang.net/upload/8961be1a-9b4b-4fff-9413-0fa0d3aa3a94.jpg', 1, 1, 1, '39c519bb28b24f208e25d344d5bdf41b', 1, 3, 1);
INSERT INTO `app_product` VALUES (27, '铭佳温泉养生酒店大床房', '铭佳温泉养生酒店大床房', 'https://www.xinglintang.net/upload/f9bbc275-fa8a-491f-b87b-839e5bae03df.JPG', 'https://www.xinglintang.net/upload/f9bbc275-fa8a-491f-b87b-839e5bae03df.JPG;https://www.xinglintang.net/upload/75f37c73-1d98-4cbb-adc1-38f6845e5fdf.JPG;https://www.xinglintang.net/upload/6facd070-bf05-4b5e-858c-350325b033d0.JPG;https://www.xinglintang.net/upload/a0ee8ad1-4757-4039-af92-19f6c3d42dde.png;https://www.xinglintang.net/upload/a379d6db-2240-47ce-9561-72bccf691aa3.JPG;https://www.xinglintang.net/upload/72214ce3-9693-4428-80e3-aedaf64b2280.JPG', 'https://www.xinglintang.net/upload/a99497e7-3768-4e41-95b0-685a4ff0d500.JPG;https://www.xinglintang.net/upload/73e8605a-3f9d-414f-8966-73bd7cd7a37a.JPG;https://www.xinglintang.net/upload/6facd070-bf05-4b5e-858c-350325b033d0.JPG;https://www.xinglintang.net/upload/a379d6db-2240-47ce-9561-72bccf691aa3.JPG;https://www.xinglintang.net/upload/72214ce3-9693-4428-80e3-aedaf64b2280.JPG;https://www.xinglintang.net/upload/75f37c73-1d98-4cbb-adc1-38f6845e5fdf.JPG', 1, 9, 1, '39c519bb28b24f208e25d344d5bdf41b', 1, 1, 2);
INSERT INTO `app_product` VALUES (28, '灵芝孢子粉（礼盒装）', '灵芝孢子粉（礼盒装）', 'https://www.xinglintang.net/upload/IMG_0854.JPG', 'https://www.xinglintang.net/upload/IMG_0849.JPG;https://www.xinglintang.net/upload/IMG_0854.JPG;https://www.xinglintang.net/upload/IMG_0851.JPG', 'https://www.xinglintang.net/upload/e4c96643-fa37-4b52-b117-e78d77f06119.jpg;https://www.xinglintang.net/upload/3.jpg;https://www.xinglintang.net/upload/2.jpg;https://www.xinglintang.net/upload/4.jpg;https://www.xinglintang.net/upload/5.jpg;https://www.xinglintang.net/upload/6.png', 1, 13, 1, '39c519bb28b24f208e25d344d5bdf41b', 1, 2, 1);
INSERT INTO `app_product` VALUES (29, '中医理疗养生', '中医理疗养生', 'https://www.xinglintang.net/upload/410162e6-75d3-49f3-824e-632dcc95a9ab.jpg', 'https://www.xinglintang.net/upload/410162e6-75d3-49f3-824e-632dcc95a9ab.jpg', 'https://www.xinglintang.net/upload/e14d66df-e345-4ebc-ab9a-7736c9e8966a.jpg', 1, 23, 1, '39c519bb28b24f208e25d344d5bdf41b', 1, 2, 1);
INSERT INTO `app_product` VALUES (47, '梦幻香格里拉-丽江大理雪山线双飞6日游', '梦幻香格里拉-丽江大理雪山线双飞6日游', 'https://www.xinglintang.net/upload/3e60026c-0774-4c2f-8703-9df9b79fd2c7.jpg', 'https://www.xinglintang.net/upload/3e60026c-0774-4c2f-8703-9df9b79fd2c7.jpg', 'http://120.25.197.11:8082/resources/photo/1ef47880-cb5f-4fa2-bd7e-9e6a0d4dda80.png;https://www.xinglintang.net/upload/9353f9ea-c2c7-49eb-b0c4-36443b41147c.jpg;https://www.xinglintang.net/upload/95a545ec-4f92-42c4-8070-4000b663c3bf.jpg;https://www.xinglintang.net/upload/489d72ce-fcf9-4597-8f56-4376809e4bcc.jpg', 1, 1, 1, '1', 1, 1, 2);
INSERT INTO `app_product` VALUES (48, '昆明西双版纳三飞奢华6日游', '昆明西双版纳三飞奢华6日游', 'https://www.xinglintang.net/upload/064596dc-1bb9-4148-9688-1dfe2a3f73f0.jpg', 'https://www.xinglintang.net/upload/064596dc-1bb9-4148-9688-1dfe2a3f73f0.jpg', 'https://www.xinglintang.net/upload/772fbed6-4390-4c3c-aa58-11782f868ffa.png;https://www.xinglintang.net/upload/ce496c7f-e2d9-47cf-8eea-e3f79e960eeb.jpg;https://www.xinglintang.net/upload/d08265f4-d2c6-4050-bada-c179c978f698.jpg', 1, 0, 1, '1', 1, 1, 2);
INSERT INTO `app_product` VALUES (49, '海岛风情—海南双飞五日游海口进出', '海岛风情—海南双飞五日游海口进出', 'https://www.xinglintang.net/upload/6d9bd11b-a470-4ddc-a305-34f6d80b13a5.jpg', 'https://www.xinglintang.net/upload/6d9bd11b-a470-4ddc-a305-34f6d80b13a5.jpg', 'https://www.xinglintang.net/upload/5e8267b8-8d12-46bd-80df-1c0ba44993ee.jpg;https://www.xinglintang.net/upload/2465d937-fe90-4be9-aba1-5c3e11b732cb.jpg;https://www.xinglintang.net/upload/fde93c3e-c8b6-448b-a1d9-68ce1bfe8839.jpg', 1, 0, 1, '1', 1, 1, 2);
INSERT INTO `app_product` VALUES (52, '海南三亚双飞五日游三亚进出', '海南三亚双飞五日游三亚进出', 'https://www.xinglintang.net/upload/3e83640a-b083-46b9-b062-11924d1a5892.jpg', 'https://www.xinglintang.net/upload/3e83640a-b083-46b9-b062-11924d1a5892.jpg', 'https://www.xinglintang.net/upload/bf16f69f-3eaa-454b-9506-67a91b5dd837.jpg;https://www.xinglintang.net/upload/52a569fb-d5c7-44f6-9fae-0d199a7cef5a.jpg;https://www.xinglintang.net/upload/b86492ac-955b-4907-a7ab-76242751ca1a.jpg;https://www.xinglintang.net/upload/a7c71c50-aeb2-4fb3-8e62-8bedf7ea04f7.jpg', 1, 0, 1, '1', 1, 1, 2);
INSERT INTO `app_product` VALUES (53, '贵州王朝双高5日游', '贵州王朝双高5日游', 'https://www.xinglintang.net/upload/c24ae687-039f-4b9f-8833-ecf78f8aefe1.jpg', 'https://www.xinglintang.net/upload/c24ae687-039f-4b9f-8833-ecf78f8aefe1.jpg', 'https://www.xinglintang.net/upload/dbca676d-47bf-475c-b0f1-ce4b6ea1046f.jpg;https://www.xinglintang.net/upload/858879f9-d6f5-4861-a99d-ed1b968ee039.jpg;https://www.xinglintang.net/upload/d627a766-04c6-4969-b530-81bcfa707c7d.jpg;https://www.xinglintang.net/upload/47a0b9ba-ddb9-4378-83be-c50c977cbfb0.jpg;https://www.xinglintang.net/upload/ca8ea66a-76c2-4966-af9b-3473363e941e.jpg', 1, 0, 1, '1', 1, 1, 2);
INSERT INTO `app_product` VALUES (54, '贝贝南瓜（4斤家庭装）', '贝贝南瓜', 'https://www.xinglintang.net/upload/2eeaba2d-28b3-4bb4-b13b-4244e9498a13.jpg', 'https://www.xinglintang.net/upload/2eeaba2d-28b3-4bb4-b13b-4244e9498a13.jpg;https://www.xinglintang.net/upload/23d752b0-cf88-494a-adc5-8ea44cf30072.jpg;https://www.xinglintang.net/upload/f469742e-9b72-4874-a972-de466b583e49.jpg;https://www.xinglintang.net/upload/109aac75-9a80-4285-b870-ac34a2a2d7b4.jpg;https://www.xinglintang.net/upload/a89fcc67-8af5-48f9-8218-a39b8b37145e.jpg', 'https://www.xinglintang.net/upload/ab60f42c-132a-4b96-be0b-5c538493ea2c.jpg;https://www.xinglintang.net/upload/26fa991a-34dd-42b9-9b1a-5a007f462541.jpg;https://www.xinglintang.net/upload/cb2b06ab-00aa-40c6-9ccf-3d95cde72fd9.jpg;https://www.xinglintang.net/upload/f9bc6d79-3881-43b8-ae3e-563b7d0ce5ee.jpg;https://www.xinglintang.net/upload/b32a9a07-7e0c-44b3-8dd6-972c83270749.jpg;https://www.xinglintang.net/upload/b5a34fe5-2d35-4a4e-966b-72341a16f92f.jpg;https://www.xinglintang.net/upload/7a37a2c3-013d-4161-9acf-3c7a36bc1f96.jpg;https://www.xinglintang.net/upload/b224c352-6820-49a4-889d-d2eecf5fb0e3.jpg;https://www.xinglintang.net/upload/aa4a9aa2-26d3-41b1-b0d2-5ebf42fed5e7.jpg;https://www.xinglintang.net/upload/d553664e-ba90-45db-9e64-f7b9bf302bf2.jpg;https://www.xinglintang.net/upload/46e68dfe-97cd-4245-b97d-6d75f131c4f0.jpg;https://www.xinglintang.net/upload/7d4e959e-4855-4fb3-a9a7-60c875d781ea.jpg', 1, 2, 1, '39c519bb28b24f208e25d344d5bdf41b', 1, 3, 1);
INSERT INTO `app_product` VALUES (55, '叮咚熊鲜乳大饼', '叮咚熊鲜乳大饼', 'https://www.xinglintang.net/upload/3038e3e7-1eeb-4b90-bda8-38ff9ea0d517.jpg', 'https://www.xinglintang.net/upload/3038e3e7-1eeb-4b90-bda8-38ff9ea0d517.jpg;https://www.xinglintang.net/upload/1b6a6fae-777e-4293-8a4f-d01f797e1771.jpg;https://www.xinglintang.net/upload/44d86abd-b1bc-46c8-aa92-63ccd3d6a506.jpg;https://www.xinglintang.net/upload/f74993ba-6389-4e01-858c-8c5f937a85b9.jpg;https://www.xinglintang.net/upload/46350e80-10c0-407c-a926-9df611ce2a52.jpg', 'https://www.xinglintang.net/upload/6cddca0b-aaac-48aa-a272-b5f51e1cc443.jpg;https://www.xinglintang.net/upload/210bf2ff-6622-4a76-9367-efd1aca910ea.jpg;https://www.xinglintang.net/upload/0f811ed7-40e2-4bf7-a882-aa88082848b1.jpg;https://www.xinglintang.net/upload/74ed8b38-7b73-42fb-84a8-899c38ebbbf5.jpg;https://www.xinglintang.net/upload/b9f92518-ffa8-450b-86b4-a2fa16ef7a24.jpg;https://www.xinglintang.net/upload/54cae16e-f058-4c34-a4c5-608743eea2c1.jpg;https://www.xinglintang.net/upload/f1cae092-59ae-41ff-9445-3420feb4b719.jpg;https://www.xinglintang.net/upload/21a14944-f447-43be-ae0d-a21fbc3b5cbe.jpg;https://www.xinglintang.net/upload/5c4fa976-ac7d-428c-9c90-772ca84ab0f8.jpg;https://www.xinglintang.net/upload/18709bad-5b5c-4e14-a6a9-9e1ad469cc11.jpg', 1, 3, 1, '39c519bb28b24f208e25d344d5bdf41b', 1, 3, 1);
INSERT INTO `app_product` VALUES (56, '蜂蜜小蛋糕', '蜂蜜小蛋糕', 'https://www.xinglintang.net/upload/bcc65e39-cb4e-4f91-abb9-eadb3a802136.png', 'https://www.xinglintang.net/upload/bcc65e39-cb4e-4f91-abb9-eadb3a802136.png;https://www.xinglintang.net/upload/9c4d2b21-be46-424a-9957-8e8a37d0b7d8.jpg;https://www.xinglintang.net/upload/b9c509af-c1b1-498d-8abe-fbfc6fb23c85.jpg;https://www.xinglintang.net/upload/c2949892-8ee7-4766-965a-8fd140d32aed.jpg', 'https://www.xinglintang.net/upload/93b7bc00-7ef2-4c11-852f-29d026631719.jpg', 1, 6, 1, '39c519bb28b24f208e25d344d5bdf41b', 1, 3, 1);
INSERT INTO `app_product` VALUES (57, '福建东山岛 野生手打海鲜丸', '福建东山岛 野生手打海鲜丸', 'https://www.xinglintang.net/upload/e95ddb77-b5b6-4291-b15e-22b72a4b69d2.jpg', 'https://www.xinglintang.net/upload/e95ddb77-b5b6-4291-b15e-22b72a4b69d2.jpg;https://www.xinglintang.net/upload/bddc5962-7bb4-43a4-8ede-009d98486eb3.jpg;https://www.xinglintang.net/upload/b456f3c9-e8e5-4e5e-9162-f0c060b48aa2.jpg;https://www.xinglintang.net/upload/d71169e0-4229-41c3-bf17-24e50336a960.png', 'https://www.xinglintang.net/upload/9763a7b1-ed64-4996-a950-8058d5a9b384.jpg;https://www.xinglintang.net/upload/f68a47bb-0c35-42eb-815c-024dc6853968.jpg;https://www.xinglintang.net/upload/eebaa288-e2be-40a2-83fd-abf21769920c.jpg;https://www.xinglintang.net/upload/e6edbeaf-d594-40a7-8729-98a6267da5a3.jpg;https://www.xinglintang.net/upload/e75f8c10-bbbe-47eb-b34c-42b6dbd96537.jpg', 1, 55, 1, '39c519bb28b24f208e25d344d5bdf41b', 1, 3, 1);
INSERT INTO `app_product` VALUES (58, '福建茂谷柑', '福建茂谷柑', 'https://www.xinglintang.net/upload/3bf78c5f-6259-4664-ad7e-6c566fb66763.jpg', 'https://www.xinglintang.net/upload/3bf78c5f-6259-4664-ad7e-6c566fb66763.jpg;https://www.xinglintang.net/upload/1add9e62-5e1a-47e3-bd14-b34687e6ebcc.jpg;https://www.xinglintang.net/upload/80389e9b-e763-4d50-80d0-a140ebc1ec63.jpg;https://www.xinglintang.net/upload/36cc2ef7-8acc-4f1c-8edc-d308a8b215d4.jpg;https://www.xinglintang.net/upload/d5e84165-5954-47b2-8c35-e5f0c7188fa5.jpg;https://www.xinglintang.net/upload/a1f55062-6d6b-4d2b-93df-93d55406459f.png', 'https://www.xinglintang.net/upload/aa91593b-2f39-4de1-9f3e-44d56b67bbbc.jpg;https://www.xinglintang.net/upload/5cf5410a-52ac-4bf2-9b21-7d9115479f3c.jpg;https://www.xinglintang.net/upload/5cf5410a-52ac-4bf2-9b21-7d9115479f3c.jpg;https://www.xinglintang.net/upload/b69c97fa-f3d5-485a-b813-1222c8d1ed96.jpg', 1, 6, 1, '39c519bb28b24f208e25d344d5bdf41b', 1, 3, 1);

-- ----------------------------
-- Table structure for app_product_sku
-- ----------------------------
DROP TABLE IF EXISTS `app_product_sku`;
CREATE TABLE `app_product_sku`  (
  `id` int(11) NOT NULL AUTO_INCREMENT COMMENT 'id',
  `product_id` int(11) NOT NULL COMMENT '关联的商品',
  `current_price` int(11) NOT NULL COMMENT '当前价',
  `original_price` int(11) NULL DEFAULT NULL COMMENT '原价',
  `redeem_integral` int(11) NULL DEFAULT NULL COMMENT '购买所需积分',
  `courier_price` int(11) NOT NULL DEFAULT 0 COMMENT '快递费',
  `return_integral` int(11) NULL DEFAULT NULL COMMENT '商品返还积分   如果是兑换的商品则不返还积分',
  `inventory` int(11) NOT NULL DEFAULT 0 COMMENT '剩余数量',
  `sku_image` varchar(255) CHARACTER SET utf8mb4 COLLATE utf8mb4_0900_ai_ci NOT NULL COMMENT '商品图片',
  `sku_title` varchar(255) CHARACTER SET utf8mb4 COLLATE utf8mb4_0900_ai_ci NOT NULL COMMENT 'sku标题',
  `status` int(11) NOT NULL DEFAULT 1 COMMENT '商品状态，如上架、售尽、热销、下架等',
  `main_sku` int(11) NOT NULL COMMENT '主打产品',
  `unit` varchar(20) CHARACTER SET utf8mb4 COLLATE utf8mb4_0900_ai_ci NOT NULL COMMENT '单位',
  `created_at` varchar(255) CHARACTER SET utf8mb4 COLLATE utf8mb4_0900_ai_ci NOT NULL COMMENT '创建人',
  PRIMARY KEY (`id`) USING BTREE
) ENGINE = InnoDB AUTO_INCREMENT = 139 CHARACTER SET = utf8mb4 COLLATE = utf8mb4_0900_ai_ci ROW_FORMAT = Dynamic;

-- ----------------------------
-- Records of app_product_sku
-- ----------------------------
INSERT INTO `app_product_sku` VALUES (4, 3, 1300, NULL, 0, 0, 910, 50, 'http://yanxuan.nosdn.127.net/ff996bcaa07a6f94b6c9543dbd13aeea.jpg', '庐山牛肉酱', 1, 1, '', '乐享');
INSERT INTO `app_product_sku` VALUES (7, 6, 6500, NULL, NULL, 0, 4550, 524, 'http://yanxuan.nosdn.127.net/a0b3397404ad44b6d4b4a40481a62ef7.jpg', '稻花香米', 1, 1, '', '乐享');
INSERT INTO `app_product_sku` VALUES (8, 7, 6500, 65564, 8, 0, 4550, 56, 'http://yanxuan.nosdn.127.net/1cdf505f9ee6afcb89edf3225cba8bbe.png', '生态大米', 1, 1, '', '乐享');
INSERT INTO `app_product_sku` VALUES (26, 20, 44400, 44400, NULL, 1000, 44, 4444, '', 'aaaaaaa', 1, 1, 'aaaaaaa', '1');
INSERT INTO `app_product_sku` VALUES (29, 4, 1300, NULL, NULL, 0, 910, 63, 'http://yanxuan.nosdn.127.net/e05f7fbbc77b789507930c2e443ce0ef.png', '海虾肉酱', 1, 1, '', '');
INSERT INTO `app_product_sku` VALUES (30, 5, 1300, NULL, NULL, 0, 910, 53, 'http://yanxuan.nosdn.127.net/d06a7149b689e7afd78658f5c42bd415.jpg', '观音春菇酱', 1, 1, '', '');
INSERT INTO `app_product_sku` VALUES (31, 2, 1300, NULL, 0, 0, 910, 50, 'http://yanxuan.nosdn.127.net/8a7fa6dac42a8916edba162fba52bc7d.jpg', '庐山石鱼酱', 1, 1, '', '');
INSERT INTO `app_product_sku` VALUES (111, 53, 0, NULL, 158000, -1, NULL, 50, 'https://www.xinglintang.net/upload/dbca676d-47bf-475c-b0f1-ce4b6ea1046f.jpg', '双高5日游', 1, 1, '次', '1');
INSERT INTO `app_product_sku` VALUES (112, 52, 0, NULL, 158000, -1, NULL, 50, 'https://www.xinglintang.net/upload/bf16f69f-3eaa-454b-9506-67a91b5dd837.jpg', '三亚进出五日游双飞', 1, 1, '次', '1');
INSERT INTO `app_product_sku` VALUES (113, 49, 0, NULL, 138000, -1, NULL, 50, 'https://www.xinglintang.net/upload/5e8267b8-8d12-46bd-80df-1c0ba44993ee.jpg', '海口进出五日游', 1, 1, '次', '1');
INSERT INTO `app_product_sku` VALUES (114, 48, 0, NULL, 168000, -1, NULL, 50, 'https://www.xinglintang.net/upload/772fbed6-4390-4c3c-aa58-11782f868ffa.png', '三飞奢华6日游', 1, 1, '次', '1');
INSERT INTO `app_product_sku` VALUES (115, 47, 0, NULL, 158000, -1, NULL, 49, 'http://120.25.197.11:8082/resources/photo/1ef47880-cb5f-4fa2-bd7e-9e6a0d4dda80.png', '双飞6日游', 1, 1, '次', '1');
INSERT INTO `app_product_sku` VALUES (117, 28, 60000, 60000, NULL, 1000, 420, 55, 'https://www.xinglintang.net/upload/IMG_0849.JPG', '标准', 1, 1, '罐', '39c519bb28b24f208e25d344d5bdf41b');
INSERT INTO `app_product_sku` VALUES (120, 26, 6500, NULL, NULL, 0, 4550, 50, 'https://www.xinglintang.net/upload/8961be1a-9b4b-4fff-9413-0fa0d3aa3a94.jpg', '香稻王', 1, 1, '包', '39c519bb28b24f208e25d344d5bdf41b');
INSERT INTO `app_product_sku` VALUES (121, 1, 6000, NULL, 0, 0, 4200, 50, 'https://www.xinglintang.net/upload/581edbdc-c228-4e8d-843f-c2c80cf18f53.jpg', '长白山山核桃油', 1, 1, '', '39c519bb28b24f208e25d344d5bdf41b');
INSERT INTO `app_product_sku` VALUES (129, 10, 0, 0, 32800, -1, 1, 119, 'https://www.xinglintang.net/upload/f846503e-b2f2-41dd-b8a5-93f6fac22e18.jpg', '标间', 1, 1, '', '39c519bb28b24f208e25d344d5bdf41b');
INSERT INTO `app_product_sku` VALUES (130, 27, 0, 0, 36800, -1, 0, 42, 'https://www.xinglintang.net/upload/f9bbc275-fa8a-491f-b87b-839e5bae03df.JPG', '大床房', 1, 1, '间', '39c519bb28b24f208e25d344d5bdf41b');
INSERT INTO `app_product_sku` VALUES (132, 29, 200000, 300, NULL, -1, 140000, 52, 'https://www.xinglintang.net/upload/410162e6-75d3-49f3-824e-632dcc95a9ab.jpg', '标准', 1, 1, '', '39c519bb28b24f208e25d344d5bdf41b');
INSERT INTO `app_product_sku` VALUES (134, 54, 4700, 3000, NULL, -1, 3290, 12, 'https://www.xinglintang.net/upload/2eeaba2d-28b3-4bb4-b13b-4244e9498a13.jpg', '标准', 1, 1, '4斤', '39c519bb28b24f208e25d344d5bdf41b');
INSERT INTO `app_product_sku` VALUES (135, 55, 5600, 4000, NULL, -1, 3919, 11, 'https://www.xinglintang.net/upload/3038e3e7-1eeb-4b90-bda8-38ff9ea0d517.jpg', '标准', 1, 1, '800克*2盒', '39c519bb28b24f208e25d344d5bdf41b');
INSERT INTO `app_product_sku` VALUES (136, 56, 3900, 2700, NULL, -1, 2729, 22, 'https://www.xinglintang.net/upload/bcc65e39-cb4e-4f91-abb9-eadb3a802136.png', '标准', 1, 1, '88g／杯*5杯', '39c519bb28b24f208e25d344d5bdf41b');
INSERT INTO `app_product_sku` VALUES (137, 57, 13900, 11800, NULL, -1, 9730, 15, 'https://www.xinglintang.net/upload/e95ddb77-b5b6-4291-b15e-22b72a4b69d2.jpg', '标准', 1, 1, '3袋', '39c519bb28b24f208e25d344d5bdf41b');
INSERT INTO `app_product_sku` VALUES (138, 58, 4900, 3500, NULL, -1, 3429, 33, 'https://www.xinglintang.net/upload/3bf78c5f-6259-4664-ad7e-6c566fb66763.jpg', '标准', 1, 1, '5斤', '39c519bb28b24f208e25d344d5bdf41b');

-- ----------------------------
-- Table structure for app_product_specification
-- ----------------------------
DROP TABLE IF EXISTS `app_product_specification`;
CREATE TABLE `app_product_specification`  (
  `id` int(11) NOT NULL AUTO_INCREMENT COMMENT 'id',
  `product_id` int(11) NOT NULL COMMENT '关联的商品',
  `specification_name` varchar(255) CHARACTER SET utf8mb4 COLLATE utf8mb4_0900_ai_ci NOT NULL COMMENT '规格名',
  `specification_value` varchar(255) CHARACTER SET utf8mb4 COLLATE utf8mb4_0900_ai_ci NOT NULL COMMENT '规格值',
  PRIMARY KEY (`id`) USING BTREE
) ENGINE = InnoDB AUTO_INCREMENT = 55 CHARACTER SET = utf8mb4 COLLATE = utf8mb4_0900_ai_ci ROW_FORMAT = Dynamic;

-- ----------------------------
-- Records of app_product_specification
-- ----------------------------
INSERT INTO `app_product_specification` VALUES (1, 7, '品牌', '叮咚熊');

-- ----------------------------
-- Table structure for app_productcategory
-- ----------------------------
DROP TABLE IF EXISTS `app_productcategory`;
CREATE TABLE `app_productcategory`  (
  `id` int(11) NOT NULL AUTO_INCREMENT COMMENT '商品种类id',
  `category_name` varchar(20) CHARACTER SET utf8mb4 COLLATE utf8mb4_0900_ai_ci NOT NULL COMMENT '商品种类名',
  PRIMARY KEY (`id`) USING BTREE
) ENGINE = InnoDB AUTO_INCREMENT = 8 CHARACTER SET = utf8mb4 COLLATE = utf8mb4_0900_ai_ci ROW_FORMAT = Dynamic;

-- ----------------------------
-- Records of app_productcategory
-- ----------------------------
INSERT INTO `app_productcategory` VALUES (1, '旅居康养');
INSERT INTO `app_productcategory` VALUES (2, '健康养生');
INSERT INTO `app_productcategory` VALUES (3, '食品酒水');
INSERT INTO `app_productcategory` VALUES (4, '洗护用品');
INSERT INTO `app_productcategory` VALUES (5, '家居百货');

-- ----------------------------
-- Table structure for app_productcollect
-- ----------------------------
DROP TABLE IF EXISTS `app_productcollect`;
CREATE TABLE `app_productcollect`  (
  `id` int(11) NOT NULL AUTO_INCREMENT COMMENT 'id',
  `user_id` int(11) NOT NULL COMMENT '用户id',
  `product_id` int(11) NOT NULL COMMENT '商品id',
  PRIMARY KEY (`id`) USING BTREE
) ENGINE = InnoDB AUTO_INCREMENT = 15 CHARACTER SET = utf8mb4 COLLATE = utf8mb4_0900_ai_ci ROW_FORMAT = Dynamic;

-- ----------------------------
-- Records of app_productcollect
-- ----------------------------
INSERT INTO `app_productcollect` VALUES (5, 100001, 7);
INSERT INTO `app_productcollect` VALUES (9, 100001, 11);
INSERT INTO `app_productcollect` VALUES (14, 100001, 8);

-- ----------------------------
-- Table structure for app_productcomment
-- ----------------------------
DROP TABLE IF EXISTS `app_productcomment`;
CREATE TABLE `app_productcomment`  (
  `id` int(11) NOT NULL AUTO_INCREMENT COMMENT 'id',
  `product_id` int(11) NOT NULL COMMENT '关联的用户',
  `user_id` int(11) NOT NULL COMMENT '关联的用户',
  `parend_id` int(11) NULL DEFAULT NULL COMMENT '评论id',
  `content` varchar(255) CHARACTER SET utf8mb4 COLLATE utf8mb4_0900_ai_ci NOT NULL COMMENT '内容',
  `fraction` int(8) NULL DEFAULT NULL COMMENT '分数 1-5',
  `images` varchar(255) CHARACTER SET utf8mb4 COLLATE utf8mb4_0900_ai_ci NULL DEFAULT NULL COMMENT '评论图片',
  `create_time` datetime(0) NOT NULL COMMENT '评论时间',
  PRIMARY KEY (`id`) USING BTREE
) ENGINE = InnoDB AUTO_INCREMENT = 1 CHARACTER SET = utf8mb4 COLLATE = utf8mb4_0900_ai_ci ROW_FORMAT = Dynamic;

-- ----------------------------
-- Table structure for app_roomticket
-- ----------------------------
DROP TABLE IF EXISTS `app_roomticket`;
CREATE TABLE `app_roomticket`  (
  `id` int(11) NOT NULL AUTO_INCREMENT COMMENT 'id',
  `user_id` int(11) NOT NULL COMMENT 'user_id',
  `ticket_count` int(11) NOT NULL COMMENT '数量',
  `expire_date` datetime(0) NOT NULL COMMENT '到期日期',
  `tocken_date` datetime(0) NOT NULL COMMENT '令牌日期',
  `tocken` varchar(50) CHARACTER SET utf8mb4 COLLATE utf8mb4_0900_ai_ci NOT NULL COMMENT '令牌',
  `status` int(11) NULL DEFAULT NULL COMMENT '状态',
  `returnIntegral` int(11) NOT NULL COMMENT '每次返还积分',
  PRIMARY KEY (`id`) USING BTREE
) ENGINE = InnoDB AUTO_INCREMENT = 2 CHARACTER SET = utf8mb4 COLLATE = utf8mb4_0900_ai_ci ROW_FORMAT = Dynamic;

-- ----------------------------
-- Table structure for app_store
-- ----------------------------
DROP TABLE IF EXISTS `app_store`;
CREATE TABLE `app_store`  (
  `id` int(11) NOT NULL AUTO_INCREMENT COMMENT 'id',
  `store_name` varchar(30) CHARACTER SET utf8mb4 COLLATE utf8mb4_0900_ai_ci NOT NULL COMMENT '店名',
  `address` varchar(50) CHARACTER SET utf8mb4 COLLATE utf8mb4_0900_ai_ci NOT NULL COMMENT '门店地址',
  `longitude` decimal(10, 6) NOT NULL COMMENT '门店坐标经度',
  `latitude` decimal(10, 6) NOT NULL COMMENT '门店坐标纬度',
  `phone` varchar(15) CHARACTER SET utf8mb4 COLLATE utf8mb4_0900_ai_ci NOT NULL COMMENT '门店电话',
  `logo` varchar(255) CHARACTER SET utf8mb4 COLLATE utf8mb4_0900_ai_ci NOT NULL COMMENT '门店logo',
  `introduction` varchar(500) CHARACTER SET utf8mb4 COLLATE utf8mb4_0900_ai_ci NULL DEFAULT NULL COMMENT '门店介绍',
  `business_hours` varchar(50) CHARACTER SET utf8mb4 COLLATE utf8mb4_0900_ai_ci NOT NULL COMMENT '门店营业时间',
  `owner_id` int(11) NULL DEFAULT NULL COMMENT '门店拥有者',
  `status` int(11) NOT NULL COMMENT '门店状态',
  PRIMARY KEY (`id`) USING BTREE
) ENGINE = InnoDB AUTO_INCREMENT = 12 CHARACTER SET = utf8mb4 COLLATE = utf8mb4_0900_ai_ci ROW_FORMAT = Dynamic;

-- ----------------------------
-- Records of app_store
-- ----------------------------
INSERT INTO `app_store` VALUES (1, '庐山铭佳温泉养生酒店', '江西省九江市庐山市温泉镇212省道庐山温泉华侨度假村(近东林大佛景点)', 115.920621, 29.415923, '0792-2608988', 'http://yanxuan.nosdn.127.net/7ee01a07c541b45a690945317cddd038.png', '养生酒店', '24小时', 1, 1);
INSERT INTO `app_store` VALUES (2, '九江站', '江西省九江市濂溪区长虹大道60号', 116.005636, 29.704400, '07928591234', 'http://yanxuan.nosdn.127.net/7ac01ab36995bbf7acc101fd506eeb5e.png', '九江火车站', '24小时', 1, 1);
INSERT INTO `app_store` VALUES (3, '庐山市人民政府', '江西省九江市庐山市紫阳南路45号', 116.044361, 29.448411, '0792-2673880', 'http://yanxuan.nosdn.127.net/2b59775dc8862461f5de760c57d3df3d.png', 'qwqw', '8-18', 1, 1);
INSERT INTO `app_store` VALUES (4, '天空之城动漫电玩世界（快乐城店）', ' 浔阳区长江大道联盛快乐城2楼A2--036', 115.970417, 29.702001, '17746692762', 'http://yanxuan.nosdn.127.net/489478ac6fc0b316a7bed5127d9c02d0.png', '江西省九江市浔阳区京九路与长江大道交叉口西北角', ' 周一至周日 10:00-22:00', 1, 1);
INSERT INTO `app_store` VALUES (5, '果盖', '浔阳区长虹西大道九方购物中心3楼', 115.976060, 29.685740, '0792-8197773', 'http://yanxuan.nosdn.127.net/da17ee6c91516ad0e795daf800242d41.png', '111', '周一至周日 09:00-21:30', 1, 1);
INSERT INTO `app_store` VALUES (6, '过锅瘾三汁焖锅', '浔阳区四码头信华广场内', 115.989921, 29.725841, '0792-8101888', 'http://yanxuan.nosdn.127.net/5b278c86b05b5988138e56777c92a08f.png', '3333', '周一至周日 10:00-22:00', 1, 1);
INSERT INTO `app_store` VALUES (7, '华莱士·炸鸡汉堡', '浔阳区九瑞大道53号', 116.017000, 29.704010, '0792-8502886', 'http://yanxuan.nosdn.127.net/b5363e4ecd102f3c87ac37295da13cee.png', '444', '周一至周日 09:00-21:00', 1, 1);
INSERT INTO `app_store` VALUES (8, '云南过桥米线', '濂溪区前进东路199号汇通电器对面', 115.995579, 29.677088, '0792-8178090', 'http://yanxuan.nosdn.127.net/a6e82b7517afb4d5105433c96d360c68.png', '5555', '周一至周日 10:00-23:30', 1, 1);
INSERT INTO `app_store` VALUES (9, '妙可芝芝士棒', '浔阳区双峰路2号', 115.991751, 29.725752, '13585544993', 'http://yanxuan.nosdn.127.net/9287ce094d9beb7106a59a4bc7bb3d93.png', '666', '周一至周日 10:00-21:30', 1, 1);
INSERT INTO `app_store` VALUES (10, '老手艺土钵菜', '浔阳区京九路9号联盛快乐城4楼', 115.970417, 29.702001, '0792-8379589', 'http://yanxuan.nosdn.127.net/7a00a95259f04500df167500c70f6457.png', '777', '周一至周日 10:30-21:00', 1, 1);
INSERT INTO `app_store` VALUES (11, '九江公司', '江西省九江市濂溪区长虹大道282号', 115.997177, 29.699376, '15507926663', 'http://yanxuan.nosdn.127.net/47424eabcc471eb0ab0f73210ae12363.jpg', '888', '周一至周六 8:30-18:00', 1, 1);

-- ----------------------------
-- Table structure for app_user
-- ----------------------------
DROP TABLE IF EXISTS `app_user`;
CREATE TABLE `app_user`  (
  `id` int(11) NOT NULL AUTO_INCREMENT,
  `openid` varchar(50) CHARACTER SET utf8mb4 COLLATE utf8mb4_0900_ai_ci NULL DEFAULT NULL COMMENT 'openid',
  `nickName` varchar(50) CHARACTER SET utf8mb4 COLLATE utf8mb4_0900_ai_ci NULL DEFAULT NULL COMMENT '昵称',
  `avatarUrl` varchar(255) CHARACTER SET utf8mb4 COLLATE utf8mb4_0900_ai_ci NULL DEFAULT NULL COMMENT '头像',
  `gender` int(11) NULL DEFAULT NULL COMMENT '性别',
  `phone` varchar(11) CHARACTER SET utf8mb4 COLLATE utf8mb4_0900_ai_ci NULL DEFAULT NULL COMMENT '手机',
  `real_name` varchar(20) CHARACTER SET utf8mb4 COLLATE utf8mb4_0900_ai_ci NULL DEFAULT NULL COMMENT '真实姓名',
  `id_card` varchar(18) CHARACTER SET utf8mb4 COLLATE utf8mb4_0900_ai_ci NULL DEFAULT NULL COMMENT '身份证',
  `level` int(11) NULL DEFAULT NULL COMMENT '会员等级 0普通用户 1乐享居民  2乐享创业人  3乐享城主  4乐享合伙人',
  `identity` int(11) NULL DEFAULT NULL COMMENT '员工身份',
  `last_login_ip` varchar(50) CHARACTER SET utf8mb4 COLLATE utf8mb4_0900_ai_ci NULL DEFAULT NULL COMMENT '上次登录ip',
  `last_login_date` datetime(0) NULL DEFAULT NULL COMMENT '上次登录时间',
  `create_date` datetime(0) NULL DEFAULT NULL COMMENT '创建日期',
  `status` int(11) NULL DEFAULT NULL COMMENT '状态',
  `superior` int(11) NULL DEFAULT NULL COMMENT '上级',
  `balance` int(11) NULL DEFAULT NULL COMMENT '余额',
  `integral` int(11) NULL DEFAULT NULL COMMENT '积分',
  `total_income` int(11) NULL DEFAULT NULL COMMENT '总收益',
  `now_income` int(11) NULL DEFAULT NULL COMMENT '现在可用收益',
  `freeze_income` int(11) NULL DEFAULT NULL COMMENT '现在可用收益',
  `first_level_proxy_ratio` float NULL DEFAULT NULL COMMENT '一级代理收成比例',
  `second_level_proxy_ratio` float NULL DEFAULT NULL COMMENT '二级代理收成比例',
  `invite_amount` int(11) NULL DEFAULT NULL COMMENT '邀请数',
  `purchaseDiscount` int(11) NULL DEFAULT NULL COMMENT '购房折扣',
  PRIMARY KEY (`id`) USING BTREE
) ENGINE = InnoDB AUTO_INCREMENT = 100035 CHARACTER SET = utf8mb4 COLLATE = utf8mb4_0900_ai_ci ROW_FORMAT = Dynamic;

-- ----------------------------
-- Records of app_user
-- ----------------------------
INSERT INTO `app_user` VALUES (100001, 'oFixt5exQ1PWVWBQQAT_TC7ZWQ4Y', '小盒子', 'https://wx.qlogo.cn/mmopen/vi_32/Q0j4TwGTfTKXlr7KzJgOlleKVMFkmpfYibzz7y9JVNyibjf5SlhZQULibsRUyJKyAexAM2LeLkY7LwL6us1aw9Ehg/132', 1, '13336137215', '何伟伟', '360403199701211212', 1, 0, '172.16.41.226', '2020-05-19 16:52:36', '2020-04-28 12:05:42', 1, 0, 0, 1298800, 0, 0, 0, 0, 0, 3, 1);
INSERT INTO `app_user` VALUES (100003, 'oFixt5cACWqXMhQFrMPLHCyC6ekk', 'L', 'https://wx.qlogo.cn/mmopen/vi_32/xMP1xUaJ9k3sOD89nQIpQKoVqZscQxlyibS2KQSOVUnAicwibxgg17VJKSUiaMLdBc7FcbYXbhYZQ4oMGWuy8fhjBg/132', 2, NULL, '陆新格', '360421199809165028', 0, 0, '172.16.41.226', '2020-05-20 09:54:11', '2020-04-22 15:51:45', 1, 100001, 0, 0, 0, 0, 0, 0, 0, 1, NULL);
INSERT INTO `app_user` VALUES (100004, 'oFixt5RSUYFp_shpKNr7EJ7pyLwg', '休闲匆忙', 'https://wx.qlogo.cn/mmopen/vi_32/BqeVJKI43H519aCQziaSbYQHawb3tKLwtETBRJImxYtbeUIEtAeHxJ7X0B4FCzkTsVByDqF9NfSUwjBQicWyXo0g/132', 1, NULL, '林强', '360425198010260218', 1, 0, '172.16.41.226', '2020-05-20 07:26:47', '2020-04-28 14:20:28', 1, 100001, 0, 619200, 0, 0, 0, 0, 0, 7, 1);
INSERT INTO `app_user` VALUES (100005, 'oFixt5dIJjC9I2Y4XVXDP_WRWLD0', '张少兰15879138931', 'https://wx.qlogo.cn/mmopen/vi_32/Q0j4TwGTfTL3arlicqjOiacbI5qKzsP7VPZlvibdC7iasxzDjTUj57VYkTJqIkkD4uQhUuADV5Q3ZCN48wUlauCuzw/132', 2, '15879106063', '张少兰', '360425196307272026', 0, 0, '172.16.41.226', '2020-05-21 02:03:40', '2020-04-28 14:22:38', NULL, 100004, 0, 0, 0, 0, 0, 0, 0, 0, NULL);
INSERT INTO `app_user` VALUES (100007, 'oFixt5YEwFHiSkVremRijVp5_IYQ', '🙋🙅🙋🙅🙋🙅', 'https://wx.qlogo.cn/mmopen/vi_32/YWJk3rd3AkU9u5siaJYb68KHlnp7nrfic23FKRM7XmRet4OZXeYYU1BqMnDojgLkvr5ctPWdaiarj9iavibWMWdGsyw/132', 1, '13336137211', 'hww', '360403198506231514', 0, 0, '172.16.41.226', '2020-05-19 09:39:40', '2020-05-02 00:23:42', 1, 100003, 0, 0, 0, 0, 0, 0, 0, 0, NULL);
INSERT INTO `app_user` VALUES (100008, 'oFixt5epYgYNtPy_s3FhNR5lSlyo', '。', 'https://wx.qlogo.cn/mmopen/vi_32/I6u4aBvFRZ4ErliaJ8iasn9oQLXSicD340RH8OiaawFcE0icia47KaB4YWjYHuwH7tiaFr0cGuTibia79CvukaFfw5GgOsA/132', 1, NULL, '徐晶波', '36042519970806001X', 1, 0, '172.16.41.226', '2020-05-20 08:57:07', '2020-05-09 11:47:02', 1, 0, 100, 200000, 5, 0, 100, 0, 0, 0, NULL);
INSERT INTO `app_user` VALUES (100009, 'oFixt5RbMJxwAUEArA4bXuL1wqIM', 'A尚臻₁₉₈₅', 'https://wx.qlogo.cn/mmopen/vi_32/DYAIOgq83erJDuIEia4Idq3w5PaRTtdESQ3l3uDVrG4z2IIibL0v1B5Yufico1Ibibwib0pJ6k5XeLV46EibgUbTqcYw/132', 1, '13617491985', '刘振兴', '430223198510012274', 1, 0, '172.16.41.226', '2020-05-20 10:12:38', '2020-05-09 11:55:17', 1, 0, 0, 2929600, 0, 0, 0, 0, 0, 2, 1);
INSERT INTO `app_user` VALUES (100010, 'oFixt5YSYPsoq7ow5AJ2U5VATXj4', 'Vicky & 小媛宝', 'https://wx.qlogo.cn/mmopen/vi_32/DYAIOgq83eowFEia0r3gZZjdpmekeBhibk2OqlxI08g5icticOI8wBJOqibuEnfUTDdNT2SM3ZfkhibUwGrdu9KMW4Vg/132', 2, NULL, NULL, NULL, 0, 0, '182.97.164.76', '2020-05-09 12:29:36', '2020-05-09 12:29:36', 1, 100004, 0, 0, 0, 0, 0, 0, 0, 0, NULL);
INSERT INTO `app_user` VALUES (100011, 'oFixt5Q2ImZaL-cdJd7UzBCsh8Tc', '乐享部落💯谢勇', 'https://wx.qlogo.cn/mmopen/vi_32/WFmbCaibfZX9DxR7hVNicRrdXMzo4UTXHhdvQkMKibMRFjW35l3PxV10mwj9C2Qf4BUf5LWIbNxOc7aicibDAOviaQ4g/132', 1, '18874799393', '谢勇', '43021919810704137X', 1, 0, '172.16.41.226', '2020-05-20 07:49:00', '2020-05-09 15:01:07', 1, 0, 0, 652000, 0, 0, 0, 0, 0, 6, 0);
INSERT INTO `app_user` VALUES (100012, 'oFixt5ZjGzmFmnYxyhtWR6B3ubjY', '狼*鹰*狠*赢', 'https://wx.qlogo.cn/mmopen/vi_32/Q0j4TwGTfTLL8uDthAxeudxpiavZ2PhibXjL1TibLUicyNYADxic9FtfNicoJqgdodF2WGgMDb63V7XhiaPIvu9cSDnVw/132', 1, NULL, NULL, NULL, 0, 0, '182.97.166.201', '2020-05-09 15:11:52', '2020-05-09 15:11:52', 1, 100004, 0, 0, 0, 0, 0, 0, 0, 2, NULL);
INSERT INTO `app_user` VALUES (100013, 'oFixt5Vxpeb0CQHawVDnFX1Cw4i8', '热干面', 'https://wx.qlogo.cn/mmopen/vi_32/Q0j4TwGTfTLaaY3AQXuwhm4XExbOkZpXKl4887RylkVz0YoCDdTkI7eUHtibNxe7picImg4AmqSRN7sDUbMEYO9Q/132', 1, NULL, NULL, NULL, 0, 0, '182.97.101.192', '2020-05-09 15:13:22', '2020-05-09 15:13:22', 1, 100012, 0, 0, 0, 0, 0, 0, 0, 0, NULL);
INSERT INTO `app_user` VALUES (100014, 'oFixt5QIb1-VM1gjl30iMU8u4p7o', '星林堂养老～～盛钢', 'https://wx.qlogo.cn/mmopen/vi_32/b42mB0EovLwoQ7DVGoiaKHGmAbHibsK9TNPfe5DgvjSxbttqXqLH6Pu4JDwPTkwme4UuLU7QVp6dXUtKJJYWRKPw/132', 1, NULL, '盛钢', '360403197710140935', 0, 0, '172.16.41.226', '2020-05-19 12:20:34', '2020-05-09 15:14:34', 1, 100012, 0, 0, 0, 0, 0, 0, 0, 0, NULL);
INSERT INTO `app_user` VALUES (100015, 'oFixt5TQF9MPg_43L4Pw6ESo8njM', 'LX', 'https://wx.qlogo.cn/mmopen/vi_32/Q0j4TwGTfTIR4HVIDaetUXc4BRZic5ljfwHr35JWVAooqGlyRUMQj1W0cFO297kTFkuLgvlqn3XQA7JUhyFyLDg/132', 2, '13870228299', '刘霞', '360422196505234427', 1, 0, '172.16.41.226', '2020-05-19 16:52:54', '2020-05-09 15:16:10', 1, 100004, 0, 688800, 0, 0, 0, 0, 0, 0, 1);
INSERT INTO `app_user` VALUES (100016, 'oFixt5RVn5w0mjQjpYUgfTyrA1Ok', '康生', 'https://wx.qlogo.cn/mmopen/vi_32/jeMsDH5v9vMBawxvCdPnKs4U2PqIw6xavMNqUVicia2Y5D62pEW80ugSnkMjMnxn4WpABrTibZzibbwu68kTKurUCw/132', 1, '18680524477', '康学技', '622301198412191736', 1, 0, '172.16.41.226', '2020-05-19 10:58:22', '2020-05-09 15:26:31', 1, 100011, 0, 1577600, 0, 0, 0, 0, 0, 0, 0);
INSERT INTO `app_user` VALUES (100017, 'oFixt5TtX6FoOYQFG7j-q-9nQyNk', '破烂换烟火', 'https://wx.qlogo.cn/mmopen/vi_32/Q0j4TwGTfTJdzQq1MmnHzFy0bRMS8fVduricHTyf9ryUKCc8xM8caHzoSVbZmPOlicO13parao622SYvs1e1Y88Q/132', 1, '13507328838', '谷献', '430304198002042553', 1, 0, '172.16.41.226', '2020-05-20 10:15:41', '2020-05-09 15:26:55', 1, 100011, 0, 1177800, 0, 0, 0, 0, 0, 0, 1);
INSERT INTO `app_user` VALUES (100018, 'oFixt5UTHKQhom3H9PhZq9QoJ6y8', '东方', 'https://wx.qlogo.cn/mmopen/vi_32/EQKiaMO6jib5PTuA6yEjkSQib2CAJViaMfABBDiaRhTzZiah4LsuBic6L3Vx6SgLKJKhXx2ErtppHJT3ZLWy5SyfNtfIw/132', 0, '18902211119', '刘东平', '440105197506131819', 1, 0, '172.16.41.226', '2020-05-19 09:59:06', '2020-05-09 15:31:11', 1, 100011, 0, 629000, 0, 0, 0, 0, 0, 0, 1);
INSERT INTO `app_user` VALUES (100019, 'oFixt5YhwKlg8uirHhk4q6fR7Qvg', '静默', 'https://wx.qlogo.cn/mmopen/vi_32/pSbm4a0Ns1CW9M6gsicVp4pWc8b9GwSB8QOroiczg6Jd293oNmtGp25CfEzDmX9h2puQN1FAnMzVIOial6wJLOxfQ/132', 2, '13975228589', '周娜', '430302197802084527', 1, 0, '172.16.41.226', '2020-05-19 09:59:15', '2020-05-09 15:35:29', 1, 100011, 0, 688800, 0, 0, 0, 0, 0, 0, 1);
INSERT INTO `app_user` VALUES (100020, 'oFixt5erfkpQpWjhb8TMy7oKsjRo', '徐欢', 'https://wx.qlogo.cn/mmopen/vi_32/Q0j4TwGTfTLns0otSoll9L2uZx5KqHPmcoflwJyqOsfy1DLKINJDkVBEzBRBNibPFmEmiaAZhibsv7G6sBVVO4aew/132', 1, '15870863314', '徐欢', '360402199306253113', 1, 0, '172.16.41.226', '2020-05-19 10:09:43', '2020-05-09 15:35:50', 1, 100011, 0, 688800, 0, 0, 0, 0, 0, 1, 1);
INSERT INTO `app_user` VALUES (100021, 'oFixt5f7uLw57GmRI1kmVzZkty3w', '乐享部落', 'https://wx.qlogo.cn/mmopen/vi_32/lO18wictFDSDumhI0NSWBaknI93KWTzQeeHDItKlpYtSY2S3Og5IzPWDxdrk0p4icibh5N2yj295F5dGfqFn9V5Ag/132', 0, NULL, NULL, NULL, 0, 0, '172.16.41.226', '2020-05-21 08:33:34', '2020-05-10 22:25:37', 1, 0, 0, 0, 0, 0, 0, 0, 0, 1, NULL);
INSERT INTO `app_user` VALUES (100022, 'oFixt5TwcZPllrplcpjksgml3mKY', '💋👏随缘特产15688906593', 'https://wx.qlogo.cn/mmopen/vi_32/DYAIOgq83epibwkhvhepnH4raHkc8VUUiaf0u61YiaFywSnHthrCITtyQibMNVHx1llj8geL07EA0drH0HfqdaZL2w/132', 2, NULL, NULL, NULL, 0, 0, '172.16.41.226', '2020-05-11 18:27:33', '2020-05-11 18:27:33', 1, 100004, 0, 0, 0, 0, 0, 0, 0, 0, NULL);
INSERT INTO `app_user` VALUES (100023, 'oFixt5QlrA9QeljnNjXVuhuarNTw', '西瓜🍭', 'https://wx.qlogo.cn/mmopen/vi_32/gcw1QiaBh5PX0rvH5122OdLd9zDV4etzGJIpjTwRHPNHqNibfYfdt5TCiaLoXpvAJYd02dwc5QZrKjAfibyfbr346g/132', 1, NULL, NULL, NULL, 0, 0, '172.16.41.226', '2020-05-20 16:02:29', '2020-05-12 12:07:26', 1, 100021, 0, 0, 0, 0, 0, 0, 0, 0, NULL);
INSERT INTO `app_user` VALUES (100024, 'oFixt5YTy_RvMXj0yIS-Q04S85Kg', '罗兴东', 'https://wx.qlogo.cn/mmopen/vi_32/Q0j4TwGTfTI2tXxmdmUzfNWGbUvibIFicqcp47ia5KCaP0CiaGTsuWmCDbBsCFdJvL6DX5v1OB2YMndia2wscwM6paA/132', 1, NULL, NULL, NULL, 0, 0, '172.16.41.226', '2020-05-13 12:28:11', '2020-05-13 12:28:11', 1, 100004, 0, 0, 0, 0, 0, 0, 0, 0, NULL);
INSERT INTO `app_user` VALUES (100025, 'oFixt5QEWZ2EeuCvh-WTLBy1zQcQ', '许丽云', 'https://wx.qlogo.cn/mmopen/vi_32/eS74POV6uydskLF4NaJ9K7eDGDm3CrBksthvndAhymmmHGkvNN3tibeKxV6TF0iauCuJmtt9Z3rDPbKqTl6s9mCw/132', 2, '18179939203', '许丽云', '360403197006240924', 1, 0, '172.16.41.226', '2020-05-19 13:47:41', '2020-05-14 10:29:02', 1, 100004, 0, 652000, 0, 0, 0, 0, 0, 4, 1);
INSERT INTO `app_user` VALUES (100026, 'oFixt5cIPngydBtaUEHBjjeMEJSA', '燕鸽', 'https://wx.qlogo.cn/mmopen/vi_32/Q0j4TwGTfTKRgxaAfDxKYicIuUbROxnibPv0wTLn3NTX3xHicSOvdqk30aLPD5Dba3pickp9ZM5zAvKMeF2bwqCWSw/132', 2, '18707996957', '黄燕鸽', '410426198808083522', 1, 0, '172.16.41.226', '2020-05-19 10:14:46', '2020-05-14 10:33:50', 1, 100025, 0, 688800, 0, 0, 0, 0, 0, 0, 1);
INSERT INTO `app_user` VALUES (100027, 'oFixt5aK6lsqNK0k2K2czjUdPHDQ', '刘晓勤', 'https://wx.qlogo.cn/mmopen/vi_32/CuacTwk4hF9l7iclhvJGONTOcKbbneC6tDvEMC2FUPNe2xYmiar7OkP9dxvnnian1Wb2rfLFNiaLx4mSgNYibZ8v3Sw/132', 0, NULL, NULL, NULL, 0, 0, '172.16.41.226', '2020-05-14 10:34:46', '2020-05-14 10:34:46', 1, 100025, 0, 0, 0, 0, 0, 0, 0, 0, NULL);
INSERT INTO `app_user` VALUES (100028, 'oFixt5YiY6VKh33YNLV3ntS0tLcE', '梅', 'https://wx.qlogo.cn/mmopen/vi_32/9FBOkdfEKEtkF1ltBCwia3w3AOpwK7rZeSDo3vInibqWwPcPCt2DVe1qt0bRI8Fkt1mmTzAbccHT4xA6wekiaxYHQ/132', 2, NULL, NULL, NULL, 0, 0, '172.16.41.226', '2020-05-14 10:34:55', '2020-05-14 10:34:55', 1, 100025, 0, 0, 0, 0, 0, 0, 0, 0, NULL);
INSERT INTO `app_user` VALUES (100029, 'oFixt5e8Jr6UEpdy4XRSyVxYAAtM', '彭于晏的小宝贝', 'https://wx.qlogo.cn/mmopen/vi_32/Q0j4TwGTfTI1tK8DOJUm7enWBial325JexECKjF2VLvN1QNjHPZVibXSwj2hBBFJcCLdQEtj2e9ics3THno3cg47w/132', 2, NULL, NULL, NULL, 0, 0, '172.16.41.226', '2020-05-15 09:29:11', '2020-05-15 09:29:11', 1, 100009, 0, 0, 0, 0, 0, 0, 0, 0, 0);
INSERT INTO `app_user` VALUES (100030, 'oFixt5R7wTxKjmZ4rQ_hG4UitHso', 'DeviLee', 'https://wx.qlogo.cn/mmopen/vi_32/Qw6zl3NUfHsbAVdneDRybu8x8nyibg0Cibvl4fkqlVCdiaUVibCbaJ2thpX9AIplpVaVVLlRwFmXYmQaRsDCFE7nXw/132', 1, NULL, NULL, NULL, 0, 0, '172.16.41.226', '2020-05-16 10:51:28', '2020-05-16 10:51:28', 1, 100025, 0, 0, 0, 0, 0, 0, 0, 0, 0);
INSERT INTO `app_user` VALUES (100031, 'oFixt5QCLX2YF5xK8bX6MR7qLZR0', '🖕', 'https://wx.qlogo.cn/mmopen/vi_32/DYAIOgq83eoeD3jaU0AvK7biaGpSBe0MEeGmgxTsMwxd95Z7djicuwicsC8W9aV1Eicj4oImvJsfyFiauAIFEZibnBibQ/132', 1, NULL, NULL, NULL, 0, 0, '172.16.41.226', '2020-05-18 14:38:33', '2020-05-18 14:38:33', 1, 100001, 0, 0, 0, 0, 0, 0, 0, 0, 0);
INSERT INTO `app_user` VALUES (100032, 'oFixt5QaP9syUJrWkFhvwO_gs-aQ', '星林堂养老产业发展有限公司', 'https://wx.qlogo.cn/mmopen/vi_32/v04Sia72tUAVyjU260nC8RkvicWibpCSgN7c0pYTr0XVqCn1OqzbVpaNiabw5BJBmaPyZsnW9kzlwSR8ZN0vIHoZhA/132', 2, NULL, NULL, NULL, 0, 0, '172.16.41.226', '2020-05-19 19:27:07', '2020-05-18 19:22:21', 1, 100009, 0, 0, 0, 0, 0, 0, 0, 0, 0);
INSERT INTO `app_user` VALUES (100033, 'oFixt5YxsI1FJg3p0XroukT9Hcv0', '不负神明', 'https://wx.qlogo.cn/mmopen/vi_32/Q0j4TwGTfTIxPvOJzAsvkWG1iaB5BgwmibBz3dMnrpkClJv51MY1hdib117Nm5BXTnJkI4KRMeBLrgjs0cgbgscPA/132', 2, '15216203943', '戴慧玲', '362201200106275449', 1, 0, '172.16.41.226', '2020-05-19 10:22:04', '2020-05-19 10:22:04', 1, 100011, 0, 670800, 0, 0, 0, 0, 0, 0, 1);
INSERT INTO `app_user` VALUES (100034, 'oFixt5TBqbqIhoiBGwT8QuXetNSQ', '轻挑眉间ッ', 'https://wx.qlogo.cn/mmopen/vi_32/Q0j4TwGTfTK6a99H5BzKEEqLibC0D5hCyq88DEicLoxgYXg7NhrglCEpxp2NOjDDiciaicyausuLInyKs6K3a6fO0AA/132', 1, '18611877232', '李正波', '460033198703184512', 1, 0, '172.16.41.226', '2020-05-19 10:29:37', '2020-05-19 10:29:37', 1, 100020, 0, 647000, 0, 0, 0, 0, 0, 0, 1);

-- ----------------------------
-- Table structure for app_userintegral
-- ----------------------------
DROP TABLE IF EXISTS `app_userintegral`;
CREATE TABLE `app_userintegral`  (
  `id` int(11) NOT NULL AUTO_INCREMENT COMMENT 'id',
  `user_id` int(11) NOT NULL COMMENT '用户id',
  `get_description` varchar(30) CHARACTER SET utf8mb4 COLLATE utf8mb4_0900_ai_ci NULL DEFAULT NULL COMMENT '得到描述',
  `lose_description` varchar(30) CHARACTER SET utf8mb4 COLLATE utf8mb4_0900_ai_ci NULL DEFAULT NULL COMMENT '失去描述',
  `amount` int(11) NOT NULL COMMENT '数量',
  `last_amount` int(11) NULL DEFAULT NULL COMMENT '剩余数量',
  `transaction_time` datetime(0) NULL DEFAULT NULL COMMENT '交易时间 （不可用积分）',
  `unfreeze_time` datetime(0) NULL DEFAULT NULL COMMENT '解冻时间 （变成可使用积分）',
  `use_time` datetime(0) NULL DEFAULT NULL COMMENT '使用时间 （变成可使用积分）',
  `expired_time` datetime(0) NULL DEFAULT NULL COMMENT '过期时间',
  `status` int(11) NOT NULL COMMENT '状态   1待结算  2已结算  3已使用  4已过期',
  PRIMARY KEY (`id`) USING BTREE
) ENGINE = InnoDB AUTO_INCREMENT = 89 CHARACTER SET = utf8mb4 COLLATE = utf8mb4_0900_ai_ci ROW_FORMAT = Dynamic;

-- ----------------------------
-- Records of app_userintegral
-- ----------------------------
INSERT INTO `app_userintegral` VALUES (1, 100001, '购物所得', NULL, 7000, 7000, '2020-05-05 13:58:48', NULL, NULL, NULL, 1);
INSERT INTO `app_userintegral` VALUES (2, 100001, '购物所得', NULL, 5000, 5000, '2020-05-05 14:13:18', '2020-05-05 14:13:21', NULL, NULL, 2);
INSERT INTO `app_userintegral` VALUES (3, 100001, '兑换物品', NULL, 8000, 8000, '2020-05-05 14:13:48', '2020-05-05 14:13:53', '2020-05-05 14:13:56', NULL, 3);
INSERT INTO `app_userintegral` VALUES (4, 100001, '积分到期', NULL, 5000, 5000, '2020-05-05 14:14:26', '2020-05-05 14:14:30', '2020-05-05 14:14:49', '2020-05-05 16:22:16', 4);
INSERT INTO `app_userintegral` VALUES (5, 100001, '后台充值', NULL, 99999, 99999, '2020-05-05 14:18:17', '2020-05-05 14:18:19', NULL, NULL, 2);
INSERT INTO `app_userintegral` VALUES (13, 100001, '测试500', '', 500, 90701, '2020-05-13 08:14:50', '2020-05-13 08:14:50', NULL, NULL, 2);
INSERT INTO `app_userintegral` VALUES (14, 100001, '开卡获得积分', NULL, 200000, 200000, '2020-05-14 17:49:19', '2020-05-14 17:49:19', NULL, NULL, 2);
INSERT INTO `app_userintegral` VALUES (15, 100001, '开卡获得积分', NULL, 688800, 688800, '2020-05-15 08:29:02', '2020-05-15 08:29:02', NULL, NULL, 2);
INSERT INTO `app_userintegral` VALUES (16, 100001, NULL, '兑换商品', 36800, NULL, NULL, NULL, '2020-05-15 09:19:35', NULL, 3);
INSERT INTO `app_userintegral` VALUES (17, 100009, '系统添加', '', 5000, 5000, '2020-05-16 13:00:52', '2020-05-16 13:00:52', NULL, NULL, 2);
INSERT INTO `app_userintegral` VALUES (18, 100009, '系统添加', '', 500000, 505000, '2020-05-16 13:02:07', '2020-05-16 13:02:07', NULL, NULL, 2);
INSERT INTO `app_userintegral` VALUES (19, 100009, '', '系统测试', 5000, 500000, '2020-05-16 13:02:50', '2020-05-16 13:02:50', NULL, NULL, 2);
INSERT INTO `app_userintegral` VALUES (20, 100004, '开卡获得积分', NULL, 688800, 688800, '2020-05-16 21:17:01', '2020-05-16 21:17:01', NULL, NULL, 2);
INSERT INTO `app_userintegral` VALUES (21, 100001, NULL, '兑换商品', 36800, NULL, NULL, NULL, '2020-05-18 08:05:49', NULL, 3);
INSERT INTO `app_userintegral` VALUES (22, 100001, NULL, '兑换商品', 328000, NULL, NULL, NULL, '2020-05-18 08:06:40', NULL, 3);
INSERT INTO `app_userintegral` VALUES (24, 100001, NULL, '兑换商品', 328000, NULL, NULL, NULL, '2020-05-18 08:38:09', NULL, 3);
INSERT INTO `app_userintegral` VALUES (25, 100001, NULL, '兑换商品', 328000, NULL, NULL, NULL, '2020-05-18 08:38:30', NULL, 3);
INSERT INTO `app_userintegral` VALUES (34, 100001, '', '测试减去12积分', 1200, NULL, NULL, NULL, '2020-05-18 01:32:10', NULL, 3);
INSERT INTO `app_userintegral` VALUES (35, 100001, '', '测试减去50积分', 5000, NULL, NULL, NULL, '2020-05-18 01:34:14', NULL, 3);
INSERT INTO `app_userintegral` VALUES (36, 100001, '测试加250积分', '', 25000, NULL, '2020-05-18 09:50:40', '2020-05-18 09:50:40', NULL, NULL, 2);
INSERT INTO `app_userintegral` VALUES (37, 100001, NULL, '兑换商品', 32800, NULL, NULL, NULL, '2020-05-18 12:25:09', NULL, 3);
INSERT INTO `app_userintegral` VALUES (38, 100001, '开卡获得积分', NULL, 200000, 200000, '2020-05-18 12:26:18', '2020-05-18 12:26:18', NULL, NULL, 2);
INSERT INTO `app_userintegral` VALUES (39, 100001, NULL, '兑换商品', 32800, NULL, NULL, NULL, '2020-05-18 12:26:44', NULL, 3);
INSERT INTO `app_userintegral` VALUES (41, 100001, '开卡获得积分', NULL, 688800, 688800, '2020-05-18 14:29:01', '2020-05-18 14:29:01', NULL, NULL, 2);
INSERT INTO `app_userintegral` VALUES (42, 100001, '开卡获得积分', NULL, 688800, 688800, '2020-05-18 14:36:20', '2020-05-18 14:36:20', NULL, NULL, 2);
INSERT INTO `app_userintegral` VALUES (43, 100001, '开卡获得积分', NULL, 688800, 688800, '2020-05-18 14:41:55', '2020-05-18 14:41:55', NULL, NULL, 2);
INSERT INTO `app_userintegral` VALUES (44, 100001, NULL, '兑换商品', 18000, NULL, NULL, NULL, '2020-05-18 16:00:37', NULL, 3);
INSERT INTO `app_userintegral` VALUES (45, 100008, '开卡获得积分', NULL, 200000, 200000, '2020-05-18 22:22:07', '2020-05-18 22:22:07', NULL, NULL, 2);
INSERT INTO `app_userintegral` VALUES (46, 100001, NULL, '兑换商品', 147200, NULL, NULL, NULL, '2020-05-19 08:04:42', NULL, 3);
INSERT INTO `app_userintegral` VALUES (47, 100001, NULL, '兑换商品', 184000, NULL, NULL, NULL, '2020-05-19 08:25:49', NULL, 3);
INSERT INTO `app_userintegral` VALUES (48, 100001, NULL, '兑换商品', 257600, NULL, NULL, NULL, '2020-05-19 08:57:45', NULL, 3);
INSERT INTO `app_userintegral` VALUES (49, 100001, NULL, '兑换商品', 73600, NULL, NULL, NULL, '2020-05-19 09:02:21', NULL, 3);
INSERT INTO `app_userintegral` VALUES (50, 100001, NULL, '兑换商品', 32800, NULL, NULL, NULL, '2020-05-19 09:03:15', NULL, 3);
INSERT INTO `app_userintegral` VALUES (51, 100001, NULL, '兑换商品', 36800, NULL, NULL, NULL, '2020-05-19 09:47:52', NULL, 3);
INSERT INTO `app_userintegral` VALUES (52, 100009, NULL, '兑换商品', 36800, NULL, NULL, NULL, '2020-05-19 09:50:04', NULL, 3);
INSERT INTO `app_userintegral` VALUES (53, 100001, NULL, '兑换商品', 18000, NULL, NULL, NULL, '2020-05-19 09:53:22', NULL, 3);
INSERT INTO `app_userintegral` VALUES (54, 100009, '开卡获得积分', NULL, 688800, 688800, '2020-05-19 09:55:48', '2020-05-19 09:55:48', NULL, NULL, 2);
INSERT INTO `app_userintegral` VALUES (55, 100019, '开卡获得积分', NULL, 688800, 688800, '2020-05-19 10:01:44', '2020-05-19 10:01:44', NULL, NULL, 2);
INSERT INTO `app_userintegral` VALUES (56, 100018, '开卡获得积分', NULL, 688800, 688800, '2020-05-19 10:03:10', '2020-05-19 10:03:10', NULL, NULL, 2);
INSERT INTO `app_userintegral` VALUES (57, 100018, NULL, '兑换商品', 36800, NULL, NULL, NULL, '2020-05-19 10:04:23', NULL, 3);
INSERT INTO `app_userintegral` VALUES (58, 100004, NULL, '兑换商品', 36800, NULL, NULL, NULL, '2020-05-19 10:06:06', NULL, 3);
INSERT INTO `app_userintegral` VALUES (59, 100017, '开卡获得积分', NULL, 688800, 688800, '2020-05-19 10:10:48', '2020-05-19 10:10:48', NULL, NULL, 2);
INSERT INTO `app_userintegral` VALUES (60, 100020, '开卡获得积分', NULL, 688800, 688800, '2020-05-19 10:12:03', '2020-05-19 10:12:03', NULL, NULL, 2);
INSERT INTO `app_userintegral` VALUES (61, 100011, '开卡获得积分', NULL, 688800, 688800, '2020-05-19 10:13:16', '2020-05-19 10:13:16', NULL, NULL, 2);
INSERT INTO `app_userintegral` VALUES (62, 100011, NULL, '兑换商品', 36800, NULL, NULL, NULL, '2020-05-19 10:14:14', NULL, 3);
INSERT INTO `app_userintegral` VALUES (63, 100026, '开卡获得积分', NULL, 688800, 688800, '2020-05-19 10:16:28', '2020-05-19 10:16:28', NULL, NULL, 2);
INSERT INTO `app_userintegral` VALUES (64, 100017, NULL, '兑换商品', 36800, NULL, NULL, NULL, '2020-05-19 10:21:15', NULL, 3);
INSERT INTO `app_userintegral` VALUES (65, 100017, '开卡获得积分', NULL, 688800, 688800, '2020-05-19 10:21:54', '2020-05-19 10:21:54', NULL, NULL, 2);
INSERT INTO `app_userintegral` VALUES (66, 100018, NULL, '兑换商品', 18000, NULL, NULL, NULL, '2020-05-19 10:22:48', NULL, 3);
INSERT INTO `app_userintegral` VALUES (67, 100033, '开卡获得积分', NULL, 688800, 688800, '2020-05-19 10:22:48', '2020-05-19 10:22:48', NULL, NULL, 2);
INSERT INTO `app_userintegral` VALUES (68, 100018, NULL, '兑换商品', 5000, NULL, NULL, NULL, '2020-05-19 10:23:24', NULL, 3);
INSERT INTO `app_userintegral` VALUES (69, 100033, NULL, '兑换商品', 18000, NULL, NULL, NULL, '2020-05-19 10:26:27', NULL, 3);
INSERT INTO `app_userintegral` VALUES (70, 100017, NULL, '兑换商品', 5000, NULL, NULL, NULL, '2020-05-19 10:31:08', NULL, 3);
INSERT INTO `app_userintegral` VALUES (71, 100034, '开卡获得积分', NULL, 688800, 688800, '2020-05-19 10:32:05', '2020-05-19 10:32:05', NULL, NULL, 2);
INSERT INTO `app_userintegral` VALUES (72, 100034, NULL, '兑换商品', 36800, NULL, NULL, NULL, '2020-05-19 10:32:57', NULL, 3);
INSERT INTO `app_userintegral` VALUES (73, 100034, NULL, '兑换商品', 5000, NULL, NULL, NULL, '2020-05-19 10:37:35', NULL, 3);
INSERT INTO `app_userintegral` VALUES (74, 100016, '开卡获得积分', NULL, 688800, 688800, '2020-05-19 10:59:54', '2020-05-19 10:59:54', NULL, NULL, 2);
INSERT INTO `app_userintegral` VALUES (75, 100016, '开卡获得积分', NULL, 688800, 688800, '2020-05-19 11:01:57', '2020-05-19 11:01:57', NULL, NULL, 2);
INSERT INTO `app_userintegral` VALUES (76, 100016, '开卡获得积分', NULL, 200000, 200000, '2020-05-19 11:02:08', '2020-05-19 11:02:08', NULL, NULL, 2);
INSERT INTO `app_userintegral` VALUES (77, 100001, NULL, '兑换商品', 36800, NULL, NULL, NULL, '2020-05-19 11:33:34', NULL, 3);
INSERT INTO `app_userintegral` VALUES (78, 100001, NULL, '兑换商品', 110400, NULL, NULL, NULL, '2020-05-19 12:11:27', NULL, 3);
INSERT INTO `app_userintegral` VALUES (79, 100025, '开卡获得积分', NULL, 688800, 688800, '2020-05-19 13:49:24', '2020-05-19 13:49:24', NULL, NULL, 2);
INSERT INTO `app_userintegral` VALUES (80, 100025, NULL, '兑换商品', 36800, NULL, NULL, NULL, '2020-05-19 13:50:22', NULL, 3);
INSERT INTO `app_userintegral` VALUES (81, 100009, '开卡获得积分', NULL, 688800, 688800, '2020-05-19 14:52:27', '2020-05-19 14:52:27', NULL, NULL, 2);
INSERT INTO `app_userintegral` VALUES (82, 100009, '开卡获得积分', NULL, 200000, 200000, '2020-05-19 14:52:35', '2020-05-19 14:52:35', NULL, NULL, 2);
INSERT INTO `app_userintegral` VALUES (83, 100009, '开卡获得积分', NULL, 200000, 200000, '2020-05-19 14:54:25', '2020-05-19 14:54:25', NULL, NULL, 2);
INSERT INTO `app_userintegral` VALUES (84, 100001, NULL, '兑换商品', 36800, NULL, NULL, NULL, '2020-05-19 15:02:08', NULL, 3);
INSERT INTO `app_userintegral` VALUES (85, 100015, '开卡获得积分', NULL, 688800, 688800, '2020-05-19 16:54:10', '2020-05-19 16:54:10', NULL, NULL, 2);
INSERT INTO `app_userintegral` VALUES (86, 100009, '开卡获得积分', NULL, 688800, 688800, '2020-05-19 20:28:06', '2020-05-19 20:28:06', NULL, NULL, 2);
INSERT INTO `app_userintegral` VALUES (87, 100004, NULL, '兑换商品', 32800, NULL, NULL, NULL, '2020-05-20 10:12:06', NULL, 3);
INSERT INTO `app_userintegral` VALUES (88, 100017, NULL, '兑换商品', 158000, NULL, NULL, NULL, '2020-05-20 10:16:11', NULL, 3);

-- ----------------------------
-- Table structure for sys_button
-- ----------------------------
DROP TABLE IF EXISTS `sys_button`;
CREATE TABLE `sys_button`  (
  `id` varchar(36) CHARACTER SET utf8 COLLATE utf8_general_ci NOT NULL COMMENT '按钮id主键',
  `button_code` varchar(36) CHARACTER SET utf8 COLLATE utf8_general_ci NOT NULL COMMENT '鎸夐挳缂栫爜',
  `status` varchar(36) CHARACTER SET utf8 COLLATE utf8_general_ci NULL DEFAULT NULL,
  `button_name` varchar(36) CHARACTER SET utf8 COLLATE utf8_general_ci NOT NULL COMMENT '鎸夐挳鍚嶇О',
  `menu_id` varchar(36) CHARACTER SET utf8 COLLATE utf8_general_ci NOT NULL COMMENT '所属菜单id',
  `description` varchar(255) CHARACTER SET utf8 COLLATE utf8_general_ci NULL DEFAULT NULL COMMENT '按钮描述',
  `create_user` varchar(36) CHARACTER SET utf8 COLLATE utf8_general_ci NULL DEFAULT NULL COMMENT '创建用户',
  `create_time` datetime(0) NULL DEFAULT NULL COMMENT '创建时间',
  `update_user` varchar(36) CHARACTER SET utf8 COLLATE utf8_general_ci NULL DEFAULT NULL COMMENT '更新用户',
  `update_time` datetime(0) NULL DEFAULT NULL COMMENT '更新时间',
  `button_url` varchar(36) CHARACTER SET utf8 COLLATE utf8_general_ci NULL DEFAULT NULL,
  PRIMARY KEY (`id`) USING BTREE
) ENGINE = InnoDB CHARACTER SET = utf8 COLLATE = utf8_general_ci ROW_FORMAT = Dynamic;

-- ----------------------------
-- Records of sys_button
-- ----------------------------
INSERT INTO `sys_button` VALUES ('0f9366c3ac244b7eab15aeaa6a03c943', 'T001', '1', '新增/修改', '3f913fd812364619a8efe9b727696a98', '新增/修改字典', '4fcee6c3f7164300ab75e67b32871145', '2020-02-29 16:33:41', NULL, NULL, 'sysdic:save');
INSERT INTO `sys_button` VALUES ('11a09de082b949bcbdd400723c2b3887', 'T002', '1', '删除', '95456a9c2e394441b97671dbe19137bb', '删除按钮', '4fcee6c3f7164300ab75e67b32871145', '2020-02-29 16:35:46', '4fcee6c3f7164300ab75e67b32871145', '2020-02-29 16:36:34', 'buttonConfig:deleteID');
INSERT INTO `sys_button` VALUES ('13f2ea34b9d5447e9d04943395aad098', 'T002', '1', '删除', '3f913fd812364619a8efe9b727696a98', '删除字典', '4fcee6c3f7164300ab75e67b32871145', '2020-02-29 16:33:05', NULL, NULL, 'sysdic:deleteID');
INSERT INTO `sys_button` VALUES ('1b38f27b09d6436cbd7ce578f28f7a8e', 'T003', '1', '批量删除', '3f913fd812364619a8efe9b727696a98', '批量删除字典类型', '4fcee6c3f7164300ab75e67b32871145', '2020-02-29 16:34:55', NULL, NULL, 'dicType:bacthDelete');
INSERT INTO `sys_button` VALUES ('292fa92fae2c4cb9a1136ba699a40365', 'T007', '1', '重置密码', 'fd8a867a59924bbcae445046d7e1a5c2', '重置密码', '4fcee6c3f7164300ab75e67b32871145', '2020-03-22 14:47:44', NULL, NULL, 'sysUser:resetPassword');
INSERT INTO `sys_button` VALUES ('2d062a47fd8a4e1a98b552ef60c37643', 'T001', '1', '新增/修改', 'fd8a867a59924bbcae445046d7e1a5c2', '新增/修改管理员', '4fcee6c3f7164300ab75e67b32871145', '2020-02-29 16:31:14', NULL, NULL, 'sysUser:save');
INSERT INTO `sys_button` VALUES ('366a577f08674f8bbe4c3f7164e908a7', 'T002', '1', '删除', 'e4b0afc1df694c12b54f3d8e58c394ca', '删除菜单', '4fcee6c3f7164300ab75e67b32871145', '2020-02-29 16:19:31', NULL, NULL, 'sysMenu:delete');
INSERT INTO `sys_button` VALUES ('3700186ba1a5417490322f4d337a7ea4', 'T001', '1', '新增/修改', 'e4b0afc1df694c12b54f3d8e58c394ca', '新增/修改菜单', '4fcee6c3f7164300ab75e67b32871145', '2020-02-29 16:18:43', '4fcee6c3f7164300ab75e67b32871145', '2020-02-29 16:19:39', 'sysMenu:save');
INSERT INTO `sys_button` VALUES ('5a193e98280e46e1b6a86c68aeb653eb', 'T001', '1', '新增/修改', 'e4b0afc1df694c12b54f3d8e58c394ca', '新增/修改权限按钮', '4fcee6c3f7164300ab75e67b32871145', '2020-02-29 16:21:13', NULL, NULL, 'sysButton:save');
INSERT INTO `sys_button` VALUES ('7b373815054e49bfabaf0273f0419bc9', 'T006', '1', '批量保存', 'eee385792dc44c7191641f4cc70e007c', '批量保存权限', '4fcee6c3f7164300ab75e67b32871145', '2020-02-29 16:29:27', NULL, NULL, 'rolePermission:save');
INSERT INTO `sys_button` VALUES ('98837acc49d5480793ebd949d6410548', 'T002', '1', '删除', '3f913fd812364619a8efe9b727696a98', '删除字典类型', '4fcee6c3f7164300ab75e67b32871145', '2020-02-29 16:34:32', NULL, NULL, 'dicType:deleteID');
INSERT INTO `sys_button` VALUES ('9cdd5443365f4e38a478d6e36c6aa40e', 'T002', '1', '删除', 'e4b0afc1df694c12b54f3d8e58c394ca', '删除权限按钮', '4fcee6c3f7164300ab75e67b32871145', '2020-02-29 16:21:42', NULL, NULL, 'sysButton:delete');
INSERT INTO `sys_button` VALUES ('b24fa16517354646ac49bd535b081f80', 'T001', '1', '新增/修改', '95456a9c2e394441b97671dbe19137bb', '新增/修改按钮', '4fcee6c3f7164300ab75e67b32871145', '2020-02-29 16:35:27', '4fcee6c3f7164300ab75e67b32871145', '2020-02-29 16:36:10', 'buttonConfig:save');
INSERT INTO `sys_button` VALUES ('be0eb3b0c68441bc8b6de554082821f3', 'T003', '1', '批量删除', 'fd8a867a59924bbcae445046d7e1a5c2', '批量删除管理员', '4fcee6c3f7164300ab75e67b32871145', '2020-02-29 16:31:56', NULL, NULL, 'sysUser:batchDelete');
INSERT INTO `sys_button` VALUES ('c8b689b3a9484fb69e4532a185928baa', 'T003', '1', '批量删除', '95456a9c2e394441b97671dbe19137bb', '批量删除按钮', '4fcee6c3f7164300ab75e67b32871145', '2020-02-29 16:36:53', '4fcee6c3f7164300ab75e67b32871145', '2020-02-29 16:37:00', 'buttonConfig:batchDelete');
INSERT INTO `sys_button` VALUES ('d2e2d7bb8373428bab6b03d7aca33f7d', 'T003', '1', '批量删除', '3f913fd812364619a8efe9b727696a98', '批量删除字典', '4fcee6c3f7164300ab75e67b32871145', '2020-02-29 16:32:51', NULL, NULL, 'sysdic:batchDelete');
INSERT INTO `sys_button` VALUES ('d94b592715de4489b5bc61cfc767ac18', 'T001', '1', '新增/修改', '3f913fd812364619a8efe9b727696a98', '新增/修改字典类型', '4fcee6c3f7164300ab75e67b32871145', '2020-02-29 16:34:11', NULL, NULL, 'dicType:save');
INSERT INTO `sys_button` VALUES ('e983e5dbfd6e41cbb24553cd9ae007f3', 'T002', '1', '删除', 'fd8a867a59924bbcae445046d7e1a5c2', '删除管理员', '4fcee6c3f7164300ab75e67b32871145', '2020-02-29 16:31:37', '4fcee6c3f7164300ab75e67b32871145', '2020-02-29 16:32:03', 'sysUser:deleteID');
INSERT INTO `sys_button` VALUES ('eac4c809840e46d6ada8ed12773d831b', 'T001', '1', '新增/修改', 'eee385792dc44c7191641f4cc70e007c', '新增/修改角色', '4fcee6c3f7164300ab75e67b32871145', '2020-02-29 16:22:21', '4fcee6c3f7164300ab75e67b32871145', '2020-02-29 16:25:01', 'sysRole:save');
INSERT INTO `sys_button` VALUES ('eadcec66d32c4eb0998eab7b2bb9abfd', 'T002', '1', '删除', 'eee385792dc44c7191641f4cc70e007c', '删除角色', '4fcee6c3f7164300ab75e67b32871145', '2020-02-29 16:23:30', '4fcee6c3f7164300ab75e67b32871145', '2020-02-29 16:25:27', 'sysRole:delete');
INSERT INTO `sys_button` VALUES ('f1eb624af2cf42448671288969f9f6a5', 'T003', '1', '批量删除', 'eee385792dc44c7191641f4cc70e007c', '批量删除角色', '4fcee6c3f7164300ab75e67b32871145', '2020-02-29 16:22:47', '4fcee6c3f7164300ab75e67b32871145', '2020-02-29 16:25:40', 'sysRole:batchDelete');
INSERT INTO `sys_button` VALUES ('f98965a6d0e84829a3c59644b9108cc8', 'T005', '1', '批量更新状态', 'eee385792dc44c7191641f4cc70e007c', '批量更新角色状态', '4fcee6c3f7164300ab75e67b32871145', '2020-02-29 16:27:55', NULL, NULL, 'sysRole:updateStatus');

-- ----------------------------
-- Table structure for sys_button_config
-- ----------------------------
DROP TABLE IF EXISTS `sys_button_config`;
CREATE TABLE `sys_button_config`  (
  `id` varchar(36) CHARACTER SET utf8 COLLATE utf8_general_ci NOT NULL COMMENT '按钮id',
  `button_code` varchar(255) CHARACTER SET utf8 COLLATE utf8_general_ci NULL DEFAULT NULL COMMENT '按钮编码',
  `button_name` varchar(255) CHARACTER SET utf8 COLLATE utf8_general_ci NULL DEFAULT NULL COMMENT '按钮名称',
  `description` varchar(255) CHARACTER SET utf8 COLLATE utf8_general_ci NULL DEFAULT NULL COMMENT '按钮描述',
  `create_user` varchar(36) CHARACTER SET utf8 COLLATE utf8_general_ci NULL DEFAULT NULL COMMENT '创建用户',
  `create_time` datetime(0) NULL DEFAULT NULL COMMENT '创建时间',
  `update_user` varchar(36) CHARACTER SET utf8 COLLATE utf8_general_ci NULL DEFAULT NULL COMMENT '更新用户',
  `update_time` datetime(0) NULL DEFAULT NULL COMMENT '更新时间',
  PRIMARY KEY (`id`) USING BTREE
) ENGINE = InnoDB CHARACTER SET = utf8 COLLATE = utf8_general_ci ROW_FORMAT = Dynamic;

-- ----------------------------
-- Records of sys_button_config
-- ----------------------------
INSERT INTO `sys_button_config` VALUES ('27d1d29b22da4da6a01d3be35070e303', 'T007', '重置密码', '重置密码', '4fcee6c3f7164300ab75e67b32871145', '2020-03-22 14:47:03', NULL, NULL);
INSERT INTO `sys_button_config` VALUES ('3cc5d609a587456ea35442dacb02a6dc', 'T001', '新增/修改', '新增/修改', '4fcee6c3f7164300ab75e67b32871145', '2020-02-29 16:15:41', NULL, NULL);
INSERT INTO `sys_button_config` VALUES ('7cc1ec1d04b54ecbbfdcfdb15b7eb048', 'T006', '批量保存', '批量保存', '4fcee6c3f7164300ab75e67b32871145', '2020-02-29 16:28:59', NULL, NULL);
INSERT INTO `sys_button_config` VALUES ('8a9aa865dc6141babcca76286083031e', 'T005', '批量更新状态', '批量更新状态', '4fcee6c3f7164300ab75e67b32871145', '2020-02-29 16:26:52', NULL, NULL);
INSERT INTO `sys_button_config` VALUES ('d64e4f7795a447cab75a0830a91ba093', 'T003', '批量删除', '批量删除', '4fcee6c3f7164300ab75e67b32871145', '2020-02-29 16:16:18', NULL, NULL);
INSERT INTO `sys_button_config` VALUES ('dd6389887e28413fa1f3f63a5bb030d2', 'T002', '删除', '删除', '4fcee6c3f7164300ab75e67b32871145', '2020-02-29 16:16:06', NULL, NULL);
INSERT INTO `sys_button_config` VALUES ('f64e1d2367cd4930a8aa5fe0da64bec1', 'T004', '更新状态', '更新状态', '4fcee6c3f7164300ab75e67b32871145', '2020-02-29 16:26:30', NULL, NULL);

-- ----------------------------
-- Table structure for sys_dic
-- ----------------------------
DROP TABLE IF EXISTS `sys_dic`;
CREATE TABLE `sys_dic`  (
  `id` varchar(36) CHARACTER SET utf8 COLLATE utf8_general_ci NOT NULL COMMENT '字典数据id',
  `dic_label` varchar(255) CHARACTER SET utf8 COLLATE utf8_general_ci NULL DEFAULT NULL COMMENT '字典数据标签',
  `dic_value` varchar(255) CHARACTER SET utf8 COLLATE utf8_general_ci NULL DEFAULT NULL COMMENT '字典数据值',
  `status` varchar(2) CHARACTER SET utf8 COLLATE utf8_general_ci NOT NULL COMMENT '字典数据状态',
  `description` varchar(255) CHARACTER SET utf8 COLLATE utf8_general_ci NULL DEFAULT NULL COMMENT '字典状态描述',
  `dic_type_id` varchar(36) CHARACTER SET utf8 COLLATE utf8_general_ci NULL DEFAULT NULL COMMENT '所属字典类型id',
  `create_user` varchar(36) CHARACTER SET utf8 COLLATE utf8_general_ci NULL DEFAULT NULL COMMENT '创建用户',
  `create_time` datetime(0) NULL DEFAULT NULL COMMENT '创建时间',
  `update_user` varchar(255) CHARACTER SET utf8 COLLATE utf8_general_ci NULL DEFAULT NULL COMMENT '更新用户',
  `update_time` datetime(0) NULL DEFAULT NULL COMMENT '更新时间',
  PRIMARY KEY (`id`) USING BTREE
) ENGINE = InnoDB CHARACTER SET = utf8 COLLATE = utf8_general_ci ROW_FORMAT = Dynamic;

-- ----------------------------
-- Records of sys_dic
-- ----------------------------
INSERT INTO `sys_dic` VALUES ('0f5ca1ecb90846a7adcce173c9088e74', '启用', '1', '1', '启用', '5c3f998628df4b8ca5fe0a77a0dfb028', '4fcee6c3f7164300ab75e67b32871145', '2020-02-29 16:08:27', NULL, NULL);
INSERT INTO `sys_dic` VALUES ('0ffd8fe81a574f8a848bac55ac223f6d', '已处理', '3', '1', '已处理', '6daa1c5e5d6e488ab6767dcebe7566e7', '4fcee6c3f7164300ab75e67b32871145', '2020-05-06 00:50:09', NULL, NULL);
INSERT INTO `sys_dic` VALUES ('1501894252e14b5ead74e8070b7c8e05', '乐享城主', '3', '1', '乐享城主', '6f0a1bef259a4d259c7bfe68bc89bd4d', '4fcee6c3f7164300ab75e67b32871145', '2020-05-09 01:52:33', NULL, NULL);
INSERT INTO `sys_dic` VALUES ('1cc51e2fae2b49b49947a2b55e199b5d', '普通用户', '0', '1', '普通用户', '6f0a1bef259a4d259c7bfe68bc89bd4d', '4fcee6c3f7164300ab75e67b32871145', '2020-05-09 01:51:54', NULL, NULL);
INSERT INTO `sys_dic` VALUES ('2613ad0e987c4c50bee816528f2ca732', '未处理', '1', '1', '未处理', '6daa1c5e5d6e488ab6767dcebe7566e7', '4fcee6c3f7164300ab75e67b32871145', '2020-05-05 07:56:39', '4fcee6c3f7164300ab75e67b32871145', '2020-05-06 00:50:19');
INSERT INTO `sys_dic` VALUES ('43133df22c2e468d9f09778ec28757c0', '未状态', '0', '1', '未状态', '80c4072f134c435997fe8c665516c404', '4fcee6c3f7164300ab75e67b32871145', '2020-02-29 16:40:54', NULL, NULL);
INSERT INTO `sys_dic` VALUES ('4ccd662fb71f4325930dc5ccd14d4a78', '待支付', '1', '1', '待支付', '0b30d65f41fa421d9a29d8c529af1e1c', '1', '2020-05-19 11:44:57', NULL, NULL);
INSERT INTO `sys_dic` VALUES ('60e2bd3ac9b1463f9da8360bed108b96', '已完成', '5', '1', '已完成', '0b30d65f41fa421d9a29d8c529af1e1c', '1', '2020-05-19 11:45:48', NULL, NULL);
INSERT INTO `sys_dic` VALUES ('6181e4d6216745ebae2b4155fcde4ade', '待评价', '4', '1', '待评价', '0b30d65f41fa421d9a29d8c529af1e1c', '1', '2020-05-19 11:45:37', NULL, NULL);
INSERT INTO `sys_dic` VALUES ('68165c46a8dc4888bc4418845961b0b6', '已登入', '1', '1', '已登入', '80c4072f134c435997fe8c665516c404', '4fcee6c3f7164300ab75e67b32871145', '2020-02-29 16:41:08', NULL, NULL);
INSERT INTO `sys_dic` VALUES ('82e816dd3ee24d678b700eb9ae4b3ce4', '禁用', '0', '1', '禁用', '5c3f998628df4b8ca5fe0a77a0dfb028', '4fcee6c3f7164300ab75e67b32871145', '2020-02-29 16:08:13', NULL, NULL);
INSERT INTO `sys_dic` VALUES ('969795011ac84102acdc2c22aea89fc4', '乐享居民', '1', '1', '乐享居民', '6f0a1bef259a4d259c7bfe68bc89bd4d', '4fcee6c3f7164300ab75e67b32871145', '2020-05-09 01:52:07', NULL, NULL);
INSERT INTO `sys_dic` VALUES ('975e5e4c7fd347229808a9bbdb815ae0', '有意向', '2', '1', '有意向', '6daa1c5e5d6e488ab6767dcebe7566e7', '4fcee6c3f7164300ab75e67b32871145', '2020-05-05 07:57:12', '4fcee6c3f7164300ab75e67b32871145', '2020-05-06 00:49:52');
INSERT INTO `sys_dic` VALUES ('9c002b2c2ca54f90a99286dc964a5038', '存在', '1', '1', '存在', 'd598e4e5ee5e4a83a158557398a4cce6', '4fcee6c3f7164300ab75e67b32871145', '2020-02-29 16:10:23', NULL, NULL);
INSERT INTO `sys_dic` VALUES ('9d8a62ffe68645488f933feb957ad355', '女', '1', '1', '女', 'db3d45abda294918a1f7f16d8b0308e8', '4fcee6c3f7164300ab75e67b32871145', '2020-03-08 04:05:15', NULL, NULL);
INSERT INTO `sys_dic` VALUES ('9ecc34507b13468b96ef9c59c09fa107', '男', '0', '1', '男', 'db3d45abda294918a1f7f16d8b0308e8', '4fcee6c3f7164300ab75e67b32871145', '2020-03-08 04:05:06', NULL, NULL);
INSERT INTO `sys_dic` VALUES ('cc1caf56848d419aaad8ce6713b04cbf', '不存在', '0', '1', '不存在', 'd598e4e5ee5e4a83a158557398a4cce6', '4fcee6c3f7164300ab75e67b32871145', '2020-02-29 16:10:12', NULL, NULL);
INSERT INTO `sys_dic` VALUES ('d7e1187c535345d38289014aeb75ef59', '待收货', '3', '1', '待收货', '0b30d65f41fa421d9a29d8c529af1e1c', '1', '2020-05-19 11:45:23', NULL, NULL);
INSERT INTO `sys_dic` VALUES ('dea41249939e4268a1afca5279810167', '乐享合伙人', '4', '1', '乐享合伙人', '6f0a1bef259a4d259c7bfe68bc89bd4d', '4fcee6c3f7164300ab75e67b32871145', '2020-05-09 01:52:42', NULL, NULL);
INSERT INTO `sys_dic` VALUES ('e3d90ea72d4a4b1ba7579bf1c54ccb5a', '代发货', '2', '1', '代发货', '0b30d65f41fa421d9a29d8c529af1e1c', '1', '2020-05-19 11:45:09', NULL, NULL);
INSERT INTO `sys_dic` VALUES ('f1cc12fd22744ee3bdef02453b02e0a7', '普通用户', '0', '1', '普通用户', 'ffc9880a6e6642469eb61b749381e333', '4fcee6c3f7164300ab75e67b32871145', '2020-05-09 02:02:49', NULL, NULL);
INSERT INTO `sys_dic` VALUES ('f2792aeb4d3f42538fa968cfc2b66b2e', '乐享创业人', '2', '1', '乐享创业人', '6f0a1bef259a4d259c7bfe68bc89bd4d', '4fcee6c3f7164300ab75e67b32871145', '2020-05-09 01:52:17', NULL, NULL);

-- ----------------------------
-- Table structure for sys_dic_type
-- ----------------------------
DROP TABLE IF EXISTS `sys_dic_type`;
CREATE TABLE `sys_dic_type`  (
  `id` varchar(36) CHARACTER SET utf8 COLLATE utf8_general_ci NOT NULL COMMENT '字典类型id',
  `dic_type` varchar(255) CHARACTER SET utf8 COLLATE utf8_general_ci NULL DEFAULT NULL COMMENT '字典类型名称',
  `status` varchar(2) CHARACTER SET utf8 COLLATE utf8_general_ci NOT NULL COMMENT '字典类型状态',
  `description` varchar(255) CHARACTER SET utf8 COLLATE utf8_general_ci NULL DEFAULT NULL COMMENT '字典类型描述',
  `create_user` varchar(36) CHARACTER SET utf8 COLLATE utf8_general_ci NULL DEFAULT NULL COMMENT '创建用户',
  `create_time` datetime(0) NULL DEFAULT NULL COMMENT '创建时间',
  `update_user` varchar(36) CHARACTER SET utf8 COLLATE utf8_general_ci NULL DEFAULT NULL COMMENT '更新用户',
  `update_time` datetime(0) NULL DEFAULT NULL COMMENT '更新时间',
  PRIMARY KEY (`id`) USING BTREE
) ENGINE = InnoDB CHARACTER SET = utf8 COLLATE = utf8_general_ci ROW_FORMAT = Dynamic;

-- ----------------------------
-- Records of sys_dic_type
-- ----------------------------
INSERT INTO `sys_dic_type` VALUES ('0b30d65f41fa421d9a29d8c529af1e1c', 'orderStatus', '1', '订单状态', '1', '2020-05-19 11:40:45', NULL, NULL);
INSERT INTO `sys_dic_type` VALUES ('5c3f998628df4b8ca5fe0a77a0dfb028', 'enabled', '1', '状态', '4fcee6c3f7164300ab75e67b32871145', '2020-02-29 16:07:30', '4fcee6c3f7164300ab75e67b32871145', '2020-02-29 16:17:32');
INSERT INTO `sys_dic_type` VALUES ('6daa1c5e5d6e488ab6767dcebe7566e7', 'readStatus', '1', '阅读状态', '4fcee6c3f7164300ab75e67b32871145', '2020-05-05 07:56:02', NULL, NULL);
INSERT INTO `sys_dic_type` VALUES ('6f0a1bef259a4d259c7bfe68bc89bd4d', 'membershipLevel', '1', '会员等级', '4fcee6c3f7164300ab75e67b32871145', '2020-05-09 01:51:01', NULL, NULL);
INSERT INTO `sys_dic_type` VALUES ('80c4072f134c435997fe8c665516c404', 'loginStatus', '1', '登入状态', '4fcee6c3f7164300ab75e67b32871145', '2020-02-29 16:39:58', '4fcee6c3f7164300ab75e67b32871145', '2020-02-29 16:40:27');
INSERT INTO `sys_dic_type` VALUES ('d598e4e5ee5e4a83a158557398a4cce6', 'isChildren', '1', '是否存在下级', '4fcee6c3f7164300ab75e67b32871145', '2020-02-29 16:09:40', NULL, NULL);
INSERT INTO `sys_dic_type` VALUES ('db3d45abda294918a1f7f16d8b0308e8', 'gender', '1', '性别', '4fcee6c3f7164300ab75e67b32871145', '2020-03-08 04:04:43', NULL, NULL);
INSERT INTO `sys_dic_type` VALUES ('ffc9880a6e6642469eb61b749381e333', 'employeeIdentity', '1', '员工身份', '4fcee6c3f7164300ab75e67b32871145', '2020-05-09 02:02:12', NULL, NULL);

-- ----------------------------
-- Table structure for sys_files
-- ----------------------------
DROP TABLE IF EXISTS `sys_files`;
CREATE TABLE `sys_files`  (
  `id` varchar(36) CHARACTER SET utf8mb4 COLLATE utf8mb4_0900_ai_ci NOT NULL,
  `url` varchar(100) CHARACTER SET utf8mb4 COLLATE utf8mb4_0900_ai_ci NULL DEFAULT NULL,
  `type` varchar(36) CHARACTER SET utf8mb4 COLLATE utf8mb4_0900_ai_ci NULL DEFAULT NULL,
  `status` varchar(36) CHARACTER SET utf8mb4 COLLATE utf8mb4_0900_ai_ci NULL DEFAULT '1',
  `create_time` datetime(0) NULL DEFAULT NULL,
  `create_user` varchar(36) CHARACTER SET utf8mb4 COLLATE utf8mb4_0900_ai_ci NULL DEFAULT NULL,
  PRIMARY KEY (`id`) USING BTREE
) ENGINE = InnoDB CHARACTER SET = utf8mb4 COLLATE = utf8mb4_0900_ai_ci ROW_FORMAT = Dynamic;

-- ----------------------------
-- Records of sys_files
-- ----------------------------
INSERT INTO `sys_files` VALUES ('003d9a6922724d69a570377204b4bc64', 'https://www.xinglintang.net/upload/4aef60c3-7be9-4d94-a226-3d847720d5e9.png', NULL, '1', '2020-05-15 09:32:44', '1');
INSERT INTO `sys_files` VALUES ('03c5dc5772fa4325baf0d9444b3e0b7a', 'https://www.xinglintang.net/upload/f469742e-9b72-4874-a972-de466b583e49.jpg', NULL, '1', '2020-05-20 15:06:18', '39c519bb28b24f208e25d344d5bdf41b');
INSERT INTO `sys_files` VALUES ('07a827fe53354cb98cba6639f8dd417d', 'https://www.xinglintang.net/uploadb46b9647-d65f-4255-a4a8-9e7fe368d8b2.png', NULL, '1', '2020-05-15 08:52:15', '1');
INSERT INTO `sys_files` VALUES ('0a155fd21bd8476b8e7a70b22bd99922', 'https://www.xinglintang.net/upload/bb5e9ba5-39a6-4d7b-8731-c7b1071fcebe.jpg', NULL, '1', '2020-05-15 10:01:28', '39c519bb28b24f208e25d344d5bdf41b');
INSERT INTO `sys_files` VALUES ('0b391aa50b3540a4809b38a1228703d1', 'https://www.xinglintang.net/upload/b9f92518-ffa8-450b-86b4-a2fa16ef7a24.jpg', NULL, '1', '2020-05-20 15:15:45', '39c519bb28b24f208e25d344d5bdf41b');
INSERT INTO `sys_files` VALUES ('0d095daf52ce49eeb83995e17ee23d13', 'https://www.xinglintang.net/upload/cba369e1-94ca-4480-acd2-68dc31f19ad7.jpg', NULL, '1', '2020-05-15 16:44:53', '1');
INSERT INTO `sys_files` VALUES ('1111', 'https://www.xinglintang.net/upload/xiangqing.jpg', NULL, '1', '2020-05-15 08:56:28', NULL);
INSERT INTO `sys_files` VALUES ('1113', 'https://www.xinglintang.net/upload/e29f36cae0fb20b9a87a6c958e25150.jpg', NULL, '1', '2020-05-15 08:56:40', NULL);
INSERT INTO `sys_files` VALUES ('1118', 'https://www.xinglintang.net/upload/IMG_0849.JPG', NULL, '1', '2020-05-15 08:56:45', NULL);
INSERT INTO `sys_files` VALUES ('1119', 'https://www.xinglintang.net/upload/IMG_0851.JPG', NULL, '1', '2020-05-15 08:56:49', NULL);
INSERT INTO `sys_files` VALUES ('1120', 'https://www.xinglintang.net/upload/IMG_0854.JPG', NULL, '1', '2020-05-15 08:56:53', NULL);
INSERT INTO `sys_files` VALUES ('1122', 'https://www.xinglintang.net/upload/1.jpg', NULL, '1', '2020-05-15 08:57:00', NULL);
INSERT INTO `sys_files` VALUES ('1123', 'https://www.xinglintang.net/upload/2.jpg', NULL, '1', '2020-05-15 08:57:06', NULL);
INSERT INTO `sys_files` VALUES ('1124', 'https://www.xinglintang.net/upload/3.jpg', NULL, '1', '2020-05-15 08:57:03', NULL);
INSERT INTO `sys_files` VALUES ('1125', 'https://www.xinglintang.net/upload/4.jpg', NULL, '1', '2020-05-15 08:57:09', NULL);
INSERT INTO `sys_files` VALUES ('1126', 'https://www.xinglintang.net/upload/5.jpg', NULL, '1', '2020-05-15 08:57:13', NULL);
INSERT INTO `sys_files` VALUES ('1127', 'https://www.xinglintang.net/upload/6.png', NULL, '1', '2020-05-15 08:57:18', NULL);
INSERT INTO `sys_files` VALUES ('1128', 'https://www.xinglintang.net/upload/6c617f976e7309f59113e10c3501a87.png', NULL, '1', '2020-05-16 08:57:21', NULL);
INSERT INTO `sys_files` VALUES ('1129', 'https://www.xinglintang.net/upload/4f627575218d352f8353da12a339e4d.png', NULL, '1', '2020-05-16 08:57:55', NULL);
INSERT INTO `sys_files` VALUES ('1217c13ff6954dbf803283770a99eb4f', 'https://www.xinglintang.net/upload/5cf5410a-52ac-4bf2-9b21-7d9115479f3c.jpg', NULL, '1', '2020-05-20 15:24:43', '39c519bb28b24f208e25d344d5bdf41b');
INSERT INTO `sys_files` VALUES ('12cb09e9da444c029a3a83dd6d09db0e', 'https://www.xinglintang.net/upload/3d6879f8-bf04-41e3-9686-1c66f1053c8e.jpg', NULL, '1', '2020-05-19 14:57:05', '39c519bb28b24f208e25d344d5bdf41b');
INSERT INTO `sys_files` VALUES ('1321c7c8c0f24414a3037d4bb47d987b', 'https://www.xinglintang.net/upload/5c4fa976-ac7d-428c-9c90-772ca84ab0f8.jpg', NULL, '1', '2020-05-20 15:15:56', '39c519bb28b24f208e25d344d5bdf41b');
INSERT INTO `sys_files` VALUES ('192e6989936247cdb36372a8959621d1', 'https://www.xinglintang.net/upload/cb715146-1612-4816-884c-14c00981c0fd.JPG', NULL, '1', '2020-05-19 16:47:08', '39c519bb28b24f208e25d344d5bdf41b');
INSERT INTO `sys_files` VALUES ('19aa0438f2e44d2c8257696e247dfc0b', 'https://www.xinglintang.net/upload/b224c352-6820-49a4-889d-d2eecf5fb0e3.jpg', NULL, '1', '2020-05-20 15:06:53', '39c519bb28b24f208e25d344d5bdf41b');
INSERT INTO `sys_files` VALUES ('1b594a3638c64742992ec4da760c44ed', 'https://www.xinglintang.net/upload/7d4e959e-4855-4fb3-a9a7-60c875d781ea.jpg', NULL, '1', '2020-05-20 15:07:07', '39c519bb28b24f208e25d344d5bdf41b');
INSERT INTO `sys_files` VALUES ('1e055481e4364b7bbaecbe7434472ee1', 'https://www.xinglintang.net/upload/beb307cc-669c-4e9c-9373-5f9809586383.jpg', NULL, '1', '2020-05-19 16:53:34', '39c519bb28b24f208e25d344d5bdf41b');
INSERT INTO `sys_files` VALUES ('1ee4442dcc474abab87695722ff69856', 'https://www.xinglintang.net/upload/dbca676d-47bf-475c-b0f1-ce4b6ea1046f.jpg', NULL, '1', '2020-05-19 14:36:42', '1');
INSERT INTO `sys_files` VALUES ('218f777da9a145dea13c3ae18affc888', 'https://www.xinglintang.net/upload/e6f33f2f-d2de-48e0-940c-74b58b0573f4.jpg', NULL, '1', '2020-05-19 16:47:25', '39c519bb28b24f208e25d344d5bdf41b');
INSERT INTO `sys_files` VALUES ('21d71cd336ea44d19d91400dfb7a1ba7', 'https://www.xinglintang.net/upload/b2e39475-84e2-47dd-a811-6536497854d8.jpg', NULL, '1', '2020-05-19 15:16:45', '39c519bb28b24f208e25d344d5bdf41b');
INSERT INTO `sys_files` VALUES ('245f9241a0a045d08ca910f6ac048386', 'https://www.xinglintang.net/upload/581edbdc-c228-4e8d-843f-c2c80cf18f53.jpg', NULL, '1', '2020-05-19 15:24:06', '39c519bb28b24f208e25d344d5bdf41b');
INSERT INTO `sys_files` VALUES ('2595a02e63c74984b7ace48e1fb15e2d', 'https://www.xinglintang.net/upload/a2e61255-0e18-4aa4-916f-312202601072.png', NULL, '1', '2020-05-16 09:45:13', '');
INSERT INTO `sys_files` VALUES ('281246b30ba4431c97f995ca71cb5fa3', 'https://www.xinglintang.net/upload/d08265f4-d2c6-4050-bada-c179c978f698.jpg', NULL, '1', '2020-05-19 14:21:04', '1');
INSERT INTO `sys_files` VALUES ('29997b68853241da996176a73c5db948', 'https://www.xinglintang.net/upload/6cddca0b-aaac-48aa-a272-b5f51e1cc443.jpg', NULL, '1', '2020-05-20 15:15:34', '39c519bb28b24f208e25d344d5bdf41b');
INSERT INTO `sys_files` VALUES ('2a32aa3b5322402fa13b3b8425ec4f85', 'https://www.xinglintang.net/upload/a379d6db-2240-47ce-9561-72bccf691aa3.JPG', NULL, '1', '2020-05-19 16:47:41', '39c519bb28b24f208e25d344d5bdf41b');
INSERT INTO `sys_files` VALUES ('2b311edf94504ceb82e099458d689c8e', 'https://www.xinglintang.net/upload/fde93c3e-c8b6-448b-a1d9-68ce1bfe8839.jpg', NULL, '1', '2020-05-19 14:25:12', '1');
INSERT INTO `sys_files` VALUES ('2f092dc9f20d4238996a0355f66f8704', 'https://www.xinglintang.net/upload/f62f876e-661d-4b45-86fb-ab61d983d497.jpg', NULL, '1', '2020-05-19 14:57:01', '39c519bb28b24f208e25d344d5bdf41b');
INSERT INTO `sys_files` VALUES ('3124a046cf604c099ffdd49e5fb8cdc6', 'https://www.xinglintang.net/upload/2465d937-fe90-4be9-aba1-5c3e11b732cb.jpg', NULL, '1', '2020-05-19 14:25:09', '1');
INSERT INTO `sys_files` VALUES ('35ca17c64b884bdaaeda73d16db40223', 'https://www.xinglintang.net/upload/7a37a2c3-013d-4161-9acf-3c7a36bc1f96.jpg', NULL, '1', '2020-05-20 15:06:50', '39c519bb28b24f208e25d344d5bdf41b');
INSERT INTO `sys_files` VALUES ('380f22561cbb47c28e7ab82778075a4f', 'https://www.xinglintang.net/upload/f9bc6d79-3881-43b8-ae3e-563b7d0ce5ee.jpg', NULL, '1', '2020-05-20 15:06:40', '39c519bb28b24f208e25d344d5bdf41b');
INSERT INTO `sys_files` VALUES ('386b6e7de3c943e09fa0b74a8c932a5c', 'https://www.xinglintang.net/upload/3e60026c-0774-4c2f-8703-9df9b79fd2c7.jpg', NULL, '1', '2020-05-19 14:54:39', '1');
INSERT INTO `sys_files` VALUES ('3ff24d01c4124b469a61a5213226abbd', 'https://www.xinglintang.net/upload/ca8ea66a-76c2-4966-af9b-3473363e941e.jpg', NULL, '1', '2020-05-19 14:36:53', '1');
INSERT INTO `sys_files` VALUES ('41d761798d844d6aa91bd715392a8058', 'https://www.xinglintang.net/upload/e4c96643-fa37-4b52-b117-e78d77f06119.jpg', NULL, '1', '2020-05-19 14:57:13', '39c519bb28b24f208e25d344d5bdf41b');
INSERT INTO `sys_files` VALUES ('43fbaf01616f4f4594097e41b773664d', 'https://www.xinglintang.net/upload/b5a34fe5-2d35-4a4e-966b-72341a16f92f.jpg', NULL, '1', '2020-05-20 15:06:47', '39c519bb28b24f208e25d344d5bdf41b');
INSERT INTO `sys_files` VALUES ('48a9f77f8251461bb37af44276e798ed', 'https://www.xinglintang.net/upload/a1f55062-6d6b-4d2b-93df-93d55406459f.png', NULL, '1', '2020-05-20 15:24:37', '39c519bb28b24f208e25d344d5bdf41b');
INSERT INTO `sys_files` VALUES ('4bef115c3fd34ca6a48d148ba4ce7d04', 'https://www.xinglintang.net/upload/bddc5962-7bb4-43a4-8ede-009d98486eb3.jpg', NULL, '1', '2020-05-20 15:21:37', '39c519bb28b24f208e25d344d5bdf41b');
INSERT INTO `sys_files` VALUES ('4d3e09ca3c0146e8a117e62e4145e78d', 'https://www.xinglintang.net/upload/b69c97fa-f3d5-485a-b813-1222c8d1ed96.jpg', NULL, '1', '2020-05-20 15:24:48', '39c519bb28b24f208e25d344d5bdf41b');
INSERT INTO `sys_files` VALUES ('4ecca56c8ca04562ae426bbd3ea2b993', 'https://www.xinglintang.net/upload/9763a7b1-ed64-4996-a950-8058d5a9b384.jpg', NULL, '1', '2020-05-20 15:21:45', '39c519bb28b24f208e25d344d5bdf41b');
INSERT INTO `sys_files` VALUES ('5162d43c376d407bbafa1b6a578df33b', 'https://www.xinglintang.net/upload/9353f9ea-c2c7-49eb-b0c4-36443b41147c.jpg', NULL, '1', '2020-05-19 14:12:51', '1');
INSERT INTO `sys_files` VALUES ('5342cb66b7924426b7813da3561ebe0c', 'https://www.xinglintang.net/upload/a7c71c50-aeb2-4fb3-8e62-8bedf7ea04f7.jpg', NULL, '1', '2020-05-19 14:29:53', '1');
INSERT INTO `sys_files` VALUES ('5639b0af9fd843f7bb11eba912dd0d30', 'https://www.xinglintang.net/upload/1add9e62-5e1a-47e3-bd14-b34687e6ebcc.jpg', NULL, '1', '2020-05-20 15:24:20', '39c519bb28b24f208e25d344d5bdf41b');
INSERT INTO `sys_files` VALUES ('56a0cee12bdd4724b42c95ac4d687515', 'https://www.xinglintang.net/upload/52a569fb-d5c7-44f6-9fae-0d199a7cef5a.jpg', NULL, '1', '2020-05-19 14:29:47', '1');
INSERT INTO `sys_files` VALUES ('582f37c9145446f9a4d1ae92eeabc3c5', 'https://www.xinglintang.net/upload/858879f9-d6f5-4861-a99d-ed1b968ee039.jpg', NULL, '1', '2020-05-19 14:36:43', '1');
INSERT INTO `sys_files` VALUES ('599f2a6d934f4cec888ddd1737d8d077', 'https://www.xinglintang.net/upload/bcc65e39-cb4e-4f91-abb9-eadb3a802136.png', NULL, '1', '2020-05-20 15:19:36', '39c519bb28b24f208e25d344d5bdf41b');
INSERT INTO `sys_files` VALUES ('59b2ef05e2a040dcade016baf2f63e39', 'https://www.xinglintang.net/upload/3e83640a-b083-46b9-b062-11924d1a5892.jpg', NULL, '1', '2020-05-19 14:54:30', '1');
INSERT INTO `sys_files` VALUES ('5a3977440d214139a9553532609c5bf6', 'https://www.xinglintang.net/upload/390e3965-7539-49d0-8373-173f0ec6b815.jpg', NULL, '1', '2020-05-20 15:24:46', '39c519bb28b24f208e25d344d5bdf41b');
INSERT INTO `sys_files` VALUES ('5d41dccf7253443e98d1e2ea0ca39d98', 'https://www.xinglintang.net/upload/f74993ba-6389-4e01-858c-8c5f937a85b9.jpg', NULL, '1', '2020-05-20 15:13:07', '39c519bb28b24f208e25d344d5bdf41b');
INSERT INTO `sys_files` VALUES ('60055875b5e34f1590958524a4a7203c', 'https://www.xinglintang.net/upload/26fa991a-34dd-42b9-9b1a-5a007f462541.jpg', NULL, '1', '2020-05-20 15:06:33', '39c519bb28b24f208e25d344d5bdf41b');
INSERT INTO `sys_files` VALUES ('6211b026f13d4abd8ae36c743c0fa8eb', 'https://www.xinglintang.net/upload/e95ddb77-b5b6-4291-b15e-22b72a4b69d2.jpg', NULL, '1', '2020-05-20 15:21:34', '39c519bb28b24f208e25d344d5bdf41b');
INSERT INTO `sys_files` VALUES ('6235e586419b4c47a32fab39377c4faf', 'https://www.xinglintang.net/upload/f846503e-b2f2-41dd-b8a5-93f6fac22e18.jpg', NULL, '1', '2020-05-19 16:53:32', '39c519bb28b24f208e25d344d5bdf41b');
INSERT INTO `sys_files` VALUES ('62c76ac2b59f400a818264d6cfb106b4', 'https://www.xinglintang.net/upload/21a14944-f447-43be-ae0d-a21fbc3b5cbe.jpg', NULL, '1', '2020-05-20 15:15:54', '39c519bb28b24f208e25d344d5bdf41b');
INSERT INTO `sys_files` VALUES ('648a96515914422f8ec30bee14994e08', 'https://www.xinglintang.net/upload/3038e3e7-1eeb-4b90-bda8-38ff9ea0d517.jpg', NULL, '1', '2020-05-20 15:13:14', '39c519bb28b24f208e25d344d5bdf41b');
INSERT INTO `sys_files` VALUES ('6824bd9f41884de1a3201cfb3e755dcd', 'https://www.xinglintang.net/upload/d71169e0-4229-41c3-bf17-24e50336a960.png', NULL, '1', '2020-05-20 15:21:41', '39c519bb28b24f208e25d344d5bdf41b');
INSERT INTO `sys_files` VALUES ('68cbbde4867d4ae1ba692354397ed4d2', 'https://www.xinglintang.net/upload/f9bbc275-fa8a-491f-b87b-839e5bae03df.JPG', NULL, '1', '2020-05-19 16:47:10', '39c519bb28b24f208e25d344d5bdf41b');
INSERT INTO `sys_files` VALUES ('6af02baf4f1c487db138326fac37f374', 'https://www.xinglintang.net/upload/210bf2ff-6622-4a76-9367-efd1aca910ea.jpg', NULL, '1', '2020-05-20 15:15:36', '39c519bb28b24f208e25d344d5bdf41b');
INSERT INTO `sys_files` VALUES ('6ce3318010664aa991d1789698669397', 'https://www.xinglintang.net/upload/80389e9b-e763-4d50-80d0-a140ebc1ec63.jpg', NULL, '1', '2020-05-20 15:24:25', '39c519bb28b24f208e25d344d5bdf41b');
INSERT INTO `sys_files` VALUES ('6d9bc424db70470da7f9053317c6e5f7', 'https://www.xinglintang.net/upload/e6edbeaf-d594-40a7-8729-98a6267da5a3.jpg', NULL, '1', '2020-05-20 15:21:54', '39c519bb28b24f208e25d344d5bdf41b');
INSERT INTO `sys_files` VALUES ('70bcbc0fe96f4d0dbfb57283888e3e36', 'https://www.xinglintang.net/upload/1d0abaef-fb8e-446a-b3c2-a217d48df30a.jpg', NULL, '1', '2020-05-15 16:44:59', '1');
INSERT INTO `sys_files` VALUES ('70c665d606d34d0a9b71e117f0797ef8', 'https://www.xinglintang.net/upload/4964011f-e22c-43fc-8ece-29d7f79dd0ff.jpg', NULL, '1', '2020-05-15 16:44:43', '1');
INSERT INTO `sys_files` VALUES ('78baefae492e4f269c200aa9d83f353d', 'https://www.xinglintang.net/upload/772fbed6-4390-4c3c-aa58-11782f868ffa.png', NULL, '1', '2020-05-16 00:51:01', '');
INSERT INTO `sys_files` VALUES ('7c30bb2575054f82be89ed8f446797cf', 'https://www.xinglintang.net/upload/489d72ce-fcf9-4597-8f56-4376809e4bcc.jpg', NULL, '1', '2020-05-19 14:13:01', '1');
INSERT INTO `sys_files` VALUES ('7f1306b3f3914e8784daff2e003ecb89', 'https://www.xinglintang.net/upload/18709bad-5b5c-4e14-a6a9-9e1ad469cc11.jpg', NULL, '1', '2020-05-20 15:15:59', '39c519bb28b24f208e25d344d5bdf41b');
INSERT INTO `sys_files` VALUES ('7f991d017bd644678df7d997b42ca159', 'https://www.xinglintang.net/upload/1b6a6fae-777e-4293-8a4f-d01f797e1771.jpg', NULL, '1', '2020-05-20 15:13:11', '39c519bb28b24f208e25d344d5bdf41b');
INSERT INTO `sys_files` VALUES ('80137146bbc8434f83426a3806b8712e', 'https://www.xinglintang.net/upload/1d30a15e-4362-48af-8364-2b3b74d2c355.jpg', NULL, '1', '2020-05-15 16:44:48', '1');
INSERT INTO `sys_files` VALUES ('80a9542a7b1541b98962121312e31a98', 'https://www.xinglintang.net/upload/93b7bc00-7ef2-4c11-852f-29d026631719.jpg', NULL, '1', '2020-05-20 15:19:41', '39c519bb28b24f208e25d344d5bdf41b');
INSERT INTO `sys_files` VALUES ('833835cc36e740ab9e8fd1fab086582e', 'https://www.xinglintang.net/upload/0f811ed7-40e2-4bf7-a882-aa88082848b1.jpg', NULL, '1', '2020-05-20 15:15:39', '39c519bb28b24f208e25d344d5bdf41b');
INSERT INTO `sys_files` VALUES ('83e2caf4b63a41898911cf0e1706ea62', 'https://www.xinglintang.net/upload/46350e80-10c0-407c-a926-9df611ce2a52.jpg', NULL, '1', '2020-05-20 15:13:16', '39c519bb28b24f208e25d344d5bdf41b');
INSERT INTO `sys_files` VALUES ('86bf69ec30f64aada409f7d4eee1cfad', 'https://www.xinglintang.net/upload/0e848e0d-3e3c-48e7-83b7-0043f583bfa2.jpg', NULL, '1', '2020-05-20 15:19:26', '39c519bb28b24f208e25d344d5bdf41b');
INSERT INTO `sys_files` VALUES ('87f7bc9d53e643b8b753da75f0984371', 'https://www.xinglintang.net/upload/6fbc2517-9567-4ace-a0d1-f661b16e0e63.jpg', NULL, '1', '2020-05-19 16:28:22', '39c519bb28b24f208e25d344d5bdf41b');
INSERT INTO `sys_files` VALUES ('8c5925dbd317411394cf04ab2d3732bc', 'https://www.xinglintang.net/upload/6facd070-bf05-4b5e-858c-350325b033d0.JPG', NULL, '1', '2020-05-19 16:47:19', '39c519bb28b24f208e25d344d5bdf41b');
INSERT INTO `sys_files` VALUES ('91077d00a5654893aa4fc74a26db6a79', 'https://www.xinglintang.net/upload/23d752b0-cf88-494a-adc5-8ea44cf30072.jpg', NULL, '1', '2020-05-20 15:06:12', '39c519bb28b24f208e25d344d5bdf41b');
INSERT INTO `sys_files` VALUES ('9153280643ab4cf9a43e15a1ee424867', 'https://www.xinglintang.net/upload/a0ee8ad1-4757-4039-af92-19f6c3d42dde.png', NULL, '1', '2020-05-19 16:47:28', '39c519bb28b24f208e25d344d5bdf41b');
INSERT INTO `sys_files` VALUES ('9172a67ac33e4abc8a832641a141097f', 'https://www.xinglintang.net/upload/ab60f42c-132a-4b96-be0b-5c538493ea2c.jpg', NULL, '1', '2020-05-20 15:06:27', '39c519bb28b24f208e25d344d5bdf41b');
INSERT INTO `sys_files` VALUES ('925a561d3c974932a8ebd12d269405e1', 'https://www.xinglintang.net/upload/b88aefaf-9e88-4428-aa28-9474d66f7d0b.png', NULL, '1', '2020-05-15 16:45:08', '1');
INSERT INTO `sys_files` VALUES ('94c66d4f6f5e4f9eb2d22fae302dc7cb', 'https://www.xinglintang.net/upload/cec19d1b-4a75-44aa-bf4b-c4141d57b549.jpg', NULL, '1', '2020-05-19 16:53:39', '39c519bb28b24f208e25d344d5bdf41b');
INSERT INTO `sys_files` VALUES ('993463a527db45eca1693e54cbebf91a', 'https://www.xinglintang.net/upload/b32a9a07-7e0c-44b3-8dd6-972c83270749.jpg', NULL, '1', '2020-05-20 15:06:43', '39c519bb28b24f208e25d344d5bdf41b');
INSERT INTO `sys_files` VALUES ('a1eb9ee432fe409dab951d090a86577a', 'https://www.xinglintang.net/upload/b86492ac-955b-4907-a7ab-76242751ca1a.jpg', NULL, '1', '2020-05-19 14:29:50', '1');
INSERT INTO `sys_files` VALUES ('a24d2243cc1d4aba8056db532af57a01', 'https://www.xinglintang.net/upload/109aac75-9a80-4285-b870-ac34a2a2d7b4.jpg', NULL, '1', '2020-05-20 15:06:20', '39c519bb28b24f208e25d344d5bdf41b');
INSERT INTO `sys_files` VALUES ('a4bac61cf2344569ae469f8f8e5ddccc', 'https://www.xinglintang.net/upload/47a0b9ba-ddb9-4378-83be-c50c977cbfb0.jpg', NULL, '1', '2020-05-19 14:36:49', '1');
INSERT INTO `sys_files` VALUES ('a6120b52cfc34f3889777b581a7f0ee2', 'https://www.xinglintang.net/upload/c2949892-8ee7-4766-965a-8fd140d32aed.jpg', NULL, '1', '2020-05-20 15:19:28', '39c519bb28b24f208e25d344d5bdf41b');
INSERT INTO `sys_files` VALUES ('a89bfd1a2e834df8916df9157d83556d', 'https://www.xinglintang.net/upload/95a545ec-4f92-42c4-8070-4000b663c3bf.jpg', NULL, '1', '2020-05-19 14:12:57', '1');
INSERT INTO `sys_files` VALUES ('ac0660f08a1b44028ff4b928dfb53516', 'https://www.xinglintang.net/upload/410162e6-75d3-49f3-824e-632dcc95a9ab.jpg', NULL, '1', '2020-05-20 09:37:40', '39c519bb28b24f208e25d344d5bdf41b');
INSERT INTO `sys_files` VALUES ('ac4e155957d0435fbd4065f925534554', 'https://www.xinglintang.net/upload/cb2b06ab-00aa-40c6-9ccf-3d95cde72fd9.jpg', NULL, '1', '2020-05-20 15:06:36', '39c519bb28b24f208e25d344d5bdf41b');
INSERT INTO `sys_files` VALUES ('af3eb5977b5040fb96c3b1336cab808a', 'https://www.xinglintang.net/upload/f1cae092-59ae-41ff-9445-3420feb4b719.jpg', NULL, '1', '2020-05-20 15:15:51', '39c519bb28b24f208e25d344d5bdf41b');
INSERT INTO `sys_files` VALUES ('af4c7c33e96642fe9f41004f6dac60c5', 'https://www.xinglintang.net/upload/d553664e-ba90-45db-9e64-f7b9bf302bf2.jpg', NULL, '1', '2020-05-20 15:07:00', '39c519bb28b24f208e25d344d5bdf41b');
INSERT INTO `sys_files` VALUES ('afc820da36804d9597e1c0ec8f8745ea', 'https://www.xinglintang.net/upload/bf16f69f-3eaa-454b-9506-67a91b5dd837.jpg', NULL, '1', '2020-05-19 14:29:44', '1');
INSERT INTO `sys_files` VALUES ('b1094d62d71d4916bf5736b5e1603f58', 'https://www.xinglintang.net/upload/f68a47bb-0c35-42eb-815c-024dc6853968.jpg', NULL, '1', '2020-05-20 15:21:48', '39c519bb28b24f208e25d344d5bdf41b');
INSERT INTO `sys_files` VALUES ('b206326c4ab04d38a0f06319e20ccc90', 'https://www.xinglintang.net/upload/e14d66df-e345-4ebc-ab9a-7736c9e8966a.jpg', NULL, '1', '2020-05-19 16:33:19', '39c519bb28b24f208e25d344d5bdf41b');
INSERT INTO `sys_files` VALUES ('b2cd0d8435504144b63cde0af2fe0280', 'https://www.xinglintang.net/upload/a89fcc67-8af5-48f9-8218-a39b8b37145e.jpg', NULL, '1', '2020-05-20 15:06:23', '39c519bb28b24f208e25d344d5bdf41b');
INSERT INTO `sys_files` VALUES ('b43a1979b053429396aacefd5049e538', 'https://www.xinglintang.net/upload/56d26da3-9fcc-4ecf-9901-d017dccaf15e.jpg', NULL, '1', '2020-05-19 16:53:29', '39c519bb28b24f208e25d344d5bdf41b');
INSERT INTO `sys_files` VALUES ('b6a5f784555a492e92045fec9b39fafd', 'https://www.xinglintang.net/upload/5e8267b8-8d12-46bd-80df-1c0ba44993ee.jpg', NULL, '1', '2020-05-19 14:24:46', '1');
INSERT INTO `sys_files` VALUES ('b7c73c51892d4aa7ada12f3692c4ef69', 'https://www.xinglintang.net/upload/a4ab3e92-4e64-464f-9098-8035be8085e5.jpg', NULL, '1', '2020-05-15 16:45:04', '1');
INSERT INTO `sys_files` VALUES ('b86076b4eb684582b71617b9132e398b', 'https://www.xinglintang.net/upload/eebaa288-e2be-40a2-83fd-abf21769920c.jpg', NULL, '1', '2020-05-20 15:21:51', '39c519bb28b24f208e25d344d5bdf41b');
INSERT INTO `sys_files` VALUES ('be28f4c119a144598a0b5fb58442d724', 'https://www.xinglintang.net/upload/b9c509af-c1b1-498d-8abe-fbfc6fb23c85.jpg', NULL, '1', '2020-05-20 15:19:31', '39c519bb28b24f208e25d344d5bdf41b');
INSERT INTO `sys_files` VALUES ('bf1b83e71b074b37b99fea43afce310f', 'https://www.xinglintang.net/upload/73e8605a-3f9d-414f-8966-73bd7cd7a37a.JPG', NULL, '1', '2020-05-19 16:47:16', '39c519bb28b24f208e25d344d5bdf41b');
INSERT INTO `sys_files` VALUES ('c1c02b9ccd8e4611932b97e59559f69e', 'https://www.xinglintang.net/upload/46e68dfe-97cd-4245-b97d-6d75f131c4f0.jpg', NULL, '1', '2020-05-20 15:07:04', '39c519bb28b24f208e25d344d5bdf41b');
INSERT INTO `sys_files` VALUES ('c53d1eca9ac741cca228d85b91260551', 'https://www.xinglintang.net/upload/36cc2ef7-8acc-4f1c-8edc-d308a8b215d4.jpg', NULL, '1', '2020-05-20 15:24:28', '39c519bb28b24f208e25d344d5bdf41b');
INSERT INTO `sys_files` VALUES ('c65a776347274071b80db8098941ab3e', 'https://www.xinglintang.net/upload/e75f8c10-bbbe-47eb-b34c-42b6dbd96537.jpg', NULL, '1', '2020-05-20 15:21:56', '39c519bb28b24f208e25d344d5bdf41b');
INSERT INTO `sys_files` VALUES ('cfd3dac909dc4e739dedc53679193b81', 'https://www.xinglintang.net/upload/d627a766-04c6-4969-b530-81bcfa707c7d.jpg', NULL, '1', '2020-05-19 14:36:46', '1');
INSERT INTO `sys_files` VALUES ('d6635cebfd30411fb4e30c6af24c08a5', 'https://www.xinglintang.net/upload/3bf78c5f-6259-4664-ad7e-6c566fb66763.jpg', NULL, '1', '2020-05-20 15:24:23', '39c519bb28b24f208e25d344d5bdf41b');
INSERT INTO `sys_files` VALUES ('d6edf850b20147048bef44d70ca6ed55', 'https://www.xinglintang.net/upload/aa4a9aa2-26d3-41b1-b0d2-5ebf42fed5e7.jpg', NULL, '1', '2020-05-20 15:06:56', '39c519bb28b24f208e25d344d5bdf41b');
INSERT INTO `sys_files` VALUES ('d8bc2cca133b4b8da02ea78eb2b53bd5', 'https://www.xinglintang.net/upload/2eeaba2d-28b3-4bb4-b13b-4244e9498a13.jpg', NULL, '1', '2020-05-20 15:06:15', '39c519bb28b24f208e25d344d5bdf41b');
INSERT INTO `sys_files` VALUES ('db5534e63bef4f05bacd9c330935c5c0', 'https://www.xinglintang.net/upload/c24ae687-039f-4b9f-8833-ecf78f8aefe1.jpg', NULL, '1', '2020-05-19 14:54:42', '1');
INSERT INTO `sys_files` VALUES ('dbfba723a0d14131abc0807fa9fbcd49', 'https://www.xinglintang.net/upload/8961be1a-9b4b-4fff-9413-0fa0d3aa3a94.jpg', NULL, '1', '2020-05-19 15:21:28', '39c519bb28b24f208e25d344d5bdf41b');
INSERT INTO `sys_files` VALUES ('dc2e23bf718d4278bebd567b4a276991', 'http://120.25.197.11:8082/resources/photo/1ef47880-cb5f-4fa2-bd7e-9e6a0d4dda80.png', NULL, '1', '2020-05-16 09:50:25', '');
INSERT INTO `sys_files` VALUES ('df0eae2e7b9b4f2a8a2191b2c78a607e', 'https://www.xinglintang.net/upload/a99497e7-3768-4e41-95b0-685a4ff0d500.JPG', NULL, '1', '2020-05-19 16:47:13', '39c519bb28b24f208e25d344d5bdf41b');
INSERT INTO `sys_files` VALUES ('e4c78dddc14046e4bfd59d2196af4d51', 'https://www.xinglintang.net/upload/aa91593b-2f39-4de1-9f3e-44d56b67bbbc.jpg', NULL, '1', '2020-05-20 15:24:41', '39c519bb28b24f208e25d344d5bdf41b');
INSERT INTO `sys_files` VALUES ('e5ce127c414e4decaf558d706c1952ee', 'https://www.xinglintang.net/upload/6d9bd11b-a470-4ddc-a305-34f6d80b13a5.jpg', NULL, '1', '2020-05-19 14:54:35', '1');
INSERT INTO `sys_files` VALUES ('e6725589a1424437b2784926210272ab', 'https://www.xinglintang.net/upload/75f37c73-1d98-4cbb-adc1-38f6845e5fdf.JPG', NULL, '1', '2020-05-19 16:47:22', '39c519bb28b24f208e25d344d5bdf41b');
INSERT INTO `sys_files` VALUES ('ea874fbd33e84a609f479efac3408310', 'https://www.xinglintang.net/upload/064596dc-1bb9-4148-9688-1dfe2a3f73f0.jpg', NULL, '1', '2020-05-19 14:54:26', '1');
INSERT INTO `sys_files` VALUES ('eb703595c54948ae89e94750fb533c2f', 'https://www.xinglintang.net/upload/74ed8b38-7b73-42fb-84a8-899c38ebbbf5.jpg', NULL, '1', '2020-05-20 15:15:41', '39c519bb28b24f208e25d344d5bdf41b');
INSERT INTO `sys_files` VALUES ('ecac2d1853d24f788a3f2130d66abdee', 'https://www.xinglintang.net/upload/b456f3c9-e8e5-4e5e-9162-f0c060b48aa2.jpg', NULL, '1', '2020-05-20 15:21:39', '39c519bb28b24f208e25d344d5bdf41b');
INSERT INTO `sys_files` VALUES ('f419b17d8ba7410d97edbec620d70f91', 'https://www.xinglintang.net/upload/72214ce3-9693-4428-80e3-aedaf64b2280.JPG', NULL, '1', '2020-05-19 16:47:44', '39c519bb28b24f208e25d344d5bdf41b');
INSERT INTO `sys_files` VALUES ('f51271a386e0408c833b18a07143141d', 'https://www.xinglintang.net/upload/9a0cc710-f333-4d11-98b3-093064bf5d2a.jpg', NULL, '1', '2020-05-16 00:50:47', '');
INSERT INTO `sys_files` VALUES ('f6b153b646194899873f59e2260d74bf', 'https://www.xinglintang.net/upload/d5e84165-5954-47b2-8c35-e5f0c7188fa5.jpg', NULL, '1', '2020-05-20 15:24:30', '39c519bb28b24f208e25d344d5bdf41b');
INSERT INTO `sys_files` VALUES ('f8e18d9466734a3c9b20cbf1ae0c4b7c', 'https://www.xinglintang.net/upload/44d86abd-b1bc-46c8-aa92-63ccd3d6a506.jpg', NULL, '1', '2020-05-20 15:13:09', '39c519bb28b24f208e25d344d5bdf41b');
INSERT INTO `sys_files` VALUES ('f9389ac58229491cb422d2cf83d4ceda', 'https://www.xinglintang.net/upload/9c4d2b21-be46-424a-9957-8e8a37d0b7d8.jpg', NULL, '1', '2020-05-20 15:19:34', '39c519bb28b24f208e25d344d5bdf41b');
INSERT INTO `sys_files` VALUES ('f988d29438f749a1a8d25e7049973279', 'https://www.xinglintang.net/upload/ce496c7f-e2d9-47cf-8eea-e3f79e960eeb.jpg', NULL, '1', '2020-05-19 14:21:01', '1');
INSERT INTO `sys_files` VALUES ('fbb5976ab2c74f92b03d92eac00b9015', 'https://www.xinglintang.net/upload/af1daf55-efc7-4892-9797-0395db20e21b.png', NULL, '1', '2020-05-16 10:04:25', '');
INSERT INTO `sys_files` VALUES ('fc9150c7fab945b88839592266c25a98', 'https://www.xinglintang.net/upload/54cae16e-f058-4c34-a4c5-608743eea2c1.jpg', NULL, '1', '2020-05-20 15:15:48', '39c519bb28b24f208e25d344d5bdf41b');

-- ----------------------------
-- Table structure for sys_login_log
-- ----------------------------
DROP TABLE IF EXISTS `sys_login_log`;
CREATE TABLE `sys_login_log`  (
  `id` bigint(36) NOT NULL AUTO_INCREMENT COMMENT '日志编号',
  `user_id` varchar(36) CHARACTER SET utf8 COLLATE utf8_general_ci NOT NULL COMMENT '用户id,记录登录用户',
  `login_ip` varchar(20) CHARACTER SET utf8 COLLATE utf8_general_ci NULL DEFAULT NULL COMMENT '登录ip',
  `login_address` varchar(225) CHARACTER SET utf8 COLLATE utf8_general_ci NULL DEFAULT NULL COMMENT '登录地点',
  `browser_name` varchar(225) CHARACTER SET utf8 COLLATE utf8_general_ci NULL DEFAULT NULL COMMENT '浏览器名称',
  `operation_system` varchar(225) CHARACTER SET utf8 COLLATE utf8_general_ci NULL DEFAULT NULL COMMENT '操作系统',
  `login_status` varchar(2) CHARACTER SET utf8 COLLATE utf8_general_ci NOT NULL COMMENT '登录状态',
  `operation_info` varchar(225) CHARACTER SET utf8 COLLATE utf8_general_ci NOT NULL COMMENT '操作信息',
  `login_time` datetime(0) NOT NULL COMMENT '登录时间',
  PRIMARY KEY (`id`) USING BTREE
) ENGINE = InnoDB AUTO_INCREMENT = 7456 CHARACTER SET = utf8 COLLATE = utf8_general_ci ROW_FORMAT = Dynamic;

-- ----------------------------
-- Records of sys_login_log
-- ----------------------------
INSERT INTO `sys_login_log` VALUES (7181, '', '192.168.1.116', 'xx', 'Chrome 8', 'Windows 10', '0', '登录失败', '2020-04-30 04:59:27');
INSERT INTO `sys_login_log` VALUES (7183, '4fcee6c3f7164300ab75e67b32871145', '192.168.56.1', 'xx', 'Chrome 8', 'Windows 10', '1', '登录成功', '2020-04-30 05:52:15');
INSERT INTO `sys_login_log` VALUES (7184, '4fcee6c3f7164300ab75e67b32871145', '192.168.1.116', 'xx', 'Chrome 8', 'Windows 10', '1', '登录成功', '2020-04-30 07:19:22');
INSERT INTO `sys_login_log` VALUES (7185, '4fcee6c3f7164300ab75e67b32871145', '192.168.1.116', 'xx', 'Chrome 8', 'Windows 10', '1', '登录成功', '2020-04-30 07:19:57');
INSERT INTO `sys_login_log` VALUES (7186, '4fcee6c3f7164300ab75e67b32871145', '192.168.1.116', 'xx', 'Chrome 8', 'Windows 10', '1', '登录成功', '2020-05-01 00:49:36');
INSERT INTO `sys_login_log` VALUES (7187, '4fcee6c3f7164300ab75e67b32871145', '192.168.1.116', 'xx', 'Chrome 8', 'Windows 10', '1', '登录成功', '2020-05-01 04:54:19');
INSERT INTO `sys_login_log` VALUES (7188, '4fcee6c3f7164300ab75e67b32871145', '192.168.1.116', 'xx', 'Chrome 8', 'Windows 10', '1', '登录成功', '2020-05-01 05:46:50');
INSERT INTO `sys_login_log` VALUES (7189, '4fcee6c3f7164300ab75e67b32871145', '192.168.1.116', 'xx', 'Chrome 8', 'Windows 10', '1', '登录成功', '2020-05-01 05:51:15');
INSERT INTO `sys_login_log` VALUES (7190, '4fcee6c3f7164300ab75e67b32871145', '192.168.1.116', 'xx', 'Chrome 8', 'Windows 10', '1', '登录成功', '2020-05-01 08:24:04');
INSERT INTO `sys_login_log` VALUES (7191, '4fcee6c3f7164300ab75e67b32871145', '192.168.56.1', 'xx', 'Chrome 8', 'Windows 10', '1', '登录成功', '2020-05-01 11:40:32');
INSERT INTO `sys_login_log` VALUES (7192, '4fcee6c3f7164300ab75e67b32871145', '192.168.1.116', 'xx', 'Chrome 8', 'Windows 10', '1', '登录成功', '2020-05-02 01:25:22');
INSERT INTO `sys_login_log` VALUES (7193, '4fcee6c3f7164300ab75e67b32871145', '192.168.1.116', 'xx', 'Chrome 8', 'Windows 10', '1', '登录成功', '2020-05-02 02:21:13');
INSERT INTO `sys_login_log` VALUES (7194, '4fcee6c3f7164300ab75e67b32871145', '192.168.1.116', 'xx', 'Chrome 8', 'Windows 10', '1', '登录成功', '2020-05-02 02:22:00');
INSERT INTO `sys_login_log` VALUES (7195, '4fcee6c3f7164300ab75e67b32871145', '192.168.1.116', 'xx', 'Chrome 8', 'Windows 10', '1', '登录成功', '2020-05-02 03:05:19');
INSERT INTO `sys_login_log` VALUES (7196, '4fcee6c3f7164300ab75e67b32871145', '192.168.1.116', 'xx', 'Chrome 8', 'Windows 10', '1', '登录成功', '2020-05-02 03:06:25');
INSERT INTO `sys_login_log` VALUES (7197, '4fcee6c3f7164300ab75e67b32871145', '192.168.1.116', 'xx', 'Chrome 8', 'Windows 10', '1', '登录成功', '2020-05-02 04:57:18');
INSERT INTO `sys_login_log` VALUES (7198, '4fcee6c3f7164300ab75e67b32871145', '192.168.1.116', 'xx', 'Chrome 8', 'Windows 10', '1', '登录成功', '2020-05-02 08:50:40');
INSERT INTO `sys_login_log` VALUES (7199, '4fcee6c3f7164300ab75e67b32871145', '192.168.1.101', 'xx', 'Chrome 8', 'Windows 10', '1', '登录成功', '2020-05-02 12:05:21');
INSERT INTO `sys_login_log` VALUES (7200, '4fcee6c3f7164300ab75e67b32871145', '192.168.1.116', 'xx', 'Chrome 8', 'Windows 10', '1', '登录成功', '2020-05-03 00:43:39');
INSERT INTO `sys_login_log` VALUES (7201, '4fcee6c3f7164300ab75e67b32871145', '192.168.1.116', 'xx', 'Chrome 8', 'Windows 10', '1', '登录成功', '2020-05-03 02:10:55');
INSERT INTO `sys_login_log` VALUES (7202, '4fcee6c3f7164300ab75e67b32871145', '192.168.1.116', 'xx', 'Chrome 8', 'Windows 10', '1', '登录成功', '2020-05-03 04:57:23');
INSERT INTO `sys_login_log` VALUES (7203, '4fcee6c3f7164300ab75e67b32871145', '192.168.1.116', 'xx', 'Chrome 8', 'Windows 10', '1', '登录成功', '2020-05-03 06:08:00');
INSERT INTO `sys_login_log` VALUES (7204, '4fcee6c3f7164300ab75e67b32871145', '192.168.1.116', 'xx', 'Chrome 8', 'Windows 10', '1', '登录成功', '2020-05-03 08:44:19');
INSERT INTO `sys_login_log` VALUES (7205, '4fcee6c3f7164300ab75e67b32871145', '192.168.1.109', 'xx', 'Chrome 8', 'Windows 10', '1', '登录成功', '2020-05-05 07:00:50');
INSERT INTO `sys_login_log` VALUES (7206, '4fcee6c3f7164300ab75e67b32871145', '192.168.1.109', 'xx', 'Chrome 8', 'Windows 10', '1', '登录成功', '2020-05-05 07:24:57');
INSERT INTO `sys_login_log` VALUES (7207, '4fcee6c3f7164300ab75e67b32871145', '192.168.1.109', 'xx', 'Chrome 8', 'Windows 10', '1', '登录成功', '2020-05-05 07:31:34');
INSERT INTO `sys_login_log` VALUES (7208, '4fcee6c3f7164300ab75e67b32871145', '192.168.1.109', 'xx', 'Chrome 8', 'Windows 10', '1', '登录成功', '2020-05-05 07:55:29');
INSERT INTO `sys_login_log` VALUES (7209, '4fcee6c3f7164300ab75e67b32871145', '192.168.1.109', 'xx', 'Chrome 8', 'Windows 10', '1', '登录成功', '2020-05-05 08:50:04');
INSERT INTO `sys_login_log` VALUES (7210, '4fcee6c3f7164300ab75e67b32871145', '192.168.1.109', 'xx', 'Chrome 8', 'Windows 10', '1', '登录成功', '2020-05-05 08:56:36');
INSERT INTO `sys_login_log` VALUES (7211, '4fcee6c3f7164300ab75e67b32871145', '192.168.1.109', 'xx', 'Chrome 8', 'Windows 10', '1', '登录成功', '2020-05-05 10:00:53');
INSERT INTO `sys_login_log` VALUES (7212, '4fcee6c3f7164300ab75e67b32871145', '192.168.1.109', 'xx', 'Chrome 8', 'Windows 10', '1', '登录成功', '2020-05-05 10:09:01');
INSERT INTO `sys_login_log` VALUES (7213, '4fcee6c3f7164300ab75e67b32871145', '192.168.1.109', 'xx', 'Chrome 8', 'Windows 10', '1', '登录成功', '2020-05-05 10:35:36');
INSERT INTO `sys_login_log` VALUES (7214, '4fcee6c3f7164300ab75e67b32871145', '192.168.1.109', 'xx', 'Chrome 8', 'Windows 10', '1', '登录成功', '2020-05-06 00:26:45');
INSERT INTO `sys_login_log` VALUES (7215, '4fcee6c3f7164300ab75e67b32871145', '192.168.1.109', 'xx', 'Chrome 8', 'Windows 10', '1', '登录成功', '2020-05-06 01:26:49');
INSERT INTO `sys_login_log` VALUES (7216, '4fcee6c3f7164300ab75e67b32871145', '192.168.1.109', 'xx', 'Chrome 8', 'Windows 10', '1', '登录成功', '2020-05-06 01:33:51');
INSERT INTO `sys_login_log` VALUES (7217, '4fcee6c3f7164300ab75e67b32871145', '192.168.1.109', 'xx', 'Chrome 8', 'Windows 10', '1', '登录成功', '2020-05-06 01:36:20');
INSERT INTO `sys_login_log` VALUES (7218, '4fcee6c3f7164300ab75e67b32871145', '192.168.1.109', 'xx', 'Chrome 8', 'Windows 10', '1', '登录成功', '2020-05-06 01:37:13');
INSERT INTO `sys_login_log` VALUES (7219, '4fcee6c3f7164300ab75e67b32871145', '192.168.1.109', 'xx', 'Chrome 8', 'Windows 10', '1', '登录成功', '2020-05-06 01:40:20');
INSERT INTO `sys_login_log` VALUES (7220, '4fcee6c3f7164300ab75e67b32871145', '192.168.1.109', 'xx', 'Chrome 8', 'Windows 10', '1', '登录成功', '2020-05-06 01:41:12');
INSERT INTO `sys_login_log` VALUES (7221, '4fcee6c3f7164300ab75e67b32871145', '192.168.1.109', 'xx', 'Chrome 8', 'Windows 10', '1', '登录成功', '2020-05-06 01:42:23');
INSERT INTO `sys_login_log` VALUES (7222, '4fcee6c3f7164300ab75e67b32871145', '192.168.1.109', 'xx', 'Chrome 8', 'Windows 10', '1', '登录成功', '2020-05-06 01:50:37');
INSERT INTO `sys_login_log` VALUES (7223, '4fcee6c3f7164300ab75e67b32871145', '192.168.1.109', 'xx', 'Chrome 8', 'Windows 10', '1', '登录成功', '2020-05-06 02:20:11');
INSERT INTO `sys_login_log` VALUES (7224, '4fcee6c3f7164300ab75e67b32871145', '192.168.1.109', 'xx', 'Chrome 8', 'Windows 10', '1', '登录成功', '2020-05-06 03:29:47');
INSERT INTO `sys_login_log` VALUES (7225, '4fcee6c3f7164300ab75e67b32871145', '192.168.1.109', 'xx', 'Chrome 8', 'Windows 10', '1', '登录成功', '2020-05-06 03:56:08');
INSERT INTO `sys_login_log` VALUES (7226, '4fcee6c3f7164300ab75e67b32871145', '192.168.1.109', 'xx', 'Chrome 8', 'Windows 10', '1', '登录成功', '2020-05-06 06:06:33');
INSERT INTO `sys_login_log` VALUES (7227, '4fcee6c3f7164300ab75e67b32871145', '192.168.1.109', 'xx', 'Chrome 8', 'Windows 10', '1', '登录成功', '2020-05-06 06:21:18');
INSERT INTO `sys_login_log` VALUES (7228, '4fcee6c3f7164300ab75e67b32871145', '192.168.1.109', 'xx', 'Chrome 8', 'Windows 10', '1', '登录成功', '2020-05-06 07:28:38');
INSERT INTO `sys_login_log` VALUES (7229, '4fcee6c3f7164300ab75e67b32871145', '192.168.1.109', 'xx', 'Chrome 8', 'Windows 10', '1', '登录成功', '2020-05-06 07:29:00');
INSERT INTO `sys_login_log` VALUES (7230, '4fcee6c3f7164300ab75e67b32871145', '192.168.1.109', 'xx', 'Chrome 8', 'Windows 10', '1', '登录成功', '2020-05-06 07:47:56');
INSERT INTO `sys_login_log` VALUES (7231, '4fcee6c3f7164300ab75e67b32871145', '192.168.1.109', 'xx', 'Chrome 8', 'Windows 10', '1', '登录成功', '2020-05-06 07:58:54');
INSERT INTO `sys_login_log` VALUES (7232, '4fcee6c3f7164300ab75e67b32871145', '192.168.1.109', 'xx', 'Chrome 8', 'Windows 10', '1', '登录成功', '2020-05-06 08:21:23');
INSERT INTO `sys_login_log` VALUES (7233, '4fcee6c3f7164300ab75e67b32871145', '192.168.1.109', 'xx', 'Chrome 8', 'Windows 10', '1', '登录成功', '2020-05-07 01:02:57');
INSERT INTO `sys_login_log` VALUES (7234, '4fcee6c3f7164300ab75e67b32871145', '192.168.1.109', 'xx', 'Chrome 8', 'Windows 10', '1', '登录成功', '2020-05-07 01:52:47');
INSERT INTO `sys_login_log` VALUES (7235, '4fcee6c3f7164300ab75e67b32871145', '192.168.1.109', 'xx', 'Chrome 8', 'Windows 10', '1', '登录成功', '2020-05-08 08:10:35');
INSERT INTO `sys_login_log` VALUES (7236, '4fcee6c3f7164300ab75e67b32871145', '192.168.1.109', 'xx', 'Chrome 8', 'Windows 10', '1', '登录成功', '2020-05-08 08:39:09');
INSERT INTO `sys_login_log` VALUES (7237, '4fcee6c3f7164300ab75e67b32871145', '192.168.1.109', 'xx', 'Chrome 8', 'Windows 10', '1', '登录成功', '2020-05-08 10:07:20');
INSERT INTO `sys_login_log` VALUES (7238, '4fcee6c3f7164300ab75e67b32871145', '192.168.56.1', 'xx', 'Chrome 8', 'Windows 10', '1', '登录成功', '2020-05-08 10:08:59');
INSERT INTO `sys_login_log` VALUES (7239, '4fcee6c3f7164300ab75e67b32871145', '192.168.1.100', 'xx', 'Chrome 8', 'Windows 10', '1', '登录成功', '2020-05-08 16:47:30');
INSERT INTO `sys_login_log` VALUES (7240, '4fcee6c3f7164300ab75e67b32871145', '192.168.1.109', 'xx', 'Chrome 8', 'Windows 10', '1', '登录成功', '2020-05-09 00:35:27');
INSERT INTO `sys_login_log` VALUES (7241, '4fcee6c3f7164300ab75e67b32871145', '192.168.1.109', 'xx', 'Chrome 8', 'Windows 10', '1', '登录成功', '2020-05-09 00:49:28');
INSERT INTO `sys_login_log` VALUES (7242, '4fcee6c3f7164300ab75e67b32871145', '192.168.1.109', 'xx', 'Chrome 8', 'Windows 10', '1', '登录成功', '2020-05-09 01:50:31');
INSERT INTO `sys_login_log` VALUES (7243, '4fcee6c3f7164300ab75e67b32871145', '192.168.1.109', 'xx', 'Chrome 8', 'Windows 10', '1', '登录成功', '2020-05-09 02:01:57');
INSERT INTO `sys_login_log` VALUES (7244, '4fcee6c3f7164300ab75e67b32871145', '192.168.1.109', 'xx', 'Chrome 8', 'Windows 10', '1', '登录成功', '2020-05-09 02:44:03');
INSERT INTO `sys_login_log` VALUES (7245, '4fcee6c3f7164300ab75e67b32871145', '192.168.1.109', 'xx', 'Chrome 8', 'Windows 10', '1', '登录成功', '2020-05-09 02:58:12');
INSERT INTO `sys_login_log` VALUES (7246, '4fcee6c3f7164300ab75e67b32871145', '192.168.1.109', 'xx', 'Chrome 8', 'Windows 10', '1', '登录成功', '2020-05-09 03:31:34');
INSERT INTO `sys_login_log` VALUES (7247, '', '192.168.1.109', 'xx', 'Chrome 8', 'Windows 10', '0', '登录失败', '2020-05-09 06:05:32');
INSERT INTO `sys_login_log` VALUES (7248, '4fcee6c3f7164300ab75e67b32871145', '192.168.1.109', 'xx', 'Chrome 8', 'Windows 10', '1', '登录成功', '2020-05-09 06:05:38');
INSERT INTO `sys_login_log` VALUES (7249, '4fcee6c3f7164300ab75e67b32871145', '192.168.1.109', 'xx', 'Chrome 8', 'Windows 10', '1', '登录成功', '2020-05-09 07:06:11');
INSERT INTO `sys_login_log` VALUES (7250, '4fcee6c3f7164300ab75e67b32871145', '192.168.1.109', 'xx', 'Chrome 8', 'Windows 10', '1', '登录成功', '2020-05-09 07:13:51');
INSERT INTO `sys_login_log` VALUES (7251, '4fcee6c3f7164300ab75e67b32871145', '192.168.1.100', 'xx', 'Chrome 8', 'Windows 10', '1', '登录成功', '2020-05-10 02:51:57');
INSERT INTO `sys_login_log` VALUES (7252, '4fcee6c3f7164300ab75e67b32871145', '192.168.1.100', 'xx', 'Chrome 8', 'Windows 10', '1', '登录成功', '2020-05-10 05:57:04');
INSERT INTO `sys_login_log` VALUES (7253, '4fcee6c3f7164300ab75e67b32871145', '192.168.1.100', 'xx', 'Chrome 8', 'Windows 10', '1', '登录成功', '2020-05-10 07:41:20');
INSERT INTO `sys_login_log` VALUES (7254, '4fcee6c3f7164300ab75e67b32871145', '192.168.1.100', 'xx', 'Chrome 8', 'Windows 10', '1', '登录成功', '2020-05-10 16:23:55');
INSERT INTO `sys_login_log` VALUES (7255, '4fcee6c3f7164300ab75e67b32871145', '192.168.1.109', 'xx', 'Chrome 8', 'Windows 10', '1', '登录成功', '2020-05-11 00:23:41');
INSERT INTO `sys_login_log` VALUES (7256, '4fcee6c3f7164300ab75e67b32871145', '192.168.1.109', 'xx', 'Chrome 8', 'Windows 10', '1', '登录成功', '2020-05-11 00:32:44');
INSERT INTO `sys_login_log` VALUES (7257, '4fcee6c3f7164300ab75e67b32871145', '192.168.1.109', 'xx', 'Chrome 8', 'Windows 10', '1', '登录成功', '2020-05-11 02:11:31');
INSERT INTO `sys_login_log` VALUES (7258, '4fcee6c3f7164300ab75e67b32871145', '192.168.1.109', 'xx', 'Chrome 8', 'Windows 10', '1', '登录成功', '2020-05-11 02:22:30');
INSERT INTO `sys_login_log` VALUES (7259, '4fcee6c3f7164300ab75e67b32871145', '192.168.1.109', 'xx', 'Chrome 8', 'Windows 10', '1', '登录成功', '2020-05-11 03:44:31');
INSERT INTO `sys_login_log` VALUES (7260, '4fcee6c3f7164300ab75e67b32871145', '192.168.1.109', 'xx', 'Chrome 8', 'Windows 10', '1', '登录成功', '2020-05-11 05:59:22');
INSERT INTO `sys_login_log` VALUES (7261, '4fcee6c3f7164300ab75e67b32871145', '192.168.1.109', 'xx', 'Chrome 8', 'Windows 10', '1', '登录成功', '2020-05-11 06:59:28');
INSERT INTO `sys_login_log` VALUES (7262, '4fcee6c3f7164300ab75e67b32871145', '192.168.1.109', 'xx', 'Chrome 8', 'Windows 10', '1', '登录成功', '2020-05-11 07:03:26');
INSERT INTO `sys_login_log` VALUES (7263, '4fcee6c3f7164300ab75e67b32871145', '192.168.1.109', 'xx', 'Chrome 8', 'Windows 10', '1', '登录成功', '2020-05-11 07:16:10');
INSERT INTO `sys_login_log` VALUES (7264, '1', '192.168.1.109', 'xx', 'Chrome 8', 'Windows 10', '1', '登录成功', '2020-05-11 08:48:07');
INSERT INTO `sys_login_log` VALUES (7265, '1', '192.168.1.109', 'xx', 'Chrome 8', 'Windows 10', '1', '登录成功', '2020-05-11 08:56:19');
INSERT INTO `sys_login_log` VALUES (7266, '1', '192.168.1.109', 'xx', 'Chrome 8', 'Windows 10', '1', '登录成功', '2020-05-11 09:50:37');
INSERT INTO `sys_login_log` VALUES (7267, '1', '192.168.1.109', 'xx', 'Chrome 8', 'Windows 10', '1', '登录成功', '2020-05-11 09:51:47');
INSERT INTO `sys_login_log` VALUES (7268, '1', '192.168.1.109', 'xx', 'Chrome 8', 'Windows 10', '1', '登录成功', '2020-05-11 10:01:59');
INSERT INTO `sys_login_log` VALUES (7269, '1', '192.168.41.11', 'xx', 'Chrome 8', 'Windows 10', '1', '登录成功', '2020-05-11 15:39:18');
INSERT INTO `sys_login_log` VALUES (7270, '1', '192.168.1.109', 'xx', 'Chrome 8', 'Windows 10', '1', '登录成功', '2020-05-12 00:27:34');
INSERT INTO `sys_login_log` VALUES (7271, '1', '192.168.1.109', 'xx', 'Chrome 8', 'Windows 10', '1', '登录成功', '2020-05-12 00:28:55');
INSERT INTO `sys_login_log` VALUES (7272, '1', '192.168.1.109', 'xx', 'Chrome 8', 'Windows 10', '1', '登录成功', '2020-05-12 00:32:23');
INSERT INTO `sys_login_log` VALUES (7273, '1', '192.168.1.109', 'xx', 'Chrome 8', 'Windows 10', '1', '登录成功', '2020-05-12 03:23:58');
INSERT INTO `sys_login_log` VALUES (7274, '27de363882514f65b1763eea6724e665', '192.168.1.109', 'xx', 'Chrome 8', 'Windows 10', '1', '登录成功', '2020-05-12 03:24:40');
INSERT INTO `sys_login_log` VALUES (7275, '27de363882514f65b1763eea6724e665', '192.168.1.109', 'xx', 'Chrome 8', 'Windows 10', '1', '登录成功', '2020-05-12 03:25:24');
INSERT INTO `sys_login_log` VALUES (7276, '27de363882514f65b1763eea6724e665', '192.168.1.109', 'xx', 'Chrome 8', 'Windows 10', '1', '登录成功', '2020-05-12 03:25:41');
INSERT INTO `sys_login_log` VALUES (7277, '1', '192.168.1.109', 'xx', 'Chrome 8', 'Windows 10', '1', '登录成功', '2020-05-12 06:02:13');
INSERT INTO `sys_login_log` VALUES (7278, '1', '192.168.41.11', 'xx', 'Chrome 8', 'Windows 10', '1', '登录成功', '2020-05-12 12:47:09');
INSERT INTO `sys_login_log` VALUES (7279, '1', '192.168.41.11', 'xx', 'Chrome 8', 'Windows 10', '1', '登录成功', '2020-05-12 15:04:33');
INSERT INTO `sys_login_log` VALUES (7280, '1', '192.168.41.11', 'xx', 'Chrome 8', 'Windows 10', '1', '登录成功', '2020-05-12 15:05:29');
INSERT INTO `sys_login_log` VALUES (7281, '1', '192.168.1.109', 'xx', 'Chrome 8', 'Windows 10', '1', '登录成功', '2020-05-13 00:25:06');
INSERT INTO `sys_login_log` VALUES (7282, '1', '192.168.1.109', 'xx', 'Chrome 8', 'Windows 10', '1', '登录成功', '2020-05-13 06:03:33');
INSERT INTO `sys_login_log` VALUES (7283, '1', '192.168.41.11', 'xx', 'Chrome 8', 'Windows 10', '1', '登录成功', '2020-05-13 15:22:39');
INSERT INTO `sys_login_log` VALUES (7284, '', '192.168.1.109', 'xx', 'Chrome 8', 'Windows 10', '0', '登录失败', '2020-05-14 00:26:28');
INSERT INTO `sys_login_log` VALUES (7285, '1', '192.168.1.109', 'xx', 'Chrome 8', 'Windows 10', '1', '登录成功', '2020-05-14 00:26:38');
INSERT INTO `sys_login_log` VALUES (7286, '1', '192.168.1.109', 'xx', 'Chrome 8', 'Windows 10', '1', '登录成功', '2020-05-14 01:46:20');
INSERT INTO `sys_login_log` VALUES (7287, '1', '192.168.1.109', 'xx', 'Chrome 8', 'Windows 10', '1', '登录成功', '2020-05-14 01:51:14');
INSERT INTO `sys_login_log` VALUES (7288, '1', '192.168.1.109', 'xx', 'Chrome 8', 'Windows 10', '1', '登录成功', '2020-05-14 01:53:49');
INSERT INTO `sys_login_log` VALUES (7289, '1', '192.168.1.109', 'xx', 'Chrome 8', 'Windows 10', '1', '登录成功', '2020-05-14 01:55:12');
INSERT INTO `sys_login_log` VALUES (7290, '1', '192.168.1.109', 'xx', 'Chrome 8', 'Windows 10', '1', '登录成功', '2020-05-14 02:12:33');
INSERT INTO `sys_login_log` VALUES (7291, '1', '192.168.1.109', 'xx', 'Chrome 8', 'Windows 10', '1', '登录成功', '2020-05-14 04:11:41');
INSERT INTO `sys_login_log` VALUES (7292, '1', '192.168.1.109', 'xx', 'Chrome 8', 'Windows 10', '1', '登录成功', '2020-05-14 04:26:54');
INSERT INTO `sys_login_log` VALUES (7293, '1', '192.168.1.109', 'xx', 'Chrome 8', 'Windows 10', '1', '登录成功', '2020-05-14 06:03:44');
INSERT INTO `sys_login_log` VALUES (7294, '1', '192.168.1.109', 'xx', 'Chrome 8', 'Windows 10', '1', '登录成功', '2020-05-14 08:11:30');
INSERT INTO `sys_login_log` VALUES (7295, '1', '192.168.1.109', 'xx', 'Chrome 8', 'Windows 10', '1', '登录成功', '2020-05-14 08:35:09');
INSERT INTO `sys_login_log` VALUES (7296, '1', '192.168.1.109', 'xx', 'Chrome 8', 'Windows 10', '1', '登录成功', '2020-05-15 00:24:36');
INSERT INTO `sys_login_log` VALUES (7297, '1', '172.18.64.202', 'xx', 'Chrome 8', 'Windows 10', '1', '登录成功', '2020-05-15 06:36:58');
INSERT INTO `sys_login_log` VALUES (7298, '1', '172.18.64.202', 'xx', 'Chrome 8', 'Windows 10', '1', '登录成功', '2020-05-15 06:55:10');
INSERT INTO `sys_login_log` VALUES (7299, '1', '172.16.41.226', 'xx', 'Chrome 8', 'Windows 10', '1', '登录成功', '2020-05-15 07:14:35');
INSERT INTO `sys_login_log` VALUES (7300, '1', '172.16.41.226', 'xx', 'Chrome 8', 'Windows 10', '1', '登录成功', '2020-05-15 07:14:36');
INSERT INTO `sys_login_log` VALUES (7301, '1', '172.16.41.226', 'xx', 'Chrome 8', 'Windows 10', '1', '登录成功', '2020-05-15 07:19:18');
INSERT INTO `sys_login_log` VALUES (7302, '1', '172.16.41.226', 'xx', 'Chrome 8', 'Windows 10', '1', '登录成功', '2020-05-15 07:19:20');
INSERT INTO `sys_login_log` VALUES (7303, '1', '172.18.64.202', 'xx', 'Chrome 8', 'Windows 10', '1', '登录成功', '2020-05-15 07:33:03');
INSERT INTO `sys_login_log` VALUES (7304, '1', '172.18.64.202', 'xx', 'Chrome 8', 'Windows 10', '1', '登录成功', '2020-05-15 07:47:39');
INSERT INTO `sys_login_log` VALUES (7305, '1', '172.18.64.202', 'xx', 'Chrome 8', 'Windows 10', '1', '登录成功', '2020-05-15 08:24:46');
INSERT INTO `sys_login_log` VALUES (7306, '1', '192.168.1.109', 'xx', 'Chrome 8', 'Windows 10', '1', '登录成功', '2020-05-15 08:42:41');
INSERT INTO `sys_login_log` VALUES (7307, '1', '192.168.1.109', 'xx', 'Chrome 8', 'Windows 10', '1', '登录成功', '2020-05-15 08:43:05');
INSERT INTO `sys_login_log` VALUES (7308, '1', '192.168.1.109', 'xx', 'Chrome 8', 'Windows 10', '1', '登录成功', '2020-05-15 08:44:04');
INSERT INTO `sys_login_log` VALUES (7309, '1', '172.16.41.226', 'xx', 'Chrome 8', 'Windows 10', '1', '登录成功', '2020-05-15 08:44:54');
INSERT INTO `sys_login_log` VALUES (7310, '1', '172.16.41.226', 'xx', 'Chrome 8', 'Windows 10', '1', '登录成功', '2020-05-15 08:44:55');
INSERT INTO `sys_login_log` VALUES (7311, '1', '192.168.1.109', 'xx', 'Chrome 8', 'Windows 10', '1', '登录成功', '2020-05-15 08:48:12');
INSERT INTO `sys_login_log` VALUES (7312, '1', '192.168.1.109', 'xx', 'Chrome 8', 'Windows 10', '1', '登录成功', '2020-05-15 08:50:41');
INSERT INTO `sys_login_log` VALUES (7313, '1', '172.16.41.226', 'xx', 'Chrome 8', 'Windows 10', '1', '登录成功', '2020-05-15 08:51:56');
INSERT INTO `sys_login_log` VALUES (7314, '1', '172.16.41.226', 'xx', 'Chrome 8', 'Windows 10', '1', '登录成功', '2020-05-15 08:51:59');
INSERT INTO `sys_login_log` VALUES (7315, '1', '192.168.1.109', 'xx', 'Chrome 8', 'Windows 10', '1', '登录成功', '2020-05-15 08:57:26');
INSERT INTO `sys_login_log` VALUES (7316, '', '172.16.41.226', 'xx', 'Chrome 8', 'Windows 10', '0', '登录失败', '2020-05-15 09:31:12');
INSERT INTO `sys_login_log` VALUES (7317, '1', '172.16.41.226', 'xx', 'Chrome 8', 'Windows 10', '1', '登录成功', '2020-05-15 09:31:15');
INSERT INTO `sys_login_log` VALUES (7318, '1', '192.168.1.109', 'xx', 'Chrome 8', 'Windows 10', '1', '登录成功', '2020-05-15 09:31:23');
INSERT INTO `sys_login_log` VALUES (7319, '1', '192.168.1.109', 'xx', 'Chrome 8', 'Windows 10', '1', '登录成功', '2020-05-15 09:38:18');
INSERT INTO `sys_login_log` VALUES (7320, '1', '172.16.41.226', 'xx', 'Chrome 53', 'Windows 10', '1', '登录成功', '2020-05-15 09:45:39');
INSERT INTO `sys_login_log` VALUES (7321, '39c519bb28b24f208e25d344d5bdf41b', '192.168.1.109', 'xx', 'Chrome 8', 'Windows 10', '1', '登录成功', '2020-05-15 09:51:49');
INSERT INTO `sys_login_log` VALUES (7322, '39c519bb28b24f208e25d344d5bdf41b', '172.16.41.226', 'xx', 'Chrome 8', 'Windows 10', '1', '登录成功', '2020-05-15 10:01:10');
INSERT INTO `sys_login_log` VALUES (7323, '1', '192.168.1.109', 'xx', 'Chrome 8', 'Windows 10', '1', '登录成功', '2020-05-15 10:11:43');
INSERT INTO `sys_login_log` VALUES (7324, '1', '172.16.41.226', 'xx', 'Chrome 8', 'Windows 10', '1', '登录成功', '2020-05-15 10:12:49');
INSERT INTO `sys_login_log` VALUES (7325, '1', '192.168.1.109', 'xx', 'Chrome 8', 'Windows 10', '1', '登录成功', '2020-05-15 10:24:48');
INSERT INTO `sys_login_log` VALUES (7326, '1', '172.16.41.226', 'xx', 'Chrome 8', 'Windows 10', '1', '登录成功', '2020-05-15 11:05:47');
INSERT INTO `sys_login_log` VALUES (7327, '39c519bb28b24f208e25d344d5bdf41b', '172.16.41.226', 'xx', 'Chrome 53', 'Windows 10', '1', '登录成功', '2020-05-15 16:19:30');
INSERT INTO `sys_login_log` VALUES (7328, '39c519bb28b24f208e25d344d5bdf41b', '172.16.41.226', 'xx', 'Chrome 8', 'Windows 10', '1', '登录成功', '2020-05-15 16:21:31');
INSERT INTO `sys_login_log` VALUES (7329, '1', '172.16.41.226', 'xx', 'Chrome 8', 'Windows 10', '1', '登录成功', '2020-05-15 16:31:12');
INSERT INTO `sys_login_log` VALUES (7330, '1', '192.168.41.11', 'xx', 'Chrome 8', 'Windows 10', '1', '登录成功', '2020-05-15 17:10:33');
INSERT INTO `sys_login_log` VALUES (7331, '1', '192.168.1.109', 'xx', 'Chrome 8', 'Windows 10', '1', '登录成功', '2020-05-16 00:43:39');
INSERT INTO `sys_login_log` VALUES (7332, '1', '192.168.1.109', 'xx', 'Chrome 8', 'Windows 10', '1', '登录成功', '2020-05-16 03:46:40');
INSERT INTO `sys_login_log` VALUES (7333, '1', '192.168.1.109', 'xx', 'Chrome 8', 'Windows 10', '1', '登录成功', '2020-05-16 05:58:59');
INSERT INTO `sys_login_log` VALUES (7334, '1', '172.16.41.226', 'xx', 'Chrome 8', 'Windows 10', '1', '登录成功', '2020-05-16 07:51:12');
INSERT INTO `sys_login_log` VALUES (7335, '1', '172.16.41.226', 'xx', 'Chrome 8', 'Windows 10', '1', '登录成功', '2020-05-16 07:58:54');
INSERT INTO `sys_login_log` VALUES (7336, '1', '172.16.41.226', 'xx', 'Chrome 8', 'Windows 10', '1', '登录成功', '2020-05-16 08:01:25');
INSERT INTO `sys_login_log` VALUES (7337, '1', '172.16.41.226', 'xx', 'Chrome 8', 'Windows 10', '1', '登录成功', '2020-05-16 08:02:25');
INSERT INTO `sys_login_log` VALUES (7338, '1', '172.16.41.226', 'xx', 'Chrome 8', 'Windows 10', '1', '登录成功', '2020-05-16 08:06:15');
INSERT INTO `sys_login_log` VALUES (7339, '1', '172.16.41.226', 'xx', 'Chrome 8', 'Windows 10', '1', '登录成功', '2020-05-16 08:17:59');
INSERT INTO `sys_login_log` VALUES (7340, '1', '172.16.41.226', 'xx', 'Chrome 8', 'Windows 10', '1', '登录成功', '2020-05-16 08:34:34');
INSERT INTO `sys_login_log` VALUES (7341, '1', '172.16.41.226', 'xx', 'Chrome 8', 'Windows 10', '1', '登录成功', '2020-05-16 08:45:19');
INSERT INTO `sys_login_log` VALUES (7342, '1', '172.16.41.226', 'xx', 'Chrome 8', 'Windows 10', '1', '登录成功', '2020-05-16 08:54:36');
INSERT INTO `sys_login_log` VALUES (7343, '1', '172.16.41.226', 'xx', 'Chrome 8', 'Windows 10', '1', '登录成功', '2020-05-16 08:54:56');
INSERT INTO `sys_login_log` VALUES (7344, '1', '172.18.64.202', 'xx', 'Chrome 8', 'Windows 10', '1', '登录成功', '2020-05-16 08:58:57');
INSERT INTO `sys_login_log` VALUES (7345, '1', '172.16.41.226', 'xx', 'Chrome 8', 'Windows 10', '1', '登录成功', '2020-05-16 09:25:31');
INSERT INTO `sys_login_log` VALUES (7346, '1', '172.16.41.226', 'xx', 'Chrome 8', 'Windows 10', '1', '登录成功', '2020-05-16 09:35:52');
INSERT INTO `sys_login_log` VALUES (7347, '1', '172.18.64.202', 'xx', 'Chrome 8', 'Windows 10', '1', '登录成功', '2020-05-16 09:50:03');
INSERT INTO `sys_login_log` VALUES (7348, '1', '172.18.64.202', 'xx', 'Chrome 8', 'Windows 10', '1', '登录成功', '2020-05-16 09:57:35');
INSERT INTO `sys_login_log` VALUES (7349, '1', '172.16.41.226', 'xx', 'Chrome 8', 'Windows 10', '1', '登录成功', '2020-05-16 10:02:03');
INSERT INTO `sys_login_log` VALUES (7350, '1', '172.16.41.226', 'xx', 'Chrome 8', 'Windows 10', '1', '登录成功', '2020-05-16 10:06:01');
INSERT INTO `sys_login_log` VALUES (7351, '1', '172.16.41.226', 'xx', 'Chrome 8', 'Windows 10', '1', '登录成功', '2020-05-16 10:14:27');
INSERT INTO `sys_login_log` VALUES (7352, '1', '172.16.41.226', 'xx', 'Chrome', 'Windows 7', '1', '登录成功', '2020-05-16 12:51:46');
INSERT INTO `sys_login_log` VALUES (7353, '1', '172.16.41.226', 'xx', 'Chrome Mobile', 'Android 1.x', '1', '登录成功', '2020-05-16 13:11:43');
INSERT INTO `sys_login_log` VALUES (7354, '1', '172.16.41.226', 'xx', 'Chrome', 'Windows 7', '1', '登录成功', '2020-05-16 13:24:01');
INSERT INTO `sys_login_log` VALUES (7355, '1', '192.168.41.11', 'xx', 'Chrome 8', 'Windows 10', '1', '登录成功', '2020-05-17 03:40:53');
INSERT INTO `sys_login_log` VALUES (7356, '1', '192.168.41.11', 'xx', 'Chrome 8', 'Windows 10', '1', '登录成功', '2020-05-17 09:40:42');
INSERT INTO `sys_login_log` VALUES (7357, '1', '192.168.41.11', 'xx', 'Chrome 8', 'Windows 10', '1', '登录成功', '2020-05-17 10:23:13');
INSERT INTO `sys_login_log` VALUES (7358, '1', '192.168.41.11', 'xx', 'Chrome 8', 'Windows 10', '1', '登录成功', '2020-05-17 14:47:07');
INSERT INTO `sys_login_log` VALUES (7359, '1', '192.168.1.109', 'xx', 'Chrome 8', 'Windows 10', '1', '登录成功', '2020-05-18 00:24:16');
INSERT INTO `sys_login_log` VALUES (7360, '1', '172.18.64.202', 'xx', 'Chrome 8', 'Windows 7', '1', '登录成功', '2020-05-18 03:15:49');
INSERT INTO `sys_login_log` VALUES (7361, '1', '172.18.64.202', 'xx', 'Chrome 8', 'Windows 7', '1', '登录成功', '2020-05-18 03:15:51');
INSERT INTO `sys_login_log` VALUES (7362, '1', '192.168.1.109', 'xx', 'Chrome 8', 'Windows 10', '1', '登录成功', '2020-05-18 14:11:48');
INSERT INTO `sys_login_log` VALUES (7363, '1', '192.168.1.109', 'xx', 'Chrome 8', 'Windows 10', '1', '登录成功', '2020-05-18 14:48:52');
INSERT INTO `sys_login_log` VALUES (7364, '1', '192.168.1.109', 'xx', 'Chrome 8', 'Windows 10', '1', '登录成功', '2020-05-18 14:50:03');
INSERT INTO `sys_login_log` VALUES (7365, '1', '192.168.1.109', 'xx', 'Chrome 8', 'Windows 10', '1', '登录成功', '2020-05-18 14:50:51');
INSERT INTO `sys_login_log` VALUES (7366, '1', '192.168.1.109', 'xx', 'Chrome 8', 'Windows 10', '1', '登录成功', '2020-05-18 15:02:26');
INSERT INTO `sys_login_log` VALUES (7367, '1', '192.168.1.109', 'xx', 'Chrome 8', 'Windows 10', '1', '登录成功', '2020-05-18 15:04:35');
INSERT INTO `sys_login_log` VALUES (7368, '', '192.168.1.109', 'xx', 'Chrome 8', 'Windows 10', '0', '登录失败', '2020-05-18 15:05:00');
INSERT INTO `sys_login_log` VALUES (7369, '', '192.168.1.109', 'xx', 'Chrome 8', 'Windows 10', '0', '登录失败', '2020-05-18 15:06:08');
INSERT INTO `sys_login_log` VALUES (7370, '', '192.168.1.109', 'xx', 'Chrome 8', 'Windows 10', '0', '登录失败', '2020-05-18 15:06:12');
INSERT INTO `sys_login_log` VALUES (7371, '', '192.168.1.109', 'xx', 'Chrome 8', 'Windows 10', '0', '登录失败', '2020-05-18 15:06:14');
INSERT INTO `sys_login_log` VALUES (7372, '1', '192.168.1.109', 'xx', 'Chrome 8', 'Windows 10', '1', '登录成功', '2020-05-18 15:12:31');
INSERT INTO `sys_login_log` VALUES (7373, '', '192.168.1.109', 'xx', 'Chrome 8', 'Windows 10', '0', '登录失败', '2020-05-18 15:12:55');
INSERT INTO `sys_login_log` VALUES (7374, '', '192.168.1.109', 'xx', 'Chrome 8', 'Windows 10', '0', '登录失败', '2020-05-18 15:14:24');
INSERT INTO `sys_login_log` VALUES (7375, '', '192.168.1.109', 'xx', 'Chrome 8', 'Windows 10', '0', '登录失败', '2020-05-18 15:14:27');
INSERT INTO `sys_login_log` VALUES (7376, '', '192.168.1.109', 'xx', 'Chrome 8', 'Windows 10', '0', '登录失败', '2020-05-18 15:14:50');
INSERT INTO `sys_login_log` VALUES (7377, '', '192.168.1.109', 'xx', 'Chrome 8', 'Windows 10', '0', '登录失败', '2020-05-18 15:15:30');
INSERT INTO `sys_login_log` VALUES (7378, '1', '192.168.1.109', 'xx', 'Chrome 8', 'Windows 10', '1', '登录成功', '2020-05-18 15:21:29');
INSERT INTO `sys_login_log` VALUES (7379, '1', '172.18.64.202', 'xx', 'Chrome 8', 'Windows 7', '1', '登录成功', '2020-05-18 07:31:16');
INSERT INTO `sys_login_log` VALUES (7380, '1', '192.168.1.109', 'xx', 'Chrome 8', 'Windows 10', '1', '登录成功', '2020-05-18 15:38:31');
INSERT INTO `sys_login_log` VALUES (7381, '1', '192.168.1.109', 'xx', 'Chrome 8', 'Windows 10', '1', '登录成功', '2020-05-18 15:42:11');
INSERT INTO `sys_login_log` VALUES (7382, '1', '192.168.1.109', 'xx', 'Chrome 8', 'Windows 10', '1', '登录成功', '2020-05-18 17:38:14');
INSERT INTO `sys_login_log` VALUES (7383, '1', '192.168.1.109', 'xx', 'Chrome 8', 'Windows 10', '1', '登录成功', '2020-05-18 17:38:46');
INSERT INTO `sys_login_log` VALUES (7384, '1', '192.168.1.109', 'xx', 'Chrome 8', 'Windows 10', '1', '登录成功', '2020-05-18 18:02:50');
INSERT INTO `sys_login_log` VALUES (7385, '2081f5f330934450a9cd97eec984c288', '192.168.1.109', 'xx', 'Chrome 8', 'Windows 10', '1', '登录成功', '2020-05-18 18:13:37');
INSERT INTO `sys_login_log` VALUES (7386, '1', '192.168.1.109', 'xx', 'Chrome 8', 'Windows 10', '1', '登录成功', '2020-05-18 18:13:58');
INSERT INTO `sys_login_log` VALUES (7387, '1', '192.168.1.109', 'xx', 'Chrome 8', 'Windows 10', '1', '登录成功', '2020-05-18 18:14:58');
INSERT INTO `sys_login_log` VALUES (7388, '2081f5f330934450a9cd97eec984c288', '192.168.1.109', 'xx', 'Chrome 8', 'Windows 10', '1', '登录成功', '2020-05-18 18:15:11');
INSERT INTO `sys_login_log` VALUES (7389, '1', '192.168.1.109', 'xx', 'Chrome 8', 'Windows 10', '1', '登录成功', '2020-05-18 18:19:04');
INSERT INTO `sys_login_log` VALUES (7390, '3b6ed6920c6c46fe89833c442c6374df', '192.168.1.109', 'xx', 'Chrome 8', 'Windows 10', '1', '登录成功', '2020-05-18 18:20:43');
INSERT INTO `sys_login_log` VALUES (7391, '1', '192.168.1.109', 'xx', 'Chrome 8', 'Windows 10', '1', '登录成功', '2020-05-18 18:21:02');
INSERT INTO `sys_login_log` VALUES (7392, '1', '192.168.1.109', 'xx', 'Chrome 8', 'Windows 10', '1', '登录成功', '2020-05-18 18:25:15');
INSERT INTO `sys_login_log` VALUES (7393, '1', '192.168.41.11', 'xx', 'Chrome 8', 'Windows 10', '1', '登录成功', '2020-05-18 22:15:34');
INSERT INTO `sys_login_log` VALUES (7394, '1', '192.168.41.11', 'xx', 'Chrome 8', 'Windows 10', '1', '登录成功', '2020-05-18 23:52:08');
INSERT INTO `sys_login_log` VALUES (7395, '1', '192.168.41.11', 'xx', 'Chrome 8', 'Windows 10', '1', '登录成功', '2020-05-18 23:53:12');
INSERT INTO `sys_login_log` VALUES (7396, '1', '192.168.1.109', 'xx', 'Chrome 8', 'Windows 10', '1', '登录成功', '2020-05-19 08:28:18');
INSERT INTO `sys_login_log` VALUES (7397, '1', '192.168.1.109', 'xx', 'Chrome 8', 'Windows 10', '1', '登录成功', '2020-05-19 08:35:20');
INSERT INTO `sys_login_log` VALUES (7398, '1', '192.168.1.109', 'xx', 'Chrome 8', 'Windows 10', '1', '登录成功', '2020-05-19 08:42:13');
INSERT INTO `sys_login_log` VALUES (7399, '3b6ed6920c6c46fe89833c442c6374df', '192.168.1.109', 'xx', 'Chrome 8', 'Windows 10', '1', '登录成功', '2020-05-19 08:54:20');
INSERT INTO `sys_login_log` VALUES (7400, '3b6ed6920c6c46fe89833c442c6374df', '192.168.1.109', 'xx', 'Chrome 8', 'Windows 10', '1', '登录成功', '2020-05-19 09:01:37');
INSERT INTO `sys_login_log` VALUES (7401, '1', '192.168.1.109', 'xx', 'Chrome 8', 'Windows 10', '1', '登录成功', '2020-05-19 09:02:42');
INSERT INTO `sys_login_log` VALUES (7402, '3b6ed6920c6c46fe89833c442c6374df', '192.168.1.109', 'xx', 'Chrome 8', 'Windows 10', '1', '登录成功', '2020-05-19 09:05:44');
INSERT INTO `sys_login_log` VALUES (7403, '1', '192.168.1.109', 'xx', 'Chrome 8', 'Windows 10', '1', '登录成功', '2020-05-19 09:13:05');
INSERT INTO `sys_login_log` VALUES (7404, '1', '192.168.1.109', 'xx', 'Chrome 8', 'Windows 10', '1', '登录成功', '2020-05-19 09:45:18');
INSERT INTO `sys_login_log` VALUES (7405, '1', '192.168.1.109', 'xx', 'Chrome 8', 'Windows 10', '1', '登录成功', '2020-05-19 09:52:41');
INSERT INTO `sys_login_log` VALUES (7406, '1', '192.168.1.109', 'xx', 'Chrome 8', 'Windows 10', '1', '登录成功', '2020-05-19 09:59:53');
INSERT INTO `sys_login_log` VALUES (7407, '1', '192.168.1.109', 'xx', 'Chrome 8', 'Windows 10', '1', '登录成功', '2020-05-19 10:03:43');
INSERT INTO `sys_login_log` VALUES (7408, '1', '192.168.1.109', 'xx', 'Chrome 8', 'Windows 10', '1', '登录成功', '2020-05-19 10:26:23');
INSERT INTO `sys_login_log` VALUES (7409, '1', '192.168.1.109', 'xx', 'Chrome 8', 'Windows 10', '1', '登录成功', '2020-05-19 10:46:12');
INSERT INTO `sys_login_log` VALUES (7410, '1', '192.168.1.109', 'xx', 'Chrome 8', 'Windows 10', '1', '登录成功', '2020-05-19 10:49:02');
INSERT INTO `sys_login_log` VALUES (7411, '1', '192.168.1.109', 'xx', 'Chrome 8', 'Windows 10', '1', '登录成功', '2020-05-19 11:40:21');
INSERT INTO `sys_login_log` VALUES (7412, '1', '172.16.41.226', 'xx', 'Chrome 8', 'Windows 10', '1', '登录成功', '2020-05-19 04:18:29');
INSERT INTO `sys_login_log` VALUES (7413, '1', '172.16.41.226', 'xx', 'Chrome 8', 'Windows 10', '1', '登录成功', '2020-05-19 13:58:46');
INSERT INTO `sys_login_log` VALUES (7414, '1', '172.16.41.226', 'xx', 'Chrome 8', 'Windows 10', '1', '登录成功', '2020-05-19 13:58:47');
INSERT INTO `sys_login_log` VALUES (7415, '1', '172.16.41.226', 'xx', 'Chrome 8', 'Windows 10', '1', '登录成功', '2020-05-19 13:59:05');
INSERT INTO `sys_login_log` VALUES (7416, '1', '172.16.41.226', 'xx', 'Chrome 8', 'Windows 10', '1', '登录成功', '2020-05-19 13:59:42');
INSERT INTO `sys_login_log` VALUES (7417, '1', '172.16.41.226', 'xx', 'Chrome 8', 'Windows 10', '1', '登录成功', '2020-05-19 13:59:44');
INSERT INTO `sys_login_log` VALUES (7418, '1', '172.16.41.226', 'xx', 'Chrome 8', 'Windows 10', '1', '登录成功', '2020-05-19 14:00:02');
INSERT INTO `sys_login_log` VALUES (7419, '1', '172.16.41.226', 'xx', 'Chrome 8', 'Windows 10', '1', '登录成功', '2020-05-19 14:00:55');
INSERT INTO `sys_login_log` VALUES (7420, '1', '192.168.1.109', 'xx', 'Chrome 8', 'Windows 10', '1', '登录成功', '2020-05-19 14:10:10');
INSERT INTO `sys_login_log` VALUES (7421, '1', '172.16.41.226', 'xx', 'Chrome 8', 'Windows 10', '1', '登录成功', '2020-05-19 14:18:06');
INSERT INTO `sys_login_log` VALUES (7422, '1', '172.16.41.226', 'xx', 'Chrome 8', 'Windows 10', '1', '登录成功', '2020-05-19 14:22:23');
INSERT INTO `sys_login_log` VALUES (7423, '1', '172.16.41.226', 'xx', 'Chrome 8', 'Windows 10', '1', '登录成功', '2020-05-19 14:28:55');
INSERT INTO `sys_login_log` VALUES (7424, '1', '172.16.41.226', 'xx', 'Chrome 8', 'Windows 10', '1', '登录成功', '2020-05-19 14:34:10');
INSERT INTO `sys_login_log` VALUES (7425, '39c519bb28b24f208e25d344d5bdf41b', '172.16.41.226', 'xx', 'Chrome 53', 'Windows 10', '1', '登录成功', '2020-05-19 14:53:37');
INSERT INTO `sys_login_log` VALUES (7426, '39c519bb28b24f208e25d344d5bdf41b', '172.16.41.226', 'xx', 'Chrome 53', 'Windows 10', '1', '登录成功', '2020-05-19 14:59:05');
INSERT INTO `sys_login_log` VALUES (7427, '1', '172.18.64.202', 'xx', 'Chrome Mobile', 'Android 1.x', '1', '登录成功', '2020-05-19 07:49:44');
INSERT INTO `sys_login_log` VALUES (7428, '39c519bb28b24f208e25d344d5bdf41b', '172.16.41.226', 'xx', 'Chrome 53', 'Windows 10', '1', '登录成功', '2020-05-19 16:12:14');
INSERT INTO `sys_login_log` VALUES (7429, '39c519bb28b24f208e25d344d5bdf41b', '172.16.41.226', 'xx', 'Chrome 53', 'Windows 10', '1', '登录成功', '2020-05-19 16:13:25');
INSERT INTO `sys_login_log` VALUES (7430, '39c519bb28b24f208e25d344d5bdf41b', '172.16.41.226', 'xx', 'Chrome 53', 'Windows 10', '1', '登录成功', '2020-05-19 16:28:11');
INSERT INTO `sys_login_log` VALUES (7431, '39c519bb28b24f208e25d344d5bdf41b', '172.16.41.226', 'xx', 'Chrome 53', 'Windows 10', '1', '登录成功', '2020-05-19 17:38:35');
INSERT INTO `sys_login_log` VALUES (7432, '1', '172.16.41.226', 'xx', 'Chrome 8', 'Windows 10', '1', '登录成功', '2020-05-19 20:12:47');
INSERT INTO `sys_login_log` VALUES (7433, '1', '172.18.64.202', 'xx', 'Chrome 8', 'Windows 10', '1', '登录成功', '2020-05-19 14:19:48');
INSERT INTO `sys_login_log` VALUES (7434, '1', '172.16.41.226', 'xx', 'Chrome 8', 'Windows 10', '1', '登录成功', '2020-05-19 22:25:14');
INSERT INTO `sys_login_log` VALUES (7435, '1', '172.18.64.202', 'xx', 'Chrome 8', 'Windows 7', '1', '登录成功', '2020-05-20 00:04:57');
INSERT INTO `sys_login_log` VALUES (7436, '1', '172.16.41.226', 'xx', 'Chrome 8', 'Windows 10', '1', '登录成功', '2020-05-20 08:31:37');
INSERT INTO `sys_login_log` VALUES (7437, '1', '192.168.1.109', 'xx', 'Chrome 8', 'Windows 10', '1', '登录成功', '2020-05-20 08:33:00');
INSERT INTO `sys_login_log` VALUES (7438, '', '172.16.41.226', 'xx', 'Chrome 53', 'Windows 10', '0', '登录失败', '2020-05-20 09:37:25');
INSERT INTO `sys_login_log` VALUES (7439, '39c519bb28b24f208e25d344d5bdf41b', '172.16.41.226', 'xx', 'Chrome 53', 'Windows 10', '1', '登录成功', '2020-05-20 09:37:30');
INSERT INTO `sys_login_log` VALUES (7440, '39c519bb28b24f208e25d344d5bdf41b', '172.16.41.226', 'xx', 'Chrome 53', 'Windows 10', '1', '登录成功', '2020-05-20 09:38:55');
INSERT INTO `sys_login_log` VALUES (7441, '1', '192.168.1.109', 'xx', 'Chrome 8', 'Windows 10', '1', '登录成功', '2020-05-20 10:27:07');
INSERT INTO `sys_login_log` VALUES (7442, '', '192.168.1.109', 'xx', 'Chrome 8', 'Windows 10', '0', '登录失败', '2020-05-20 14:04:34');
INSERT INTO `sys_login_log` VALUES (7443, '', '192.168.1.109', 'xx', 'Chrome 8', 'Windows 10', '0', '登录失败', '2020-05-20 14:05:34');
INSERT INTO `sys_login_log` VALUES (7444, '1', '192.168.1.109', 'xx', 'Chrome 8', 'Windows 10', '1', '登录成功', '2020-05-20 14:05:41');
INSERT INTO `sys_login_log` VALUES (7445, '39c519bb28b24f208e25d344d5bdf41b', '172.16.41.226', 'xx', 'Chrome 53', 'Windows 10', '1', '登录成功', '2020-05-20 15:05:38');
INSERT INTO `sys_login_log` VALUES (7446, '1', '192.168.1.109', 'xx', 'Chrome 8', 'Windows 10', '1', '登录成功', '2020-05-20 18:37:00');
INSERT INTO `sys_login_log` VALUES (7447, '1', '192.168.1.109', 'xx', 'Chrome 8', 'Windows 10', '1', '登录成功', '2020-05-20 18:39:39');
INSERT INTO `sys_login_log` VALUES (7448, '1', '192.168.1.109', 'xx', 'Chrome 8', 'Windows 10', '1', '登录成功', '2020-05-20 18:43:55');
INSERT INTO `sys_login_log` VALUES (7449, '1', '192.168.41.11', 'xx', 'Chrome 8', 'Windows 10', '1', '登录成功', '2020-05-20 20:37:32');
INSERT INTO `sys_login_log` VALUES (7450, '1', '192.168.1.109', 'xx', 'Chrome 8', 'Windows 10', '1', '登录成功', '2020-05-21 08:19:01');
INSERT INTO `sys_login_log` VALUES (7451, '1', '192.168.1.109', 'xx', 'Chrome 8', 'Windows 10', '1', '登录成功', '2020-05-21 08:42:13');
INSERT INTO `sys_login_log` VALUES (7452, '1', '192.168.1.109', 'xx', 'Chrome 8', 'Windows 10', '1', '登录成功', '2020-05-21 09:26:29');
INSERT INTO `sys_login_log` VALUES (7453, '1', '192.168.1.109', 'xx', 'Chrome 8', 'Windows 10', '1', '登录成功', '2020-05-21 09:54:58');
INSERT INTO `sys_login_log` VALUES (7454, '1', '192.168.1.109', 'xx', 'Chrome 8', 'Windows 10', '1', '登录成功', '2020-05-21 09:55:56');
INSERT INTO `sys_login_log` VALUES (7455, '1', '192.168.1.109', 'xx', 'Chrome 8', 'Windows 10', '1', '登录成功', '2020-05-21 09:58:34');

-- ----------------------------
-- Table structure for sys_menu
-- ----------------------------
DROP TABLE IF EXISTS `sys_menu`;
CREATE TABLE `sys_menu`  (
  `id` varchar(36) CHARACTER SET utf8 COLLATE utf8_general_ci NOT NULL COMMENT '主键',
  `menu_code` varchar(50) CHARACTER SET utf8 COLLATE utf8_general_ci NOT NULL COMMENT '编码',
  `menu_name` varchar(50) CHARACTER SET utf8 COLLATE utf8_general_ci NOT NULL COMMENT '名称',
  `icon` varchar(50) CHARACTER SET utf8 COLLATE utf8_general_ci NULL DEFAULT NULL COMMENT '图标',
  `parent_id` varchar(36) CHARACTER SET utf8 COLLATE utf8_general_ci NULL DEFAULT NULL COMMENT '父级主键',
  `url` varchar(100) CHARACTER SET utf8 COLLATE utf8_general_ci NOT NULL COMMENT '路径',
  `status` varchar(2) CHARACTER SET utf8 COLLATE utf8_general_ci NOT NULL COMMENT '状态(是否启用 0禁用 1启用)',
  `create_user` varchar(36) CHARACTER SET utf8 COLLATE utf8_general_ci NOT NULL COMMENT '创建人',
  `create_time` datetime(0) NOT NULL COMMENT '创建时间',
  `update_user` varchar(36) CHARACTER SET utf8 COLLATE utf8_general_ci NULL DEFAULT NULL COMMENT '修改人',
  `update_time` datetime(0) NULL DEFAULT NULL COMMENT '修改时间',
  `description` varchar(255) CHARACTER SET utf8 COLLATE utf8_general_ci NULL DEFAULT NULL COMMENT '备注',
  `sys_type` varchar(255) CHARACTER SET utf8 COLLATE utf8_general_ci NULL DEFAULT NULL COMMENT '全选表用到的占位字段',
  `is_children` int(255) NULL DEFAULT NULL COMMENT '是否含有下级',
  PRIMARY KEY (`id`) USING BTREE
) ENGINE = InnoDB CHARACTER SET = utf8 COLLATE = utf8_general_ci ROW_FORMAT = Dynamic;

-- ----------------------------
-- Records of sys_menu
-- ----------------------------
INSERT INTO `sys_menu` VALUES ('0261b78b4b1f453ea558097f3bd42d5a', '002001', '个人信息', 'icon-e933', '1d17f7e014df43ecb16d55286c84d5b2', '/views/user/userinfo', '1', '2', '2020-04-30 05:28:34', '', NULL, '', NULL, 0);
INSERT INTO `sys_menu` VALUES ('069ab7cacef24e57813b315c199e66c8', '001', '系统配置', 'icon-e931', '', '001', '1', '2', '2020-02-29 15:41:48', '2', '2020-02-29 15:44:28', '', NULL, 1);
INSERT INTO `sys_menu` VALUES ('1099ed205b1545a890d44f46800abc5f', '001005', '资源管理', 'icon-e970', '069ab7cacef24e57813b315c199e66c8', '001005', '1', '2', '2020-05-01 04:55:17', '2', '2020-05-01 04:55:28', '', NULL, 1);
INSERT INTO `sys_menu` VALUES ('1899fb468d064f1192321ddb0e69c7e0', '004002', '新闻管理', 'icon-e93e', '55db5a09a0bd407cae675400f26ad194', '/views/dhlg/mbNews/mbNews', '1', '2', '2020-04-16 16:50:56', '', NULL, '', NULL, 0);
INSERT INTO `sys_menu` VALUES ('1a033ce4a84242cc8e90003a3c2fb34e', '001005001', '图片管理', 'icon-e985', '1099ed205b1545a890d44f46800abc5f', '/views/system/sysResource/sysPhoto', '1', '2', '2020-05-01 05:49:47', '', NULL, '', NULL, 0);
INSERT INTO `sys_menu` VALUES ('1d17f7e014df43ecb16d55286c84d5b2', '002', '个人中心', 'icon-e933', '', '002', '1', '2', '2020-04-30 05:20:38', '2', '2020-04-30 05:27:57', '', NULL, 1);
INSERT INTO `sys_menu` VALUES ('3f913fd812364619a8efe9b727696a98', '001003001', '字典管理', 'icon-e951', '448be58a26b7400dbe7fe7757f352248', '/views/system/sysParameter/sysDic/sysDicList', '1', '2', '2020-02-29 15:48:52', '2', '2020-02-29 16:10:40', '', NULL, 0);
INSERT INTO `sys_menu` VALUES ('40563e22c2a7498b976d65d375d30b19', '010005', '订单管理', 'icon-node', '47649eae97964f2f8ed79508737e9a63', '/views/app/appOrder/appOrderList', '1', '2', '2020-05-19 10:48:23', '', NULL, '', NULL, 0);
INSERT INTO `sys_menu` VALUES ('41caac539cb1476099f1739f0f91103d', '010003', '商品分类', 'icon-e942', '47649eae97964f2f8ed79508737e9a63', '/views/app/appProductcategory/appProductcategoryList', '1', '2', '2020-05-11 07:00:46', '', NULL, '', NULL, 0);
INSERT INTO `sys_menu` VALUES ('448be58a26b7400dbe7fe7757f352248', '001003', '全局参数', 'icon-e940', '069ab7cacef24e57813b315c199e66c8', '001003', '1', '2', '2020-02-29 15:45:49', '2', '2020-05-06 07:29:12', '', NULL, 0);
INSERT INTO `sys_menu` VALUES ('45e2aa89304f43b297f71df411f5229b', '001004', '基本信息', 'icon-e93b', '069ab7cacef24e57813b315c199e66c8', '001004', '1', '2', '2020-02-29 15:46:55', '2', '2020-02-29 16:38:13', '', NULL, 1);
INSERT INTO `sys_menu` VALUES ('47495258ff984d0c9fb47a31362239e5', '008', '用户管理', 'icon-e933', '', '008', '1', '2', '2020-05-09 07:07:09', '2', '2020-05-09 07:07:35', '', NULL, 1);
INSERT INTO `sys_menu` VALUES ('47649eae97964f2f8ed79508737e9a63', '010', '商城管理', 'icon-e97a', '', '010', '1', '2', '2020-05-11 02:12:44', '2', '2020-05-11 02:12:55', '', NULL, 1);
INSERT INTO `sys_menu` VALUES ('4ae353b876de40f8906e319879886c5a', '004', '乐享卡管理', 'icon-e93e', '671f81714f5d42d38e632e7d9e99638a', '/views/app/card/cardList', '1', '2', '2020-05-03 02:06:56', '2', '2020-05-20 00:06:20', '', NULL, 0);
INSERT INTO `sys_menu` VALUES ('5789506809e4433995af06cf2c4038a3', '010002', '积分商品', 'icon-e999', '47649eae97964f2f8ed79508737e9a63', '/views/app/appProduct/appProductjifenList', '1', '2', '2020-05-12 15:05:16', '', NULL, '', NULL, 0);
INSERT INTO `sys_menu` VALUES ('57a38baea6a9471b90bd5109ced9609a', '007002', '酒店预约', 'icon-process', 'c3b53bec0c654f37b037316cba989fa0', '/views/app/hotel/appHotelreservationList', '1', '2', '2020-05-14 04:16:21', '', NULL, '', NULL, 0);
INSERT INTO `sys_menu` VALUES ('581b5b36634e451ba96e124d7db0cd07', '003003', '配置管理', 'icon-e929', '671f81714f5d42d38e632e7d9e99638a', '/views/app/configuration/configurationList', '1', '2', '2020-05-06 02:13:14', '2', '2020-05-06 02:20:01', '', NULL, 0);
INSERT INTO `sys_menu` VALUES ('5b20036f69af43ecb578a034c0d4befd', '010001', '普通商品', 'icon-e93b', '47649eae97964f2f8ed79508737e9a63', '/views/app/appProduct/appProductList', '1', '2', '2020-05-11 02:15:56', '2', '2020-05-11 07:02:52', '', NULL, 0);
INSERT INTO `sys_menu` VALUES ('5c17a10f6dc542d897b87aa0e02ac1ee', '007001', '酒店管理', 'icon-e98a', 'c3b53bec0c654f37b037316cba989fa0', '/views/app/hotel/hotelList', '1', '2', '2020-04-30 05:51:38', '2', '2020-05-14 04:13:53', '', NULL, 0);
INSERT INTO `sys_menu` VALUES ('5cac326c731b4edba0b287daf46c4717', '010004', '商品评论', 'icon-e981', '47649eae97964f2f8ed79508737e9a63', '/views/app/appProductcomment/appProductcommentList', '1', '2', '2020-05-18 23:52:51', '', NULL, '', NULL, 0);
INSERT INTO `sys_menu` VALUES ('671f81714f5d42d38e632e7d9e99638a', '003', '小程序管理', 'icon-e956', '', '、、、', '1', '2', '2020-04-30 05:31:45', '2', '2020-04-30 05:36:24', '', NULL, 1);
INSERT INTO `sys_menu` VALUES ('695c95daac4047d98ab36a3d7ddf10ad', '004001', '用户管理', 'icon-e942', '55db5a09a0bd407cae675400f26ad194', '/views/dhlg/mbSysUser/mbSysUserList', '1', '2', '2020-03-22 14:33:15', '2', '2020-04-16 16:49:19', '', NULL, 0);
INSERT INTO `sys_menu` VALUES ('69cd6c88e8d64a7d90cbeef7ba5d1bd9', '012', '统计', 'icon-e995', '', '012', '1', '2', '2020-05-21 09:04:19', '', NULL, '', NULL, 0);
INSERT INTO `sys_menu` VALUES ('75fca2801cd0415cb9e865871d2f85fc', '001004001', '登入日志', 'icon-e93c', '45e2aa89304f43b297f71df411f5229b', '/views/system/syslog/sysLoginLog', '1', '2', '2020-02-29 15:51:43', '2', '2020-02-29 16:12:23', '', NULL, 0);
INSERT INTO `sys_menu` VALUES ('77297f765ccf4135b52d7d216a333d06', '003002', '菜单管理', 'icon-e961', '671f81714f5d42d38e632e7d9e99638a', '/views/app/menu/menuList', '1', '2', '2020-04-30 05:33:15', '2', '2020-05-02 02:21:31', '', NULL, 0);
INSERT INTO `sys_menu` VALUES ('7b3ede7ac32942e5935c4f0007ba5f34', '001002', '权限管理', 'icon-e93a', '069ab7cacef24e57813b315c199e66c8', '001002', '1', '2', '2020-02-29 15:44:15', '2', '2020-02-29 16:11:37', '', NULL, 1);
INSERT INTO `sys_menu` VALUES ('87d202fa43ef45a79bd2bd7c63c3c4ae', '008001', '用户管理', 'icon-e933', '47495258ff984d0c9fb47a31362239e5', '/views/app/appUser/appUserList', '1', '2', '2020-05-09 00:46:43', '2', '2020-05-09 07:07:19', '', NULL, 0);
INSERT INTO `sys_menu` VALUES ('95456a9c2e394441b97671dbe19137bb', '001003002', '按钮配置', 'icon-e94f', '448be58a26b7400dbe7fe7757f352248', '/views/system/sysParameter/sysBut/sysButList', '1', '2', '2020-02-29 15:49:33', '2', '2020-02-29 16:11:10', '', NULL, 0);
INSERT INTO `sys_menu` VALUES ('a8495e5d22184d15be302ecbff0a3974', '006', '合作申请', 'icon-e98d', '', '/views/app/cooperation/cooperationList', '1', '2', '2020-04-30 05:51:11', '2', '2020-05-21 08:44:01', '', NULL, 0);
INSERT INTO `sys_menu` VALUES ('b079c66e69144849bde6dae372354e75', '009', '门店管理', 'icon-e943', '', '/views/app/appStore/appStoreList', '1', '2', '2020-05-11 00:29:23', '2', '2020-05-11 00:32:22', '', NULL, 0);
INSERT INTO `sys_menu` VALUES ('b351ba04368146cc96821e7d9331646a', '001005002', '文件管理', 'icon-e97c', '1099ed205b1545a890d44f46800abc5f', '/views/system/sysResource/sysFile', '1', '2', '2020-05-01 05:50:54', '', NULL, '', NULL, 0);
INSERT INTO `sys_menu` VALUES ('b495e4dd17ae4b1b82612108d5c17cf8', '008002', '用户积分明细', 'icon-e958', '47495258ff984d0c9fb47a31362239e5', '/views/app/appUserintegral/appUserintegralList', '1', '2', '2020-05-09 07:13:26', '', NULL, '', NULL, 0);
INSERT INTO `sys_menu` VALUES ('b566a69c374c46ba89f30b5b9d09bbbf', '005', '星生活管理', 'icon-e93b', '671f81714f5d42d38e632e7d9e99638a', '005', '1', '2', '2020-04-30 05:50:18', '2', '2020-05-18 18:24:36', '', NULL, 0);
INSERT INTO `sys_menu` VALUES ('b786808875f548a7b12245d768403819', '005001', '文章管理', 'icon-test', 'b566a69c374c46ba89f30b5b9d09bbbf', '/views/app/article/articleList', '1', '2', '2020-05-02 03:06:12', '', NULL, '', NULL, 0);
INSERT INTO `sys_menu` VALUES ('c3b53bec0c654f37b037316cba989fa0', '007', '酒店管理', 'icon-table', '', '007', '1', '2', '2020-05-14 04:13:44', '2', '2020-05-14 04:14:05', '', NULL, 1);
INSERT INTO `sys_menu` VALUES ('cfc4bef998634963be6d2d7bc3899402', '011', '消息通知', 'icon-message', '', '011', '1', '2', '2020-05-21 08:45:31', '2', '2020-05-21 08:45:40', '', NULL, 1);
INSERT INTO `sys_menu` VALUES ('e4b0afc1df694c12b54f3d8e58c394ca', '001001', '菜单配置', 'icon-e942', '069ab7cacef24e57813b315c199e66c8', '/views/system/sysMenu/sysMenuList', '1', '2', '2020-02-29 15:43:31', '2', '2020-02-29 16:12:56', '', NULL, 0);
INSERT INTO `sys_menu` VALUES ('eee385792dc44c7191641f4cc70e007c', '001002001', '角色管理', 'icon-e938', '7b3ede7ac32942e5935c4f0007ba5f34', '/views/system/sysPrivilege/sysRole/sysroleList', '1', '2', '2020-02-29 15:47:41', '2', '2020-02-29 16:38:50', '', NULL, 0);
INSERT INTO `sys_menu` VALUES ('fd8a867a59924bbcae445046d7e1a5c2', '001002002', '账号管理', 'icon-e93e', '7b3ede7ac32942e5935c4f0007ba5f34', '/views/system/sysPrivilege/sysUser/sysUserList', '1', '2', '2020-02-29 15:48:16', '2', '2020-02-29 16:12:06', '', NULL, 0);
INSERT INTO `sys_menu` VALUES ('fde88d26fa9d482d9169fe447fe0a0d8', '003001', '轮播图管理', 'icon-e957', '671f81714f5d42d38e632e7d9e99638a', '/views/app/carousel/carouselList', '1', '2', '2020-04-30 05:32:33', '2', '2020-04-30 07:19:38', '', NULL, 0);

-- ----------------------------
-- Table structure for sys_role
-- ----------------------------
DROP TABLE IF EXISTS `sys_role`;
CREATE TABLE `sys_role`  (
  `id` varchar(36) CHARACTER SET utf8 COLLATE utf8_general_ci NOT NULL COMMENT '角色id',
  `name` varchar(255) CHARACTER SET utf8 COLLATE utf8_general_ci NULL DEFAULT NULL COMMENT '瑙掕壊鍚嶇О',
  `dr` varchar(2) CHARACTER SET utf8 COLLATE utf8_general_ci NULL DEFAULT '1',
  `status` varchar(2) CHARACTER SET utf8 COLLATE utf8_general_ci NOT NULL COMMENT '角色状态',
  `remark` varchar(255) CHARACTER SET utf8 COLLATE utf8_general_ci NULL DEFAULT NULL COMMENT '瑙掕壊鎻忚堪',
  `create_user` varchar(36) CHARACTER SET utf8 COLLATE utf8_general_ci NULL DEFAULT NULL COMMENT '创建用户',
  `create_time` datetime(0) NULL DEFAULT NULL COMMENT '创建时间',
  `update_user` varchar(36) CHARACTER SET utf8 COLLATE utf8_general_ci NULL DEFAULT NULL COMMENT '更新用户',
  `update_time` datetime(0) NULL DEFAULT NULL COMMENT '更新时间',
  PRIMARY KEY (`id`) USING BTREE
) ENGINE = InnoDB CHARACTER SET = utf8 COLLATE = utf8_general_ci ROW_FORMAT = Dynamic;

-- ----------------------------
-- Records of sys_role
-- ----------------------------
INSERT INTO `sys_role` VALUES ('0f5462af2dad446182d0a2bc37e6a999', 'app管理员', '1', '1', 'app管理员', 'admin', '2020-02-29 16:44:54', NULL, NULL);
INSERT INTO `sys_role` VALUES ('45d2215ae72d4edda973810617751b73', '门店管理员', '1', '1', '门店管理员', 'admin', '2020-05-18 18:10:06', 'admin', '2020-05-18 18:14:26');
INSERT INTO `sys_role` VALUES ('fe9502fa296b4a6fa86812348537d496', '超级管理员', '1', '1', '超级管理员', 'admin', '2020-02-29 16:44:20', NULL, NULL);

-- ----------------------------
-- Table structure for sys_role_permission
-- ----------------------------
DROP TABLE IF EXISTS `sys_role_permission`;
CREATE TABLE `sys_role_permission`  (
  `id` varchar(36) CHARACTER SET utf8 COLLATE utf8_general_ci NOT NULL COMMENT '角色权限表id',
  `role_id` varchar(36) CHARACTER SET utf8 COLLATE utf8_general_ci NULL DEFAULT NULL COMMENT '角色id',
  `menu_id` varchar(36) CHARACTER SET utf8 COLLATE utf8_general_ci NULL DEFAULT NULL COMMENT '菜单id',
  `button_id` varchar(36) CHARACTER SET utf8 COLLATE utf8_general_ci NULL DEFAULT NULL COMMENT '按钮id',
  `parent_id` varchar(36) CHARACTER SET utf8 COLLATE utf8_general_ci NULL DEFAULT NULL COMMENT '父节点id',
  PRIMARY KEY (`id`) USING BTREE
) ENGINE = InnoDB CHARACTER SET = utf8 COLLATE = utf8_general_ci ROW_FORMAT = Dynamic;

-- ----------------------------
-- Records of sys_role_permission
-- ----------------------------
INSERT INTO `sys_role_permission` VALUES ('00a38ee67c064df7bc262bf140afba97', 'fe9502fa296b4a6fa86812348537d496', '95456a9c2e394441b97671dbe19137bb', 'b24fa16517354646ac49bd535b081f80', NULL);
INSERT INTO `sys_role_permission` VALUES ('01895cb73b29458da4090641bd2bdefe', '45d2215ae72d4edda973810617751b73', '47649eae97964f2f8ed79508737e9a63', NULL, '');
INSERT INTO `sys_role_permission` VALUES ('071e82e566994ff0ab44d2957903340c', 'fe9502fa296b4a6fa86812348537d496', '3f913fd812364619a8efe9b727696a98', NULL, '448be58a26b7400dbe7fe7757f352248');
INSERT INTO `sys_role_permission` VALUES ('07bfeef5b5f349f0a08610adc61e01ba', 'fe9502fa296b4a6fa86812348537d496', '3f913fd812364619a8efe9b727696a98', '0f9366c3ac244b7eab15aeaa6a03c943', NULL);
INSERT INTO `sys_role_permission` VALUES ('08f339f8a63c45358e9cbad48b61f310', '0f5462af2dad446182d0a2bc37e6a999', '47495258ff984d0c9fb47a31362239e5', NULL, '');
INSERT INTO `sys_role_permission` VALUES ('09a699da5085466693679ee8dbeb40bf', '0f5462af2dad446182d0a2bc37e6a999', '1099ed205b1545a890d44f46800abc5f', NULL, '069ab7cacef24e57813b315c199e66c8');
INSERT INTO `sys_role_permission` VALUES ('0ca82902b0b845178138bf851453d239', 'fe9502fa296b4a6fa86812348537d496', 'fd8a867a59924bbcae445046d7e1a5c2', '2d062a47fd8a4e1a98b552ef60c37643', NULL);
INSERT INTO `sys_role_permission` VALUES ('10df333a36cb4019aac2e65f601a5684', 'fe9502fa296b4a6fa86812348537d496', 'eee385792dc44c7191641f4cc70e007c', 'eac4c809840e46d6ada8ed12773d831b', NULL);
INSERT INTO `sys_role_permission` VALUES ('13b69859ef37467f8778e535b0919a98', 'fe9502fa296b4a6fa86812348537d496', 'eee385792dc44c7191641f4cc70e007c', 'f1eb624af2cf42448671288969f9f6a5', NULL);
INSERT INTO `sys_role_permission` VALUES ('181d5259c76c4e66b9c031ebfafbb9f9', 'fe9502fa296b4a6fa86812348537d496', '48301af1d1964ade807d40e95f3bf369', NULL, '');
INSERT INTO `sys_role_permission` VALUES ('19ec21d1b83747b7b8bfaa8b664a308b', 'fe9502fa296b4a6fa86812348537d496', '45e2aa89304f43b297f71df411f5229b', NULL, '069ab7cacef24e57813b315c199e66c8');
INSERT INTO `sys_role_permission` VALUES ('1c559b064ac9410e91a9ac51c643c7a5', '0f5462af2dad446182d0a2bc37e6a999', '5b20036f69af43ecb578a034c0d4befd', NULL, '47649eae97964f2f8ed79508737e9a63');
INSERT INTO `sys_role_permission` VALUES ('2344f22fe5744290b7c2022a4dde9b8c', 'fe9502fa296b4a6fa86812348537d496', '95456a9c2e394441b97671dbe19137bb', NULL, '448be58a26b7400dbe7fe7757f352248');
INSERT INTO `sys_role_permission` VALUES ('33e705dfea654736b9888a5661baa922', 'fe9502fa296b4a6fa86812348537d496', 'e4b0afc1df694c12b54f3d8e58c394ca', '3700186ba1a5417490322f4d337a7ea4', NULL);
INSERT INTO `sys_role_permission` VALUES ('3a015ab98f33475682a813a00294bd34', '45d2215ae72d4edda973810617751b73', '5b20036f69af43ecb578a034c0d4befd', NULL, '47649eae97964f2f8ed79508737e9a63');
INSERT INTO `sys_role_permission` VALUES ('3f342f5959494b1f913b75c6f254971c', 'fe9502fa296b4a6fa86812348537d496', '3f913fd812364619a8efe9b727696a98', '13f2ea34b9d5447e9d04943395aad098', NULL);
INSERT INTO `sys_role_permission` VALUES ('42d44b9553154d08a8c47fc6b15d0a92', '45d2215ae72d4edda973810617751b73', '1a033ce4a84242cc8e90003a3c2fb34e', NULL, '1099ed205b1545a890d44f46800abc5f');
INSERT INTO `sys_role_permission` VALUES ('4814e92f94f44238918198850bf06d66', 'fe9502fa296b4a6fa86812348537d496', 'f590eab1dd624836b07332f072db2390', NULL, '48301af1d1964ade807d40e95f3bf369');
INSERT INTO `sys_role_permission` VALUES ('4881eaa161cc454cad6adb2a65a3fc4d', '0f5462af2dad446182d0a2bc37e6a999', '4ae353b876de40f8906e319879886c5a', NULL, '');
INSERT INTO `sys_role_permission` VALUES ('4a65eed5e15441cdba35befc447ac498', '0f5462af2dad446182d0a2bc37e6a999', 'b786808875f548a7b12245d768403819', NULL, 'b566a69c374c46ba89f30b5b9d09bbbf');
INSERT INTO `sys_role_permission` VALUES ('4ea431a478fb4349b74ee98ce85d5813', '0f5462af2dad446182d0a2bc37e6a999', '45e2aa89304f43b297f71df411f5229b', NULL, '069ab7cacef24e57813b315c199e66c8');
INSERT INTO `sys_role_permission` VALUES ('50010a1af8134a23b42a666e451dccff', 'fe9502fa296b4a6fa86812348537d496', '75fca2801cd0415cb9e865871d2f85fc', NULL, '45e2aa89304f43b297f71df411f5229b');
INSERT INTO `sys_role_permission` VALUES ('50113ed8245d433ebcbeef60f01240ab', '0f5462af2dad446182d0a2bc37e6a999', '0261b78b4b1f453ea558097f3bd42d5a', NULL, '1d17f7e014df43ecb16d55286c84d5b2');
INSERT INTO `sys_role_permission` VALUES ('5292ff77f3e545528502cab788e8841d', '0f5462af2dad446182d0a2bc37e6a999', 'fde88d26fa9d482d9169fe447fe0a0d8', NULL, '671f81714f5d42d38e632e7d9e99638a');
INSERT INTO `sys_role_permission` VALUES ('690d003107fe432ba738d8d31cddaede', '0f5462af2dad446182d0a2bc37e6a999', '1a033ce4a84242cc8e90003a3c2fb34e', NULL, '1099ed205b1545a890d44f46800abc5f');
INSERT INTO `sys_role_permission` VALUES ('6adb757c95e94dcfbae13ab73b94fdb8', '45d2215ae72d4edda973810617751b73', '5789506809e4433995af06cf2c4038a3', NULL, '47649eae97964f2f8ed79508737e9a63');
INSERT INTO `sys_role_permission` VALUES ('6ce80eead10c4209bcd8c4a41daa4d7a', 'fe9502fa296b4a6fa86812348537d496', '069ab7cacef24e57813b315c199e66c8', NULL, '');
INSERT INTO `sys_role_permission` VALUES ('7381fae81273448db3aba7b598ae4707', '0f5462af2dad446182d0a2bc37e6a999', '87d202fa43ef45a79bd2bd7c63c3c4ae', NULL, '47495258ff984d0c9fb47a31362239e5');
INSERT INTO `sys_role_permission` VALUES ('770ca9275e0f4c85bd5911bbae54feb6', 'fe9502fa296b4a6fa86812348537d496', 'eee385792dc44c7191641f4cc70e007c', 'eadcec66d32c4eb0998eab7b2bb9abfd', NULL);
INSERT INTO `sys_role_permission` VALUES ('778afed2ab894ec4ab44184bb2132c23', '0f5462af2dad446182d0a2bc37e6a999', 'c3b53bec0c654f37b037316cba989fa0', NULL, '');
INSERT INTO `sys_role_permission` VALUES ('7a4da9e7d52f471ea5bc5c7125df4ef3', '0f5462af2dad446182d0a2bc37e6a999', 'b566a69c374c46ba89f30b5b9d09bbbf', NULL, '');
INSERT INTO `sys_role_permission` VALUES ('7be9099e49a64352bb20d9a77a0f6bee', '45d2215ae72d4edda973810617751b73', '1099ed205b1545a890d44f46800abc5f', NULL, '069ab7cacef24e57813b315c199e66c8');
INSERT INTO `sys_role_permission` VALUES ('7c94d24b284c43af888c7b335ec6bf36', '0f5462af2dad446182d0a2bc37e6a999', '57a38baea6a9471b90bd5109ced9609a', NULL, 'c3b53bec0c654f37b037316cba989fa0');
INSERT INTO `sys_role_permission` VALUES ('8170536a96474e9dbbb88ac754ced8a1', 'fe9502fa296b4a6fa86812348537d496', '3f913fd812364619a8efe9b727696a98', '1b38f27b09d6436cbd7ce578f28f7a8e', NULL);
INSERT INTO `sys_role_permission` VALUES ('81b84c432847443cbc1b39b9c7964137', '45d2215ae72d4edda973810617751b73', 'b351ba04368146cc96821e7d9331646a', NULL, '1099ed205b1545a890d44f46800abc5f');
INSERT INTO `sys_role_permission` VALUES ('8212d45789b64b52a95fa036a07b1402', '0f5462af2dad446182d0a2bc37e6a999', 'b351ba04368146cc96821e7d9331646a', NULL, '1099ed205b1545a890d44f46800abc5f');
INSERT INTO `sys_role_permission` VALUES ('83632492c31d495a808da345f60c1921', '0f5462af2dad446182d0a2bc37e6a999', '5789506809e4433995af06cf2c4038a3', NULL, '47649eae97964f2f8ed79508737e9a63');
INSERT INTO `sys_role_permission` VALUES ('852cedcdb191456ca7935ff5058fac05', 'fe9502fa296b4a6fa86812348537d496', '448be58a26b7400dbe7fe7757f352248', NULL, '069ab7cacef24e57813b315c199e66c8');
INSERT INTO `sys_role_permission` VALUES ('880dc12c06114efaacdd1a9672eb0953', 'fe9502fa296b4a6fa86812348537d496', 'e4b0afc1df694c12b54f3d8e58c394ca', '366a577f08674f8bbe4c3f7164e908a7', NULL);
INSERT INTO `sys_role_permission` VALUES ('8a4b745fa00d463ea2b3307ea340c45c', '45d2215ae72d4edda973810617751b73', '069ab7cacef24e57813b315c199e66c8', NULL, '');
INSERT INTO `sys_role_permission` VALUES ('8cdbc098e7444c1798bb256c350cc1bc', '0f5462af2dad446182d0a2bc37e6a999', 'b079c66e69144849bde6dae372354e75', NULL, '');
INSERT INTO `sys_role_permission` VALUES ('8eff42ab3e5c4d368f3a6e16dec34ef4', '0f5462af2dad446182d0a2bc37e6a999', '47649eae97964f2f8ed79508737e9a63', NULL, '');
INSERT INTO `sys_role_permission` VALUES ('93897c2abb48418fa9f057e549878758', 'fe9502fa296b4a6fa86812348537d496', 'e4b0afc1df694c12b54f3d8e58c394ca', '5a193e98280e46e1b6a86c68aeb653eb', NULL);
INSERT INTO `sys_role_permission` VALUES ('9f4ffc4abd71495892a937ef53f89e72', '0f5462af2dad446182d0a2bc37e6a999', '5c17a10f6dc542d897b87aa0e02ac1ee', NULL, 'c3b53bec0c654f37b037316cba989fa0');
INSERT INTO `sys_role_permission` VALUES ('a4041e64b8a64c3d9157754e0ae622b6', '45d2215ae72d4edda973810617751b73', 'b079c66e69144849bde6dae372354e75', NULL, '');
INSERT INTO `sys_role_permission` VALUES ('a7b72af7cb4b43cc9d9a0a3048b59dc2', '0f5462af2dad446182d0a2bc37e6a999', 'a8495e5d22184d15be302ecbff0a3974', NULL, '');
INSERT INTO `sys_role_permission` VALUES ('abc201dd2c374ef4965b4138ee1bcf93', '0f5462af2dad446182d0a2bc37e6a999', '1d17f7e014df43ecb16d55286c84d5b2', NULL, '');
INSERT INTO `sys_role_permission` VALUES ('ac47a023a23046f986e7392caf8231df', '0f5462af2dad446182d0a2bc37e6a999', '671f81714f5d42d38e632e7d9e99638a', NULL, '');
INSERT INTO `sys_role_permission` VALUES ('b133819b15994dfea6cf802ed8dd0fb1', 'fe9502fa296b4a6fa86812348537d496', '3f913fd812364619a8efe9b727696a98', 'd2e2d7bb8373428bab6b03d7aca33f7d', NULL);
INSERT INTO `sys_role_permission` VALUES ('b3cd8d0d1d154f2b940038246c74f686', '0f5462af2dad446182d0a2bc37e6a999', '41caac539cb1476099f1739f0f91103d', NULL, '47649eae97964f2f8ed79508737e9a63');
INSERT INTO `sys_role_permission` VALUES ('b9ec845a8f9d4581a49e4f66a058575b', 'fe9502fa296b4a6fa86812348537d496', 'e4b0afc1df694c12b54f3d8e58c394ca', '9cdd5443365f4e38a478d6e36c6aa40e', NULL);
INSERT INTO `sys_role_permission` VALUES ('c471a8dd802443dfac862a38f2b470ad', '0f5462af2dad446182d0a2bc37e6a999', '75fca2801cd0415cb9e865871d2f85fc', NULL, '45e2aa89304f43b297f71df411f5229b');
INSERT INTO `sys_role_permission` VALUES ('c89b2793f52b453ca9dc85f7b88a5b64', '0f5462af2dad446182d0a2bc37e6a999', '77297f765ccf4135b52d7d216a333d06', NULL, '671f81714f5d42d38e632e7d9e99638a');
INSERT INTO `sys_role_permission` VALUES ('c965865749c2478299591328135e8e6c', 'fe9502fa296b4a6fa86812348537d496', 'fd8a867a59924bbcae445046d7e1a5c2', 'e983e5dbfd6e41cbb24553cd9ae007f3', NULL);
INSERT INTO `sys_role_permission` VALUES ('ca6ea9a460f24ace8a07907d5df2317e', '0f5462af2dad446182d0a2bc37e6a999', '069ab7cacef24e57813b315c199e66c8', NULL, '');
INSERT INTO `sys_role_permission` VALUES ('cccb8844ab29475e9ac17e05b27f5efd', 'fe9502fa296b4a6fa86812348537d496', '0dfe3dc17e834905ad26f242e62e2938', NULL, 'f0d3b0b49bde44d78b7a1fddbb7fbeff');
INSERT INTO `sys_role_permission` VALUES ('ce2cc18ae1914720a46df3886dceac84', '0f5462af2dad446182d0a2bc37e6a999', '581b5b36634e451ba96e124d7db0cd07', NULL, '671f81714f5d42d38e632e7d9e99638a');
INSERT INTO `sys_role_permission` VALUES ('d18179f3228c479bb33041fe3462626a', 'fe9502fa296b4a6fa86812348537d496', 'eee385792dc44c7191641f4cc70e007c', '7b373815054e49bfabaf0273f0419bc9', NULL);
INSERT INTO `sys_role_permission` VALUES ('d39e254065b44f9d89677c8f06733afa', 'fe9502fa296b4a6fa86812348537d496', 'eee385792dc44c7191641f4cc70e007c', 'f98965a6d0e84829a3c59644b9108cc8', NULL);
INSERT INTO `sys_role_permission` VALUES ('d5f96ec073414523a85de6a4ee3df657', 'fe9502fa296b4a6fa86812348537d496', 'e4b0afc1df694c12b54f3d8e58c394ca', NULL, '069ab7cacef24e57813b315c199e66c8');
INSERT INTO `sys_role_permission` VALUES ('d96d7f5cc6c44ea4a3a6d8205eb90f60', 'fe9502fa296b4a6fa86812348537d496', 'dc87ede61db24e7b908892c0ae5d8016', NULL, '48301af1d1964ade807d40e95f3bf369');
INSERT INTO `sys_role_permission` VALUES ('d9944ed004aa421cbcd05760c514af04', '0f5462af2dad446182d0a2bc37e6a999', 'b495e4dd17ae4b1b82612108d5c17cf8', NULL, '47495258ff984d0c9fb47a31362239e5');
INSERT INTO `sys_role_permission` VALUES ('de2270e0261a48c8b93a63235939ef9c', '45d2215ae72d4edda973810617751b73', '1d17f7e014df43ecb16d55286c84d5b2', NULL, '');
INSERT INTO `sys_role_permission` VALUES ('dee1a26eb05d4bafaf2a981d9dad83ee', 'fe9502fa296b4a6fa86812348537d496', '3f913fd812364619a8efe9b727696a98', '98837acc49d5480793ebd949d6410548', NULL);
INSERT INTO `sys_role_permission` VALUES ('df1b89f6e3e348bfb2b50a49685163d0', 'fe9502fa296b4a6fa86812348537d496', '95456a9c2e394441b97671dbe19137bb', 'c8b689b3a9484fb69e4532a185928baa', NULL);
INSERT INTO `sys_role_permission` VALUES ('df44329da547494095c6a1bdf4194cac', 'fe9502fa296b4a6fa86812348537d496', 'f0d3b0b49bde44d78b7a1fddbb7fbeff', NULL, '');
INSERT INTO `sys_role_permission` VALUES ('df7eef20b3fc4de9b252091fe6ba18af', '45d2215ae72d4edda973810617751b73', '0261b78b4b1f453ea558097f3bd42d5a', NULL, '1d17f7e014df43ecb16d55286c84d5b2');
INSERT INTO `sys_role_permission` VALUES ('e4d2a538a7c04828a39e527b51a31658', 'fe9502fa296b4a6fa86812348537d496', '3f913fd812364619a8efe9b727696a98', 'd94b592715de4489b5bc61cfc767ac18', NULL);
INSERT INTO `sys_role_permission` VALUES ('e5978cb7d7ba4eb893048b5e6afa21c4', 'fe9502fa296b4a6fa86812348537d496', '7b3ede7ac32942e5935c4f0007ba5f34', NULL, '069ab7cacef24e57813b315c199e66c8');
INSERT INTO `sys_role_permission` VALUES ('ea31f372c91f48ce835f17b110e67932', 'fe9502fa296b4a6fa86812348537d496', 'fd8a867a59924bbcae445046d7e1a5c2', 'be0eb3b0c68441bc8b6de554082821f3', NULL);
INSERT INTO `sys_role_permission` VALUES ('f40d1d5eb1924dc38f3fc5d932aacdfa', 'fe9502fa296b4a6fa86812348537d496', 'fd8a867a59924bbcae445046d7e1a5c2', NULL, '7b3ede7ac32942e5935c4f0007ba5f34');
INSERT INTO `sys_role_permission` VALUES ('f88f1c1b37de452493e538aee36bc15a', 'fe9502fa296b4a6fa86812348537d496', 'eee385792dc44c7191641f4cc70e007c', NULL, '7b3ede7ac32942e5935c4f0007ba5f34');
INSERT INTO `sys_role_permission` VALUES ('fc23c75565c749dc9decb5b56afb0f3b', '45d2215ae72d4edda973810617751b73', '41caac539cb1476099f1739f0f91103d', NULL, '47649eae97964f2f8ed79508737e9a63');
INSERT INTO `sys_role_permission` VALUES ('fe120763b24347249f1c89e3f9ad850e', 'fe9502fa296b4a6fa86812348537d496', '95456a9c2e394441b97671dbe19137bb', '11a09de082b949bcbdd400723c2b3887', NULL);

-- ----------------------------
-- Table structure for sys_test
-- ----------------------------
DROP TABLE IF EXISTS `sys_test`;
CREATE TABLE `sys_test`  (
  `id` varchar(36) CHARACTER SET utf8mb4 COLLATE utf8mb4_0900_ai_ci NOT NULL,
  `name` varchar(36) CHARACTER SET utf8mb4 COLLATE utf8mb4_0900_ai_ci NULL DEFAULT NULL,
  `sex` varchar(2) CHARACTER SET utf8mb4 COLLATE utf8mb4_0900_ai_ci NULL DEFAULT NULL,
  PRIMARY KEY (`id`) USING BTREE
) ENGINE = InnoDB CHARACTER SET = utf8mb4 COLLATE = utf8mb4_0900_ai_ci ROW_FORMAT = Dynamic;

-- ----------------------------
-- Table structure for sys_user
-- ----------------------------
DROP TABLE IF EXISTS `sys_user`;
CREATE TABLE `sys_user`  (
  `id` varchar(36) CHARACTER SET utf8 COLLATE utf8_general_ci NOT NULL,
  `user_name` varchar(50) CHARACTER SET utf8 COLLATE utf8_bin NULL DEFAULT NULL COMMENT '用户名',
  `password` varchar(50) CHARACTER SET utf8 COLLATE utf8_general_ci NULL DEFAULT NULL COMMENT '密码',
  `role_ids` varchar(2000) CHARACTER SET utf8 COLLATE utf8_general_ci NULL DEFAULT NULL COMMENT '鑱岀Оid',
  `login_user` varchar(50) CHARACTER SET utf8 COLLATE utf8_general_ci NULL DEFAULT NULL COMMENT '登录名',
  `description` varchar(255) CHARACTER SET utf8 COLLATE utf8_general_ci NULL DEFAULT NULL COMMENT '描述',
  `head_portrait` longblob NULL COMMENT '头像',
  `create_user` varchar(36) CHARACTER SET utf8 COLLATE utf8_general_ci NULL DEFAULT NULL COMMENT '创建人',
  `create_time` datetime(0) NULL DEFAULT NULL COMMENT '创建时间',
  `update_user` varchar(36) CHARACTER SET utf8 COLLATE utf8_general_ci NULL DEFAULT NULL COMMENT '更新人',
  `update_time` datetime(0) NULL DEFAULT NULL COMMENT '更新时间',
  `department_id` varchar(36) CHARACTER SET utf8 COLLATE utf8_general_ci NULL DEFAULT NULL COMMENT '部门id',
  `status` varchar(36) CHARACTER SET utf8 COLLATE utf8_general_ci NULL DEFAULT '1' COMMENT '状态',
  PRIMARY KEY (`id`) USING BTREE
) ENGINE = InnoDB CHARACTER SET = utf8 COLLATE = utf8_general_ci ROW_FORMAT = Dynamic;

-- ----------------------------
-- Records of sys_user
-- ----------------------------
INSERT INTO `sys_user` VALUES ('1', 'admin', '123456', 'fe9502fa296b4a6fa86812348537d496', 'admin', '', 0x6956424F5277304B47676F414141414E535568455567414141666F414141495A434159414141424F4C6633344141416741456C4551565234587579644237535531626E2B392F33666E73516F0D0A525241554F3361446F44515246537859514145724667517261675131574E41594C4B686F6A4C316946384647694257375941564672466770526C42527043695732322F2B362F64656E322F740D0A4D7736636D546C5476706C355A36327A5A73374D562F623337504C73742F2F646A7A2F2B2B4C66674C30664145576941774E2F2F2F642B482F2F6D662F37472F2F2F33662F3758662F742F2F0D0A2B332B4237336E2F32392F2B623972777A752F3658372F2F384D4D5034522F2F38522F44502F7A44503968782F2F33662F3233483844742F6E504E33662F64337954573444386677782B64460D0A69786146662F2F3366772F6666504E4E574C5A735756693664476E343974747641396639722F2F367237427734554A3735356A76762F2F652F766A74332F3774332B77612F2F45662F3248330D0A34432B2B727035463931355A742F2F3631372B3264763754502F31542B4F642F2F7566774C2F2F794C2F62482F337A66756E56722B2F7A4C582F3479724C373636714635382B6168525973570D0A595930313172446A2B503058762F69462F6338666E2F5863656E61315165326A4C57444763662F356E2F39703249453178344D4A2B504564667A773376366B7631416671492F5748443274480D0A7742454934652B63364830594F41492F527742693451555A695A42696375517A5A434A4369582F6A4F346857704D3537544F7238446F474C794C2F2B2B757677355A646668712B2B2B736F490D0A48634B4736482F383863657766506C794933714F683851686438376E5865334C396836334C64364936456B6249336F494D3973724A6D66394476482B36372F2B61316874746458736A3431420D0A32375A746A66445A424C527332644B49763157725672596867505133334842442B35324E41687347625A68305466446A653469666C3869652B394D3245542F6E38523059367A694F31586B2B0D0A746830425238434A33736541493541566763596B51715251794556534A38644C4138426E53496F5833794764726C697877736762535278692F2F44444434335149664846697865484A5575570D0A474B6C4C5975636358704A612B617837784133575269547A5865646E4F316258576C58584E3759526B46517544556263506E376A2B61554E3452674948596B666F6D637A734D45474735696B0D0A7A345A676E58585743577574745A5A74434C5152454959786A74703861524F69362F4D2F2F61444E6C37515750725164415566672F7842776964354867694F774567516B436364536F3467580D0A69567245493355327879476C49346B76574C44415350797A7A7A367A7638382F2F7A7A357A5064493737707554464461594542636D5772326245532F4B716C375A535176795465586A6C2F5A0D0A686B6362675579696C79596850692F624E66674F69523679682B44585848504E304B5A4E6D374432326D75485A733261685134644F746876614149676634364E74536978796C3453666678370D0A59787531584A37646A334545616755424A2F706136556C2F6A714969304A68454B374A45736B656C6A7572393030382F445A3938386F6C396E6A3137746845396E35486749582F625766396B0D0A4370444E50706259593138416A704F4E50527470516243786E30446D4D564A6C78386355416C42736D6F684E474A6E6D414430587A38506E544E4E4335723131585A6B317542376E6F765A6E0D0A34375470707073613453507472372F2B2B736B662F2F4D3970674C6849317A564A39704146664B38666F346A554973494F4E485859712F364D7A555A67566A616C715159712B622F2B74652F0D0A476F6E506D544D6E7A4A30373179523431504B6F352B553046354F76624D7369646C5472325167386D344E5A3573506F57706C454832394F4A5048477476704D43583956494757324C644E580D0A49564E797A2F7864326F35346338506E7544335A624F73636F37617A436344572F7174662F636F6B2F76585757793973744E464770755A48346B66747A79594179522F5342315065305961340D0A524E2F6B4B654158714345456E4F68727144503955597148414370347045754942764C41535135796E7A392F76746E55583376744E5350326566506D6D63514F7363526535534973655933480D0A616E67356B363271746270574C46474C4B444F31446157515947506E51643033626D2B386B63693245596D4A4E745050674E396947332F6D706B455244396B63487048322B6474696979314D0D0A72592F6B762F6E6D6D346632376475623949386641503057627A534B4E797238536F354164534C6752462B642F6561746267514232624D68476369612F36564F6C714F59314D623644664B520D0A6778337165447A645563636A73622F33336E76686F34382B4D745738484F68697079394A74504633497268597856786F7832555362307A326A556D76326377512B5A375432504772657135590D0A35612F6A68464E73596F67334E617479714A4E3551485A2B704832496672504E4E677462626257563266713332575962632F70444738414C55776E39723542426D55356945344932594777530D0A35434D686B344C75715642414F516B573270392B6E694E5154675363364D754A74742B72624169776F4C4D6F38324C525A764857516F396A462B46622F41344A59652B56427A6571647954320D0A6D544E6E6D764D637476623333332F66315052492B527A5049732F352F716F73416C4C74797A4753666F486B2B657655715A4F46384B48695A7850415A694454354246764E7254686B486D470D0A612B6D36697332585A6B5061694D6F2B76642F644563676441536636334C487949367349416152344F62524A656F756C62704738704431553868392F2F4C45525042493837396838636149540D0A77584F73374D7253446C51524A44585856506F696C72796C4F5A434E486D392B6250716F397A743237476A712F6B3032326353382B446B6D3367684B6D686535617A4D4971574D4B69492B500D0A4E35453142366F2F55453069344552666B3933714434564B4E72596A5335714C76646B4A63554D6C2F2B61626234625858332F6456504E38423745724D59326B754578456D364C4B397435700D0A4F674C53307354712F74674D494B633832666D52364348354C6C323647504676743931326C7341486D7A37484B434F682F415567656E496138454C397A2F3255734567782B30312F43722B430D0A49314165424A7A6F79344F7A3336584D434B42615279585043386C637365346B7073477037705658586A47502B546665654D5065736366724A62752B737248466F575379753073614C504E6A0D0A2B65312B5167434E545A77646A36396C522B647A545054306C577A747050626C72327658726B6238336274334E326D666A5944366D773044343466724D323749354D647661486659434443750D0A765039394B465954416B3730316452623374616345554436556B7932764F6266667676744D4733617450444F4F2B2B455631393931545941484A655A6D4362546953365733705567786C58330D0A4F586446535136556D6A354F6E4C4F7947386E634967644E6A6F50416B64525237654F3474384D4F4F786A3534376E50623939393935303537716C654165654B334C584A4B4D6D442B5555640D0A6752496734455266416C44396B705648514A3730684C36392B2B36375276417A5A737977314C4F7975557464473764574B76374D38437A5A392F5875456C316C2B316A537534672B376F39730D0A455170786769474650436F6B6B754D686549682B35353133446C747575615839516667637936614F5978533977516252632B6C5874762F3937766B68344553664831352B644A5567514267630D0A48765050506665634554774F64697A514370325368435A7076624734384D77514D592F5472757841694E5830735651766A2F69564A667A52526737796A6B4D764752747342745A64643932770D0A3863596268373333336A7473752B323259657574743762307536707477506D717246645A42507A756A6B447543446A523534365648316C47424F5156483076537370564C75744B69432B6E4B0D0A486F2F6E504D35316A7A373661506A6767772F4D775135377178796F354947662B53697249766F79507262667167414534726A366C6358665A3072353349627A6547584739444F65327256720D0A5A7A483576587633446A3137396A51485067727A7949375052674C435A785041324F4B7A786D55783869595541494F66346769734641456E6568386371555241337449304C73366B706757620D0A42526237757453764A4C4842776536787878344C7332624E4D6D6E65583435416F516A49726F3958506A48354544352F784F537A716151616F63726F4B73496A48717546337466506377524B0D0A6759415466536C5139577332475146736F4A4B536C424956535574457A2B2B6F582F47574A7A5475716165654373382F2F37783531484F654F387331755176712F67494B34654D64776963300D0A622F6664647A634A4878552F4572346B6538616A7650556C3664633967413541616842776F6B394E563368445967536B5370636A6C454B612B4A2B464636396F764F65666676707049336D630D0A374A447757584258707035336842324266424349452F4177706869547150514A78397433333331446A78343937482B4E555358646966304838726D66482B73496C416F424A2F7053496576580D0A62524943496E6F7549756B63435970595A687A724A6B2B65624249386366416B4E694755446D39365872486176306D4E384A5072466F485970702F704A344C6B6A676F666F752F5872312F6F0D0A334C6D7A5A64754C6B7A48702F4C6F463042383856516734306165714F377778516741484F757A7776425136526461365A3535354A6B79644F6A55383863515452764279304A4E36582B64370D0A356A6F66533031425142744E65656E484D666879374F513770487649766C657658705A586E3049367935637654385A7555397267357A6F4378554C416962355953507031696F6F414A4534470D0A4D785A54484F326D5435397535493455543057354F4375617370354A6F6E4B534C327058314F584656435934397153585A6B6D7165666D4D79474550777365475430792B532F52314F5778530D0A2B39424F394B6E746D7670756D425A4B624F38512F4D534A4536336F44497572374B584B62613659614D37782B506236486A6646656E6F38366E4771343455456E786C2B7159326D7650505A0D0A62474B763332323333557A43353931666A6B42614548436954307450314667376C46524547636E69496A4D5174637141786D7051465254426F593679734353366D544268676B6E7A535056610D0A584B576D5633597939374376736347546773654A71395852484A57715661686E484B38665639416A4C7A35563867343434494451703038662B3878346C796C4B6C653859737A4A4E53544D670D0A4A31496C36456B42444E3645476B4841696235474F6A4A746A7947706D3455527153644F574D4D694752636C6B5A6F553873656837713233336771544A6B3079577A796539636F354C6D65370D0A7A45553462632F75375845454B4A474C336637515177384E4F2B36346F343133625259676665594644715453536A456E2B4A36584638337838564E73424A7A6F6934326F587939426745554D0D0A7956345676354269494773574F4E6E544A6548772F2F666666782B6D544A6B5337723333586B742B6734653970436E65343278354B38754135764137416D6C4141474A6E544A4D7A2F2B43440D0A44375A7750477A33306B7042357377464E71324B763965475671616F4E44794874364532454843697234312B544E3154734B4152446766525139696F4E4F4F306F536F4443756B6A365642340D0A426A73386D6530496E3550446B314B4F386F437842375154666571363342735549524462395A733161785A32325755586B2B347069307656504D5933447165716A6B634F434C356A417843500D0A6551665645536747416B373078554452722F457A42466973734455697462434972623736366F6E6B456C63633433633836636550483238466150672F4C6A51543578615034356E64366334480D0A585A6F52694C50714D56595A783932366451754442773832327A3353665677566A3266522F37456A594A716630647457505167343056645058315656533058456B44614C4870494C556A794C0D0A475A2B523550476F52344A486B696333765779597355657A536F72475A556735562F624D71674C4647317333434D523548654A736A5274737349464A39306364645A5156796B48544A6364560D0A7872564D585855446C44396F575242776F69384C7A50563345306B7871434A5A3946425451767079776E767878526644506666634578352F2F48484C56792B50653458497956732F7A6C416D0D0A6462303734395866654B71324A78625279397A45324758634B76714538447649486F63392B62497756396A594B73317A7454327A747A653943446A52703764767172706C63707A44486F6D550D0A67714D64435843574C6C3061586E6A68685844565656645A4F566C5539636F524C676339486C7871656D30414A4E6C6E4B7A646131554235343273534161566846744644356F7868356F58430D0A53796D534D324441414975376239753272616E33347751394E516D4D503152464548436972776A73315839545364644B4741496869397856575535534F57534F74504C5A5A352B4632322B2F0D0A33524C676B4B4D2B6A6A2F4F5243535436505737453333316A35313665494B3433674C7A514E456C6D6A66593464463651664234354138644F6A527374746C6D426F31385744425079566C500D0A6D3248463338656D7248724130352B78615167343054634E76376F395736553457626A6973707773586978714C456A5948386E37446148506D7A637658486E6C6C65485252782B31796E4F2B0D0A554E5874305045482F346E4D325178412B4E6A6D696255664E6D795971664C356E7332784E7372387A67756E566F3533303555506F587752634B4C50467A452F3368425145687849587556680D0A6C5252454378554C4569384B306478797979336D56552B6F486439374E6A73665350574F414649364A4D356359494D4D325A3930306B6C5737353751564B4A57354D444B5A3435546F6832500D0A4F716E33305A5066387A765235346558482F305441716A697362764C7753344F465A4C44455535324F4E74646439313146696650426F4346793250676652673541734855386B70374B3556390D0A70303664776F4548486D68686549536B4D70655137716D4B783073354B58796A37434D6F4877536336504E427934394E4549446F563678595961534E39434553357742556A6F73574C5170330D0A33333233326551584C3135734567734C566D7937644467646758704751413536696C4142437954334E6D336168454D4F4F53514D47544C45347532564A782F7447664D484C594362767570350D0A354F542F374537302B57506D5A2F793049483337376264473670412B69354473395575574C4446372F50333333322F46615067645355516578537873726E72305956545043436A38546736700D0A637261545858364E4E6459492F66763344796565654B4C4632386531497A69575033383541726B69344553664B314A2B58414D456C4D4A54306A7A534F71704951755A7576766C6D49336E5A0D0A464A584C47364B4839506E655659382B6F4F6F5A4157574E6C4159735539504670706B354E6E446777484479795365486262625A7875434B733062574D33372B37506B68344553664831352B0D0A394538497843464171734A464F646C7272726B6D50504C4949306D2B626A6E747852493869356A623658306F31544D43436B4556305374504250387A5A79544238376C763337376831464E500D0A445230366444437665302B525738386A7037426E64364976444C656150777537494E49364C34584D6961446A2B48654F5130702F3661575877715758586D716C5A5A586B68754D6C676367440D0A3332324C4E5439302F41454C5143414F6D64503845756C44374F544A78794E2F7A7A33334E4B4C48464B5A5530444B4A615850416648585666674764554D4F6E4F4E4858634F6332356446510D0A7861764B6C6A7A715265417352504B65682B51704C58765A5A5A654657624E6D576168646E4F65374B57337763783242656B56416A6E704B5241554F32322B2F66526778596F545A37754D450D0A56644B614D552B5A6638786231356A5636386A4A2F74784F3944346573694C415171497364464B376F32356B4164466967675478374C50506872466A787762553972493778716C73485635480D0A7742456F444147703935484F6B65496863744C6D59724D6E6D7836626361523661647159647878445742362F2B63735245414A4F39443457736949675A3643346B49794B627967314A35586E0D0A2F766A4850316F564F685959504F395A6C4653707A7146314242794277684651656D6E6D6F496965624A4D62626252524F4F4F4D4D38492B2B2B786A6334314D6B796F654A613939643359740D0A48506461504E4F4A76685A3774556A5078414B6A504E3279742F504F49674C4A49386D54434564536864534A6E714B7A534233676C366C724243427858694C74654335757565575734627A7A0D0A7A677537377271724F653668545A5074586D5266312B4435777A644177496E6542305257424B514752464A5166447945547259373150575858484B4A53664A4B676F4D6B727841686A3548330D0A516555494E4130424F612F4B735134535A3636786D526268642B7A594D5977634F644C7132374D70344A6A5941625A704C66437A61776B424A2F7061367330695067734C6A4970756F4B706E0D0A6757455267655176757567696B2B516864366E786C64324C7A5944624234765945583670756B51676A72506E732B70484B496F4655756337557559536574656E5478386A6532335132517A340D0A79784551416B373050685A574B744644354571456733715138724C6B725365556A735548707A78655342394B7A366E51494A667166574135416F556A6F4E413572684448334D74754C3355390D0A61763065505871595A4C2F7A7A6A7562744D3963564D5737776C76675A395953416B3730746453626554784C6E496C4C3072705361304C534544622F717A49646C656375765044434D4750470D0A6A43545839736F53333368345852346434596336416C6B516942506F5A50347348786A4E4D7A59435862743244614E476A51713737626162316142514F56754F6B546F2F6474527A69622B2B0D0A6870305466583331642F4B30496E56322F366F6E7A336449436E4643484351444A4867636631352B2B5756624E446A4F76587272644F443459366343675A6A416C5279485A44716F38556D750D0A77306165445475614E2B59333878702F4739375230764739762B6F48415366362B756E72426B2B714854303264685945776E5A345165424943464B397A3530374E35787A7A6A6E6D5A522F580D0A6B586656664A304F48482F73564341676156377A5746556B652F58715A5A71337262626179734C756D4D7473424D696B683554502F7A4C4870654A427642466C5163434A76697777702B386D0D0A6B505950502F79515448355539487948424B2F306D76506D7A5450762B76767575382B49582B517579543939542B55746367547143774856744565435A313653747070434F4B4E486A375A790D0A74394C51595A35447371657576624A6131686453396632305476523132762F796B6D65587A30734F5050775036533966766A7863634D454659634B454353626C792B75586A514448797675330D0A5475487A783359454B6F7141736C624757536A5A714B744335504468777930336676506D7A51506C70436C37717877594F726569442B41334C7973435476526C685473394E394E4F5877534F0D0A4E45434F62503566756E53706C5A716C5341317838396A7A5A4A4F5837632B4A506A3139365332705077546B59384D38526E3276696E6553384E75326252744F502F33304D47544945414E480D0A4734426C7935615A6D633664386570727A446A523131642F4A302F4C37682F4A58633436664737526F6B566749586A7979536644482F3777682F444A4A352F59416946795636494F315A6D760D0A552B6A3873523242564341674F7A31614F495856305441357A47363838635A687A4A677859612B39396A49746E48787349486F7665704F4B4C69786249357A6F79775A31756D3745776F41300D0A6F4E72576B44656643614E446B736654506A4F5672584A7549383237313332362B744E6255313849694F5352374357644B316D4F5975325A6F39323764772F6E6E33392B364E6D7A70396E6D0D0A4F5A5A3537755769363275384F4E48585633386E543874457839347546547A2F7A356B7A78324A7849586B63386C6755524F687858472B63774B4E4F3466504864675171696B424D394A4C690D0A4D37396A66714F7032324F5050634C6C6C313865327256726C31536B6A4456317241484B744366664861396E583948754C66724E6E65694C446D6C315846416C4C7255346F4C4B6E49745A440D0A447A316B616A3658324B756A483732566A73444B45434275587445797878787A54446A333348504E443066456A6F517657372B306456784C536249633264704277496D2B64766F79727965520D0A45342B6B675A747575736D49487673643862662B636751636765704741424C482F416178453162332B392F2F506878313146486D6C794D6E58483658356F35337A6D476A37383536316433330D0A6D6131336F712B742F737A356156432F73334E6E77705057647469775965484C4C372B30373978524A3263592F554248494A5549714A706B37466444585030313131775439743537372F44390D0A39393962706A794679724C42523475487963367A35715779533576554B4366364A73465876536372366333382B664D74336E6236394F6D574E59736B4F6E45652F4F7039516D2B354931432F0D0A4345676C4839656D52374C763071564C7550626161774D652B5A41376D6A3049586D567856586C532B54587146384861656E496E2B7472717A357966686F574147486B79614B47326A7833730D0A334E6B755A786A3951456367745167676D5350524B364F6C59757750506654514D486273324E437156537662314350464B774A484554564F394B6E74316F4961356B526645477A56667849370D0A2B4674767654576364645A5A6C675650556A7965756B78367A3256662F5833735431432F4343694A4473544E584A6161586D6D7572377A797974437658372F51736D564C322F444C566F38710D0A58354A2B2F614A5865302F7552463937665A725445373339397474573651715650612B5936504847395A636A344168554C774A4B6267584A512F5A7975464D593354626262475046717672300D0A36574E32656C343652707639366E313662336B6D416B37304E54776D734C635254674E784B7738324578384A2F766A6A6A772F54706B317A442F7361376E392F74507047514D6D77346877590D0A664561467A36743337393568334C6878596532313137613031777139553261392B6B617674703765696236322B6A4E35476962306968557277707072726D6B6574746A72564B3375747474750D0A4D776538566230386C33324E4467782F4C4566674A2B6D644E654C696979384F4A3578775168493744386E4869625163724E704177496D2B4E7672785A302B4242492B546A657874454465540D0A655062733265485959342B31647966364775313866797848494163456B506A5857322B39634E31313177587132434D5938467039396455546458344F6C2F4644716741424A2F6F71364B52430D0A6D366A6B46784338366C577A6535383463574B6A736649753052654B75702F6E43465148416970587538382B2B786A5A4E3276577A4C522F6C4C62317A4A6A563059653574744B4A506C656B0D0A717577344A69725A734B68466A52633939616A7676666665634D6F707035674B582F47794B3373734A2F6F713633427672694F514A774C7932304656543959386E48505241697031627036580D0A38384E546A49415466596F3770796C4E55305973434A304A54646137677734364B4D79614E6376552B5A4339712B366267724366367768554E774B4B6C556351614E2B2B76546E6D39656A520D0A77395832316432745756767652462B446E636F6A45537144747A306574716A777155744E2B566D2B777A4776735241366C2B687264474434597A6B43503630504D756B42434772382F6662620D0A7A315434762F7A6C4C78326A476B5041696237474F6C5350492B6337314844457A444F4A467978596B4D54554E70595178346D2B526765475035596A45494A74396F6D66567967643730546F0D0A554D373234494D50646874396A5930534A2F6F71376C44496D44393234306A77536E664A64366A726C656157374864333348474868633267796B664B56354B4D4B6E353862376F6A344167550D0A69414272414A74397864697A6472426D644F2F655064783838383168777730334E4B306661775A3265343558735373567A436E77316E3561425242776F713841364D57365A6162554465487A0D0A6838324E7963676B666543424279786D66736D534A616153777A62767565794C31514E2B485565674F6846414D49446F57534D6764486E67737A59674750434851362F38656667646F6C644F0D0A664231666E553966663631326F712F5350706330723530356B6A72714F503555617062766A6A37363650443434342F62424F576C716E56562B746A65624566414553674341737161783774430D0A3653422F316F6C4E4E393030544A6777495A416D5635492B476B41567746456133534930777939524A675363364D734564436C75492F7561436C656F314352534F2B463054466243365643390D0A4D5A6E6C6963396E743847586F6B66386D6F354164534167676D664E594332514670445773303663654F4B4A34614B4C4C6A4B54494D6677782F6661464C68455878333972465936305664580D0A6679577452544C6E7863526A306B6B646A7854503545537178366E6D685264654D5055625A432B4A58704F3553682F646D2B30494F414A4E524343756652477642327741554F6C54777662320D0A323238504F2B2B38732F6E7A344E51725955476B3338516D2B4F6C6C524D434A766F7867462F4E574544305454704E50345853515073534F387832326551696634365336707732715646664D0D0A39766931484146486F486F515548456268646C71545A4257454F6E3977414D50744841374662754238446D65444872757A467339665731722F6F382F2F766933366D717974785945494861390D0A512F59514F6F3431374D69704C333341415165456C313536715148424F334B4F6743506743416942574143514B6C355250506A36494D5866657575746F572F66767161325A343242344D6D460D0A3331683472714F634C675363364E5056487A6D33426C4B6E434D5776662F31724933504B544B4A755930492B396452546C6757505359764B6E6B6D726C4C644D61476B436372365A482B67490D0A4F4149316877427241594B4270487145422F6E755941726B2B2F37392B31764776425974577067416762615137355656722B5A417164454863714B76306F356C55694C4A4B383456496D2F5A0D0A73715746305647343573392F2F6E4E697433656972394A4F396D593741695647514F463133455A2B503378577A44784F76646466663330594E476851574C5A7357524B4F68375476722B70420D0A77496D2B657671715155755234746C6473774E48736D655349743054536E666F6F5964614D52742F4F514B4F67434E5143414C4B7951486844787734304B523668664C4B43372B51362F6F350D0A6C5548416962347975446635726841394530394F6546775164646F787878786A59585675513273797848344252364375455642536E585858585466383655392F4370537A785559762F3643360D0A4271664B4874364A76736F36544D315670696F6B65565434714E4C6566666664734F6565653571395076617972394A4839475937416F354142524749732B5778726C446D57674B47565073560D0A624A37664F6738456E4F6A7A4143744E68304C77534F314D5270786A734B57646565615A345A4A4C4C6B6C53336161707664345752384152714234456C414D6636523037506E3850502F78770D0A364E7935737A3245453333313943557464614B767276354B5773764F4F7661617862752B5A382B65596336634F5130533546547034336D7A485146486F494949794945586F73636B53476A640D0A344D47447A566176394E7356624A37664F6B38456E4F6A7A42437774687976334E4956712B457A786D7146446831727A324143346A543474506558746341537144774552765A7A794950666D0D0A7A5A75484B564F6D684934644F377070734D713631496D2B796A704D7A555731427346725175495A2B38777A7A79526C4A36763073627A5A6A6F416A6B414945704C71506339716A766A2F2B0D0A2B4F50445A5A64646C73546570364370336F5163454843697A77476B4E4236696D74424D7846646666645763384643767854576D3039687562354D6A3441685544774A453973697846364A660D0A662F33314C5564482B2F62746B32796335504251496832656A4F506347546864666578456E36372B794C6B314F4D4D7775534433383834374C3178363661555739674C525A2B61327A2F6D690D0A6671416A34416734416C4539444B4A3557474D6B345550693535392F666A6A39394E4D7467513535384C2F37376A764C345947474559496E5253376E2B43733943446A5270366376386D714A0D0A4B74624E6E7A2F6671745339386359626472365357726858624635772B73474F67434D514953426956393336754242573739363954617058346878496E654E59652F674D3653766C746F4F610D0A44675363364E505244775731676F6C3233333333575A49634A486D6C78465875366F497536696335416F354133534D676F6F2F664151576E764E5657577933383553392F43547675754B4F740D0A4F36706B6837385152493857774658333652704354765470366F2B6357384D4F6D776B32624E697763502F3939397675476F4C58784D7A35516E3667492B41494F41495A434D674D794E664B0D0A6849655755506B37546A6E6C6C484435355A63623062507573423470655664386A674F6244675363364E505244336D33416C585A57322B394666723136326456705A6873557463373265634E0D0A70352F674344674345514A4935616A666B65425A61794430324E463371363232436A6A6C4334554141434141535552425645382F2F58526F33627031496D416F7477666E496433374B7A30490D0A4F4E476E70792F7961676C6B547637707338382B75304743484C376E7A31566E65634870427A73436A6B4345674C7A6F49586556723555676766544F5275434F4F2B34494177594D734C56470D0A306A365851483376524A2B75346552456E36372B794C6B31654C70535A474C6D7A4A6C47374971725A2F6574695A667A786678415238415263415169424342337946763136566C66564B4D650D0A4D79482F48336E6B6B65474B4B3636773435446938626158357A33482B43733943446A5270366376667459534A6C6C73653266794D5A485954552B65504E6E717A714F325A774C79516E30760D0A4C396B55503559337A524677424B6F4D4155583571486F64524C2F5A5A707546427839384D4C527332644B45437A4C6E2F664444443261766A785074564E6D6A316D527A6E656854327133610D0A535550635442376956355861466D492F374C444477694F5050474A714D744C67636777765A63704C36574E3573787742523642474543434766767A34386146587231346D3466502F3939392F0D0A6236702B4A2F7030646249546662723649326B4E366A436B6553594E616A476B654B57386E54647658746874743933437035392B6171713132454D5732786F4662767A6C434467436A6B41700D0A455544674F4F323030384B6F556150734E69702B7733726B4E65744C69587A2B313361697A782B7A73707768416D664345423876776F664962377A78786A42697841697A6A63574A4C4769590D0A5A385572532F663454527942756B5A41456A73564D346D705A3132536278427246524B2B76394B4467424E39657672695A7933423478564A48744A582B4277712B6B4744426F56703036625A0D0A5A4D70574D6A4B542F465038694E34305238415271454945454368596538694339394A4C4C34564E4E3933554E496B69655A6B65712F445261724C4A547651703756616B64565431324C32590D0A564E6A694966415858337778374C2F2F2F6D61546A306B2B6A7033486E752F5A38564C6173643473523641474547434E346355364D32484342424D2B574A4E51332F50794D746E70366D516E0D0A2B6E5431523949613147424D4675786753696C4A534E32594D575043565664645A6151664A386A68524D57793470446E64767155647177337978476F41515151507054626E757963563139390D0A745A452B333258544D74624149316631497A6A5270375437524E724B4851327834345248375079434251755368446A736F4A486D56555443452B616B74454F395759354144534841656F52410D0A41626C333674544A54496D716E4B6E33476E7263716E38554A2F6F556479476B6A525350524D394F2B5A4A4C4C676B58586E69686B627855597841394F32676339767A6C434467436A6B43350D0A4549446F4D53396970332F35355A6644686874756D4B54443959513535657146334F376A524A3862546D552F536D6C734958413857722F2B2B757651743239666B2B6F6866333835416F36410D0A4931424A424F4C6B584A4D6D545172373762656631616A4866753965393558736D5A2F6632346B2B586632527445594F654C797A6333376767516373457836716650373835516734416F35410D0A4A524749302B5265665048463463777A7A77777256717777353246506D46504A6E6E4769547866367132694E374F36515044766B6B30382B325278656D467865734B5A717574456236676A550D0A4A4149696370577478657565496A6675625A2F4F376E614A50703339596D544F5A4A4A333638434241385044447A2B63374A5139546A576C4865664E63675471414147463837492B516534640D0A4F6E51496A7A2F2B654A4C333374656E644130434A2F7030395566536D726A5549354E6D723733324D6F63585069766E665571623773317942427942476B644152432F315059567449486F380D0A3850484564364A50317742776F6B3958667953745555777145776D37312B36373778356D7A353664714F345651352F53356E757A484146486F4D59526B506F65557364686D4D51352F6676330D0A743142664A2F7030646234546662723649326B4E45775831505A5870507676737330424F3659554C467A616F564A6653706E757A484146486F413451694C4E78346B74454971396A6A7A33570D0A6E5956543250644F39436E73464A716B72465045304D2B66507A393037747A5A4A5075344A47314B6D2B374E6367516367527048514C5A3542424A35325A393636716D5775524F7A6F3866520D0A703273414F4E476E717A2B53317542707A34534238442F38384D5051705573587333313548767555647067337978476F4977546964596A504A4D3668427364646439316C716E766C7771386A0D0A53464C39714537304B653065434635322B6A666565435073744E4E4F4E706E694A42557062626F337978467742476F634164596E5A654E5563707765505871595178347654356954726748670D0A524A2B752F6B68616F3878344550757A7A7A35724F6536783258736366556F377A4A766C434E515241764B3235354652332F502F757575754732624F6E476B706354335852376F4767784E390D0A75766F6A6159323856746B356B785676384F444239687665397537526D744A4F38325935416E5743414237332F4B6C5348545A35684A4A33336E6E486374367279466164774A4836783353690D0A54326B5873534E6D3876423330303033686548446839746E4C3136543067377A5A6A6B4364596141694A37485271496E6351363550727033372B35456E374B783445536673673552633253500D0A523649664F335A734F4F656363797A6E76652B5555397068336978486F453452694433774B57347A594D414138792F7956336F51634B4A505431383061416D4544724644394A41385A452B6F0D0A6E52653053576D4865624D6367547046514F7353666B5533334842444F504C494931337A6D4C4B783445536673673552633144644D33475952456366665853342B2B36373753652B727755620D0A66576159594B77476A442F7A7A4A6D5673444A2F7A3461487648356C513879336D7A6C2F566566712B706B5A436D5737394D79462B534C6538506A472B692F2B58576647347941654D34584D0D0A463154524F692F624F4E44766D622F462F6338782F476E6531754B5934506E6F4336586C5075757373384C6F30614D74517368663655484169543439666447674A5577633750472F2B7457760D0A5172392B2F634A7A7A7A316E306E79636A53716C54632B7057577867554F2F46446A317853733134386335473950464E73693345714250316662626634327575724B536D467671345866714F0D0A6A5171667355764744704A4F39446C3166364D4846554C303855586A384B3534484452363435384F4B43585279353664613176536568786A4859306A704534697278392F2F4E4745456E794B0D0A334D5359726C357A6F6B3958667A526F445353432B7036434E692B38384949525936305176525A534554316B79586373484377533255672F637947504A61374D6273776B37307970726A47690D0A6C2F5446635A4A59754965754530763848676C522F6B6B6B2F4F4D2B6962552F3253543666435437787571706178356D7532616D6B357261714446564B30545063796D656E6C7A3343434B480D0A486E716F6C6174316962373863324A56643353695431642F4A4B324A435757333358594C4D32624D4D4D6D525679326F414F504654706D3157434435486B31474E745673706853762F37556F0D0A3536717535626956716478317A66683353656E7839654F363234314A6E796B64596C585A724C6776596B314E726953656261786B41794A7A6F356C35665933667A4F385A43387142775855350D0A54754F7446755A744A6C5A6F7A6A416E49704167694F79373737376876767675383772304B5A74645476517036354359614552364F2B2B3863336A7A7A546354387173464356494C4A5249420D0A52502F44447A386B695464697957786C64744A4D653277324D6C36566A54575775754C3778666872305934586651672B322B4B755937535935306F384B52312B465739574C4C464C496F354A0D0A57725A766B58316A63304B624D5932545850746E5656716A6242765057414E456D374B52652B6259717A6A59545769414E4275533748763136685565666654526E2F6E564E4F4557666D6F520D0A454843694C774B49706267456845494369752B2F2F7A365157704A38393748647564716C417932345772416C7853766A56727A415A7049342F32506A5A3546686751456E4E67763838622B6B0D0A4B4A46416245665864785149346E756B4564534D2B744E39755534324737306B655A6B655244435A706F4271373539536A4F6C3872716D784C704B50337955705A33366E44527439736470710D0A7179576D494D5948456D633850686F7275734B386F36385A463569535545767A7A7639386E796D6C787871343246457A4E67484647355A634E7872355946624A5937567870783739314B6C540D0A625237364B7A30494F4E476E7079386174455471734F584C6C34657558627547762F3731727A5A355243793151435278336E36655453544B496F7A4E6A34555A5A38546D7A5A7548466931610D0A3244734C4F4E2B336274336146764B593542574F4B453967414A565570586352506269797557414278346D4968523274416773357879356274737A2B2F2B61626236787134486666665766480D0A4B75704273634D6348792F6138725232473258544A6C5A734475477A4E6D2F61394B3231316C72573934795431566466506179787868723268314D59343250747464646536666A67656F30520D0A76667161643861427867646A68544877396464664A2B4F4473634A34597079774756443631316A3730356A505364505171767A5A306C4A7373736B6D5A6D5A6B4C766F72505167343061656E0D0A4C33354739456974533559734364747575323334346F737662474554476359323470512B5171504E6B6E32504178567578324B4E2B71396274323632574544737A5A6F314D364C6E6E662F350D0A486D78695657343271543975514B594B56706F44794A342F53665173306844393473574C62644747344C2F39396C736A667637344831766B3535392F626776393071564C6B305565457142660D0A49424C50594E686F39362F794150715866695A762B707072726D6B624F39345A482F79323863596232337941324346362F576D44794C6B614537476B6E3275724E4C38594E2F456D555276730D0A547A2F3931416964506F666B6D61654C46693279635150684C316977774D594C2F2F4E376E45436D6C6C54336D586953373534695850534476394B4467424E39657672695A7932422F4A446B0D0A4B56454C6F55694B6845697168656A6A47467365554459393262395A4F4A58617431577256756131652F444242346374747467694B354672306335574E434F5772444E742B4A6E675A6B70300D0A7365706439346A5059534D5171322F5A655045646D77436B66686236723737367976714A34794143337655376D774A7041345242624D2B4E74512B7247704C78356D5A563674395652526C770D0A2F564B706A6A4E4E47486F75505A4F654F52362F454461624F4B52302F69447472626261796F69657A793162746A53533535332F2B5635456B7332356A752F696A64624B504F4E586854506E0D0A61364D512B327049307742784B305531312B463570426C69677A682F2F6E7A6243483735355A64573055336873644C4B53544D6E30315673456D724D337941745331613236414730627667540D0A4D5A6631796A59764D2B64625770367056747668524A2F536E6C576F32587676765765356F314564696943714B5479487856414C62367A5731675941435A30466B6F582B68424E4F434963630D0A636B6A5959494D4E55682B65772B4C4673346B454941596B4F6634676543522B6E6775706A735565615139314C38515045587A30305564472F4E496D384B3446507474474C6C4E6A455875630D0A5A7876434B7950365846584973656F38467A4E5276476E687378492B69515331795A507A3566727272322B6B4462456A42644C6E6264753274663878312F422F4C496E4849593563502B30620D0A585442443238416D634E617357654865652B384E704965462F4B587834526870487054786B6B325074456F70585A7153666C454D6664784F6E6765697037434E4E70545A6E474B64364D76620D0A753037303563553735377578474444703333373737624444446A7659416947566E77672F353474563445424E5A4B6E494A626E4830706163704E6A39553533766D474F4F4D547438326866780D0A574F4A6E4559756C536847536949376E52764A483559384B6C3457664463446375584F546A51436141476B44324167674C5335637544427277702F47694C70596B6E7273315A345A6170684E0D0A343545707961756B4D67732F6849633033713564753744656575755A64493754466D703556504C30507970352B565A77767A695851727A4A3058317932587855594E67336B474C6A445138610D0A6F44767676445063662F2F39707157546779686B7159324C786C4931535053304F5675524C62535162477A6174322F7652462F4A415A687862796636464856473342516D4570506D396464660D0A44345458515137565A4E756A725A4C675A5A2B4D31625A6134466A38547A6E6C6C4844676751636D6E764D515932504F557058754E70346C74743353486A30767679476878526A45424D57430D0A4C716D64666B554C674F535032702B4E414F664F6E6A3362434A2F665A41506D4E7A5137664D393373576F30307763686A6867515563594533526852726B7A646E626E52794B62653572754E0D0A4E7472497942334A6E4D394965456A75534F316F62396741534375526157614A4A666134375A6B62724571506756586458375A396E684E7444654F642F6950476E4D787837372F2F766F32660D0A324A535654664A4E367A4E6D356774514F336E4F313135377A5578764C74476E702F6563364E50544677316177715448366569565631344A4A4D795261712B61794236796876786B6D325A680D0A6B3954475173486950324C45694844515151636C396C424A6B6C49647037523754456F586B63646B4A504C69576550667466424C6B6D4D5446792B454F6C594C4B4B544150555430637670440D0A4D3443304F32664F4850736454592F3841486A6E667A594362427A696A59447570653861492F724770485A46507943563479694A6C4D3437366E69657258506E7A6B626F4544752F496456720D0A6F38637A4B696F68336A68496B70565A4A4B31396E30753765443738434F674C6A58766D412F333531464E50685274767644484D6E446E543567627A6E41316654507935334B4F53783254360D0A336D69383850333036644E44687734646E4F67723255455A393361695431466E7845316830724E51544A73327A564C674B7579726D757A7A6D644B5979492F6E326E4C4C4C634E76662F76620D0A4D484467514A5073575043777A5971413071362B6A395831496C455246652B594A654A58707653714456733261565A713058676A454A4D67353044714D64487A50795369454546552F32414B0D0A3053674F6E4D326934734135646C55763553506748616C556365673846324D514662793834755077523467666F71655074616C542F2F4975725164746938654874434E36547356685A7A70790D0A36662B306277515A762B44414F333343382F4248662F41397A6E6C5858333131655048464630327156323734744939376A526E68722F6B612B33547754477A30584B4A5044376B343061656E0D0A4C787130524D5433394E4E5068333332326363576253585271595959375A56704875525250584C6B794C4437377276624969646E50425A785073646868436E74486A4D74784F53554B53464C0D0A4D3648464C705A6D4A64474B36474C536C3851664A2F3352706B4A59794777674B5572586A6A6366437657547378384577312B75524538623552416145373032414A4C514D35394C625944630D0A59712F30574D50424E57494E56537A566938677A4D392F467A6F66614D4B5231624E41756346646B674578586641636D6A472B2B77355A4E5876674848337A514E6D6E6744453756554D73390D0A54686A46383862524177676E4F4241373061646E684472527036637647725345525148314B4B45354177594D73415641535853716F544B557945757161473153657666754859594E4732626D0D0A43456C364849755577324968722B53594B46506152636C43707662465A42524C4F4446427839376A38554B59365557665365365A474567696A713874346F385833737A7A597474397272686D0D0A613073736563612F7139394661746F51795A4E6347776A5A706D504873336A4477752B787A547257614B7A712B584A39706C496642316C44334F70766E6F563579775A4A4F527651666E7A770D0A775166682B7575764E3973395A41384731554C30636438706B79486A34706C6E6E676B39652F5A306F692F31494D766A2B6B3730655942567A6B4E5A444667494A6B2B654841594E476D52450D0A7A79525354756C79746D565639346F6C647933557446556575537830664B62644F42554F487A3438374C5454546F6B3072504E6C6F395A7A5667765278795158712B637A792B514B77356A6F0D0A4D78336F59714C4F3149686B487075356B566A56526946755636367137307A797A6877446B756A69545537385758627057504B4C4D3855683164495761544430374E4A79784B723554476D650D0A59394F757570653252396F70625842456A724C4E382F776B31376E31316C744E75696355552B6135624E453161596D3430555973486B2F3048632F7A78424E5042446230386B764A64784F620D0A6C7257746C747268524A2F53336F546F55584E506E44677844426B794A466B51563659534C2F646A53464C6E58644A614A7448544A6859325342342F67314E505064584371755230564F34320D0A2B2F30636762516741506C70633674454F33666666586534367171724C506D5353465048305735396C71322F6B7338536D3175304A696D556C714932666672305359515462573479545657560D0A62482B393364754A507155396E6E61696C363252795975394E644E4772555135765066763339386B655278306C41733830316B74706433677A584945536F61413069576A716B6437682B702B0D0A334C68783459596262724355313879644F4A2B414533334A75714C6D4C2B78456E394975546A765249386C6A563164324E366C54593463776A756E58723138343939787A4C613657445147370D0A66685976685A656C464835766C694E51556753555651367978323550324B544337416939752B6161617978586769726F305268732F6F712B4B576E6A63726934532F5135674A536951357A6F0D0A5539515A63565053547653304E53354B49364C6E6E5557415261747633373768744E4E4F73377A6C696852516A6E6F6E2B70514F504739575752445168686553562F6C62356F7A4B346B4C320D0A2F4A452F5166344F614D4859454B546835555366686C37497651314F394C6C6A5664596A7134486F56786254547A77386D6536496B3065536C3465346248577937356356554C2B5A493541690D0A424A6A66637442446170667A4B584E4657665277304C767373737373456F553578627369565372394B4537306C6536422F4F3776524A3866586D553775687149506F34416B4463775764416F0D0A4D547432374E6A51706B32624A445A595875686149444A742B6D5544316D2F6B434B514141637859437256547A675152506E4D666A5266532B2B6A526F3630676A7049654B5456307475714E0D0A355877734A2F70796F743330657A6E524E7833446B6C7968476F672B5674327A574B4661334858585863504A4A35397370585752507551687A4739734270543332346D2B4A4D50474C316F6C0D0A43436A79524747437A422F4948386338386D63775435672F56454738394E4A4C6A657A356E666E454F5A574F7458656972354B42396C4D7A6E656854326C2F73324E6E786A78382F506878310D0A31464857536E623861516D767930796977762B37374C4B4C68644242396852666F6630735744794C4850645976435464707852366235596A55484945464A61716C4D4463454B6D644F5535470D0A50545943684E33782B634D505077786A786F774A55365A4D735861707A6B496C7058714679696E6A6F53494365436468446A6B7A6C425044772B744B507077617659455466614D51566559410D0A4A677A6B655076747434666A6A6A764F647646784E6A516C7171684D362F37503453364F38635557662B4746463172474F365233434E35666A6F416A554267436D6C744B506A566A786779620D0A58314F6E547256354A314D5A38314345722B2F4B555139444F51437972556E6B7569634672684E395958316669724F6336457542616847756D58616935784731717965787A2B5758583234350D0A2B564574707233456242473678792F68434A515541556E4262506152394346764A4F557A7A6A6A444B68667146572B346C593276484554502F58576657493350393037304A523061425633630D0A696234673245702F556A555150584739544849304473544B4931456F74576D6C4E51366C3779472F67794E514F6753556949704E4E4370386261787675655757634D4546463168742B33677A0D0A77504673434D715A496A744F7878742F66766E6C6C305058726C31646F692F64384D6A37796B373065554E576E685053547651514F6F734C6565754A3979577A467A5A354F51713556462B650D0A63654A33715530456D463851743154333874496E462F374646313863627272707073547652524B316647484B356167582B777646756539666565555663385A313158313678715954665872360D0A6F6B464C716F486F313135376253764751546964484964514E5A4C5253795536557771764E38735253445543326B682F2B2B32336C6E7771546A5739614E4769634F535252346133336E71720D0A51616C6B70486E4976684C61744C6A494542493936613664364E4D7A784A7A6F30394D5856555830714252486A52706C4E6B5055694B7054586F6C464A715664364D31794241704741474A480D0A4B36614B6678412F6D326D6B2F4A597457345948486E67676A42677877717264795934764A39684B7A45455250653247364C6662626A736E2B6F4A37762F676E4F74455848394F69584448740D0A456A325A3730694B673152504B4231456A2B7165785569686445554277692F69434E5168416972744B674A6C54694568552F6947445144667339472B37626262544971584A433848575459490D0A35587A465A61565233572B3737625A4F394F587367456275355553666F7336496D384B6B526D553359634B454D48546F554650485A645A314C6D5854343251346D62593473742F64662F2F390D0A6F5750486A755A3571307865636533785572624E722B304931446F436353313335685562616235446F696430465A2B593939392F503477634F644B383853462B6A70486E66546D49506E62410D0A6B35384147354C585833383974472F66766B4539657656585A76364E57752F48744479664533316165694B6A486170714E576E537048444949596559436F2B4A5659344A54465077714D65700D0A4A30364577554C432F51382F2F48417270656B7652384152714177436B44312B4D506A49494E6E6A46344E67454576337057355A6246725176636A4A2F38343737345331316C7172314C66330D0A362B654267424E39486D43563839424B4537327931796D45522B535062663665652B3478427A782F4F514B4F51475551514C4C48564C5A7734554C4C52766E7777772B62777834764E41446C0D0A794A71586A65684A3377765274323764756A4C412B46327A497542456E394B4255576D69427859304345786D56504D342B724234484833303065474B4B363549467057557775664E636754710D0A4167465535576A39686730625A6C49395A4638757A56386D30584E7654416F51506559396636554841536636395052466735616B67656870454F7041596E685A554A446D4833726F495175640D0A555833356C4D4C6E7A58494561686F4235694F6D4E6152334850534F50666259384A652F2F4D553235755751356745336B2B68706934692B525973574E59312F745432634533314B65367A530D0A5242395831634965794351654E47685149444F583875366E464470766C694E513877676F317A787A45332B61527835354A417765504E6732356557714D7947694232775671304959514B4A760D0A3171785A7A6664424E5432674533314B653676535243395676547A396361345A4E323563364E4F6E54314A754E71585165624D63675A704841454A4865705A7A4C6A6237677734364B447A330D0A3348503258546E4B5147635350577547694A3533663655484153663639505246716C543379706D7462467437374C474853664E72724C47474558306C6B6E4B6B744B753857593541325246510D0A4A6B704A396A52673473534A5A71745874457970473457574C79355447784D396D78422F705163424A2F7230394557446C6A43426D4469557064787A7A7A317451696B7052546C433744534A0D0A5661474B7842776B796345326A3672516954366C4138656256526349514F5A4931436F6978554D7657375973374C7676766862487A6759676C756F316E2B4D53743030426973322B347567560D0A67737339536141316139597369776A7756336F51634B4A5054312F387243564D484F786456494C697857526C637058444271634D5779775772567131436A4E6E7A67787432725378644C656F0D0A356371783255687831336A544849474B497341616F4A4C51496E306339456150486D314662336A46546E6D7834317963364B6251682B423672424579452B69616D327979535A672B66626F350D0A38666F72505167343061656E4C7871306846307978503775752B2B616C7A737637614C4C345655623135672B344941444C4E556D753353496E6B6E73456E314B423434337179345159414D4F0D0A305550794D713942394E53437831612F644F6E534A415257633757596335613153566F4432694B693333545454514D70634A336F307A554D6E656A543152394A61365336662B2B3939797A560D0A4C4B39797873684B5A632F4F48647338326643342F33666666646441585A68532B4C785A6A6B424E4979417664327A31624D4168664F596E516744712B2B65666639372B31795A41617677340D0A6E58565441494C5952665153537044754E3974734D794E367A48762B5367384354765470365973474C5748534D466B2B2F504444734D303232795371386D4B6F33584A355A446E6A345732500D0A6E77433571326B544377703277584A3439656253546A2F474561684842475158317A71424B682F2F476378713535392F666A6A7676504F53577659634B314E627355725A78715939384A64670D0A73506E6D6D3576716E6A5843582B6C4277496B2B505833526F4358737A4E6D707A356B7A4A33546F304D456D635A78337674544E5267334950587633376D324A4F44535275532B2F7559322B0D0A3144336731336345566F3641776C35567959346A43626C445A66377171362B47766E3337426D725A5A326F422B5A314E5154484D66374632514D352B496E6F324650354B44774A4F394F6E700D0A6977597459544B534E33726576486C47394D544A6C6C4F4B566C6C4D436D62383451392F4D4A5739664154597254765270335467654C5071416F4859307A306D637A52757A4D3065505871450D0A6A7A2F2B324E594D6165634142714C6E39324A6E746C546C536845394778422F705163424A2F7230394D5850694A35593145382B2B535438356A652F736431364F636B564D6D6579336E66660D0A665748767666633236554337644C34763536596A7056336B7A5849454B6F6F413878416276634A646D62506B7579665878653637373236326367514576686578713978744D5354362B4F47310D0A4A6D79787852616D756F2F72303163554A4C2B35496542456E394B427745526B392F334646312B454C6C3236684D574C4631744C692B6B35753670485A3045674A686237504A576F3044416F0D0A5A7265632B625254326A33654C4565673467684170694A79536535533335397878686E68326D75764E6546415A72633474723459363067636D614D6B576C747575575634376258584B6F364E0D0A4E364168416B37304B52305253704244456F7965505875472B66506E4A79457335576779524C2F6A6A6A75474B564F6D6842392B2B4D476B2B396A75566F79466F687A5034666477424F6F520D0A415452785134634F4E5A4B584C5A333579386167574B397343627932336E7072533968545475316A735A366E6C712F6A524A2F53336858526F7A4B483648484B4B356648505A4277722B4F500D0A507A356366665856696470654E6E716B42672B6653656E4138575935416947454631353477557875576B666B6E632F634C64624C69623559534A622B4F6B3730706365346F4474493559594E0D0A627165646467724530356554364A45434B474A442F586D533543686342736D652F334555394A636A3441696B4577463865376266666E7662704D7655396F74662F4D4A732B73566152357A6F0D0A30396E333256726C524A2F53766F4C6F5651353235353133446D2B2B2B575A53544B5963616E4D6B396D656666545A3037393764504F3778777565462B672B484878594E667A6B436A6B41360D0A45554246333631624E2F4F386C3963396335727659792F387072546569623470364A58335843663638754B643839314539456A57784C4C506D44476A72436C77323756725A313637613636350D0A70746E626C4E756164327A32376C57626331663667593541325247417A496D6C662F4C4A4A784F7665306E325476526C3734364B3339434A76754A646B4C30426B43736B6A3870386C3131320D0A73527A576B43755456636C7A53746C3048504765654F494A7578654A6531534F6B6E767932635072536F6D2B5839735261426F43614F424F4F756D6B635033313179634A726C68546C4471330D0A474F46314C74453372592F4B6562595466546E527A754E65496E7043374862646464637762646F306B2B676866745276705662664833625959654775752B36793468677457725249346E42560D0A7072595943305565635069686A6F416A6B4163434341522F2F4F4D6677396C6E6E32324F7377674E6373527A47333065514E62496F553730466570496563504B44712F43454453486D48582B0D0A5A344A2B394E46483459676A6A676876766656576B6D4D656B69306D53326E4B475141414941424A52454655305575564632665959704559506E793435625A584E69302B38364A64486A35540D0A6F59486A74335545636B43414F66335151772B462F66666650386C2F775A6F6A6B3241784E484B734136774A735A614168446D6B7A4E356767773173593645557664494979736B34683066770D0A5134714967424E394563484D35314971375369693533394E436B31477950334F4F2B384D6B795A4E4D736D6133396B45464B73436C646F4C6B544D7034394B546A7A7A79534D414A554555770D0A2B4F333737372B33525950766972465135494F58482B73494F414B35493843635A76336F314B6C54556D564F472F70695366532F2B7457766245336768616B41306B6637687A5A77784967520D0A396C6D706342464F754B2F574D452B526D33746646754E494A2F70696F466A414E535452787A6D7255636C44346B79676D544E6E68697575754349383939787A5963574B4654614A654446420D0A5A477372344C624A4B66466D515A4E553134624D69634F6C6168377459334F68327466616A4252546F394355352F427A48514648344F63494D4638584C6C786F6454496759325775692B50710D0A6D34706258416B766473366C6774354242783055426738656242734E686653787276435A59373236585650527A2B39384A2F723838437261305A4136546D354D5147577259674951796F61360D0A2F754B4C4C7A61766479597033324D6268325131575A72616B4C676148524E574B6A56497657584C6C6D485772466C686E58585773513047663071515538344B656B3139526A2F66456168580D0A424A696E72426C6475336131454474703763436A47424B397268486E7A6D644E6B5961532B2F587131537563647470706F58506E7A725A327359346F6C625A48375A52335A4472526C7866760D0A354736713634354B53365450354352322F5959626267685050665655346E7A484D5A4B716B63534C55586B717A6C65766A4863306A6E737058375869626D6B66453163376549357A696235430D0A4138647636776A6B6741447242626B7539746C6E4834756534544E687362794B5966714C745943514E7575475449356147316858694E345A4F584A6B32474F5050657A2B66436642496F66480D0A38454F4B68494154665A47414C4F517954455A4A7930794F42783938304C4C52555538366E69787976744D454C635A457A54514238442F335A4C4953662F76777777386E6461747049784D620D0A736F66306979455246494B586E2B4D494F414B354959417767417239354A4E5074754932796E4E666A4C5744467352716530554473553778787A336B3738502F323232336E5A48396E6E76750D0A61622B356A30397566566A4D6F357A6F69346C6D487464537541733762644A5554703438325352355574334B55532B625A7A766E7856576F3872686C67304D7A5932426C772B5061654E766A0D0A483542704E71437438715231722F74436B66667A4849485349384438784E63486B6F646B495678357668664C6B52597A49746669327248546E52783270596E6B474C7A78687730624667594E0D0A476D526D514666646C33344D784864776F69387633736E64744C4F6D444F33393939386662722F39396A4233376C79624D456A57544A4C596A73376E654949325658554F7355766C466C384C0D0A7958334D6D44486831464E50745A7A326B4C746935764570774A6D4769657878394255614F48356252794248424A6A4C61416B50502F78776D3765783169374853367A794D4E6E6E4F5368320D0A454A59764552704C5366697358657576763736522F6343424138332F78312F6C5138434A766B52597131597A616D2B6C6A315549485A4F43535969547A4B3233336D70452F2B57585835716B0D0A4467457A515851734A43774A6E2F6473424B394E6748374C5254326E53632B78496D306D4C76656E784356714E71523332716E375176427943697957564641692B5032796A6B4264493642510D0A4F71706555763253794A31736D657A7941596D3167665643326A7870462F6C65524B2F736E6679766B4472754958552B4B625770716E664B4B616545746D33624A6B364338735358615A42720D0A2B71743443446A5246772F4C426C64696F454B5543694E52526A6D7079442F3434414E4C54386D4F2B2B7576763035693643466764742F78354968547A7361716532304D704D7258356D4A6C0D0A47344B3467646E79586D4F44353457332F366162626C6F695A5079796A6F416A55476F455549396A656F4E774362456A3141354249422F2F6D6B78696A2F2F5857714F31522B7461484375760D0A5544365A444252447A79626B34494D504E7130686A72383436556B377744724A5A316674463365454F4E455846382F6B616B77415A5A566A38424D326838324D51662F75752B2B4779792B2F0D0A50447A2B2B4F4F6D4875656C3042526449486241303365782B6C3654567572394F41455078364D56574E564C5572384958354F346566506D566B436E545A73324A554C474C2B73494F414B6C0D0A5267414251306D77647439396438764C496331644C76343161504C6B6E42744C38484B793435303152722F46506A373672445465484B7472535644682B534837332F373274356176673566380D0A434A53726F395159316450316E65684C314E734D624B6E50475042383567574A346E5248356A6B6D6F6E6259735A6471484D59577137426974526E586B674D4D3135637158626233786F68650D0A6A3633374B31774770786B4B364569364C784538666C6C487742456F49514B4B573264654833504D4D5A5A64557A627A584D78756E4D65364574766546595972737462765049594568566A6A0D0A7145324131506E636C7A62514E725542452B487070353975386637535245706255454A34367537535476516C366E4A356F6D6F79344D6A32387373765779496333754F5956716D324E47456B0D0A5A55744B3533734E666B3265324345757A6A57647979544F4A486D4678324166592B4B524939756437556F304D5079796A6B415A454942636C61746A374E697874753745784A794C4D3638490D0A576C6B3573396E6F59306C65367852724659546572466B7A327743676A6C644F66446E6E43514B4F4A62454F4E7675646474724A316A6B6E2B75495045436636346D4E71563477543345444B0D0A6B50763535353866706B3664616D70366673654F706F7053636E5354557771546B676E436F476554514C59364A6F366B2B47584C6C6F58466978636E365332354673666E4B736E5452716E390D0A6556663250584A5558336E6C6C556D3753675350583959526341524B69414145793859647952786E33794F50504E4C553537466A62324F336C334F75694A343153696D785265717352356A370D0A634B7A6A6A33554B625344337866776E6B6D6664772F636E646853576A78467436744B6C537A6A6A6A44504D55552F74624B78392F6E767543446A5235343556586B644331496F6E706351730D0A4F2B716E6E33376164726A614B544F676D555253327973394A4C766539645A624C367931316C71686666763259654F4E4E375A4A7339707171396B4534766A505076764D6E50676F585048610D0A61362B46723737364B746B4E353549354C316178535A5647327944353434382F50736D746E3964442B38474F67434F51436752457941674A6D417370645333566552793275374C47796D536F0D0A6C4E64533230756A324C70313637446868687547726266654F6D792B2B656168586274326F565772566B6230684F54696A7954485974354A7748584242526545547A373570454668473058390D0A6350324F485474614D527873392F6B494C4B6B41504F574E634B497655516370354954694D4A646464706E566B35654B6E742F594C63744772306B4677544F42756E667662746E70324346440D0A3868432B5373504B5A71594A783852687434786A337874767647464F6679707A75367048697965375441564D30496B544A3461393974724C5666636C4768642B5755656748416A49627766680D0A41493937484E3451414A5347746A45545832594F44306E69496E63324471784E654D314437744A417371354A4743463653506368417543363636344C4631353459554C30386C74693356504A0D0A5736373375392F394C6878343449486C674B6C7537754645583242584D326C5155636D42524474667163416854527A7579444348784D31786E4250623036582B6B6F326369634E75466A73350D0A417A37546A7159774F3932542B79754E3776767676782F2B2F4F632F5779336F425173574A4F61422B50486B484D683373524F675647564D5744594E6D327979696465624C3342632B476D4F0D0A51426F51454D467158614C6B4E4D5779454153303776432B4D6C75393750474B376C6C333358584439747476627A6E7263646846696F397439764B596C786C5179626834522F4F4952704B450D0A59454F4844673276762F363643524A635730374C636A526D6A5549376350625A5A34663939392F663271703033616F4A77675A435262625367485531744D474A7673426555756763703050670D0A556D3170346B4359714D475236445870354969695931447461324E4155677538597946356473534E4F615277503131507A692F593756475233586262625148695A39496F4A6C386D673968440D0A6E375A724A3032624E7474734D31507A3856316A4F2F344359665054484146486F41774961483141677163752F4E46484878337575656565524E6867375A486D5430566D4E4F663548334A6C0D0A5866763172333864647468684279754F5134456154497138476C7366744835784C54595874416668683252633535787A54766A3030302B54354476534B45714C77446B494F6D65656561625A0D0A374758615A43306A662F2F537055764E6A4F6D76334246776F73386471775A4851724A535055483644487A7355716A6A49566E7953784D76543061712B42584872664F5A515578796D74476A0D0A5278764A797A6256574D49496A6D507979416D504E6A44346D51535943533635354A4977662F353879364D76435635537647724C4D786D6C6C5743337A4B51694443654F41696751486A2F4E0D0A455841454B6F6941374F4E73344346726649516757456E78307536784A7352525071774A2F4D2B36674E532B79793637474D6B6A7863647256787A326D2B3078342B52645847764A6B6956470D0A3075514E2B66337666783975756557574A456B4F61316E73704B64632B4E6A2F523430615A663446796A4F696170387530656333754A7A6F38384D724F5A6F424A386B62636F63634763696F0D0A70533639394E4C7732474F504A545A343759446A6342564E4774546C662F72546E38776D6E302F734F73514D7366504F524D4870526836756244696D544A6C6953586D6D54352B6554434A6C0D0A73614C6438672B515459304E43563676463131306B576B424774746F464169626E2B59494F414A6C514942357A5A786D545945554833333055534E7345616F322F534A7353656849336177500D0A4342333737727476364E32377436317272444D535446686E476C736670504C6E574358666B525942552B5A525278316C6767692F7364374552452B62575A395930366838687870666F58644B0D0A3071506F6F7A4A4157524F33634B497673427452675373556A6C30717532625555556A6D704C586C6436547365434978304258326F6D7852787831336E4F32323254677777446B477878556D0D0A774B7065387443584A363132346B77775455496B657877424D52396F73364866342B7859497634373772676A4848484545596E44546F48512B476D4F67434E51595152453941674472446D510D0A36726262626D747A57794632724455514F432B4639364A64374E2B2F66786738654C423530555038456843557A6A755848427663453555395A4B30494A4D675A4453507233486E6E6E5265490D0A3731632B6B4E67556F4F5264456F7836394F6868612B52575732316C6D786261334A687073384C77702B373254765146646F6D63385251487A7A73322B617576766A717866635770493057770D0A3873626E66357A65634B426A63716B716E4D4A695A425A5957664E55493136375A4358486B4C314E68584877784565794A375250366E367035755842543575596B45382B2B615446733349740D0A6E3067464467772F7A52464941514A4B6D434E706D76554B472F73373737786A446E444D62363064637172444C6A356B794A4377333337376D536539484830564A5353684A5A6531675875770D0A7155416249436D6374556B4F64624E6E7A7A594E413955373562674862424B41574B4E6B7336656448457434486C372F636B5A4F416378563077516E2B674B376967464C41707446697859460D0A4B6A4B68716A2F787842504E4668564C3258453871707A776C4367433652393746526F426C5944567847797357534A725451784957366F316946714F6545775346644442497839746758626F0D0A32706E5452687A786E6E333232624447476D757331424F3373546235373436414935414F424F4955334B77567243736B7A534638566D703765624D6A595866723173314B794A4958583938720D0A76345A796663684A4636476B4D544F6A696E6A4A473138434475686F3430444D50467045435358384A6D6C65363659304457676D734E655451592B31747A46424B4232396B4A35574F4E45580D0A324265794B636B4A44716D5A67536876565958524B5952452F38765A6A6F7053654B44697853706E46456862565A77615534394A316156774676327645447855626B774932627049734D4F6B0D0A6D6A7835736F573578424F51652B4A3067386C42356F5A63647530465175656E4F514B4F51496B5259453242484C4854732F61774871417152325775576871734852774475574E43684F77350D0A6C72564261354745466F6758456F62414552595154466231697464484E67697369367846456E496763444C6C45554B6E367033796534704E6E724857346442444477303333585354682F34570D0A4D486163364173416A564D59674B696D474D443845517143326C357170546A7A6E473468757A7554384B717272724B5965535942752B4E59646339787370327472486E4B70612B77506F356A0D0A456E4A2F54537975676153765355724E6539547A62373735706A6E6E6F483367766977435A3531316C6D576C3073616B4D576562416D487A307877425236414D434444765756666B724D73610D0A52636776613437796561434A6844797878322B3030555A4A754A733833476D6D31674F744D3677376372426231575045784D353670413245316B575A45626B2F7454556B75657564613074310D0A4C3830436D344C783438666262584F70774663476D4B766D466B3730425861564271484337493439396C6762684C45336132617371584A48592F2F435153354F46536C37755278514770506F0D0A473275324A6F63636232695864754F512B2F50505078396D7A5A706C4959424D51684C376F4C356E6F75457751397638355167344174574A5147776D6C4C3062657A6778385A67623131392F0D0A666250483433774C34537474746F5352556D76305A506F6B7A413574676A5368325A4A363052625752584B4E50506663632B3473584D4351644B49764144524F4561484C56733645495161640D0A377A584A34717854477177514F447454314F695A48764D4B475A477A5449464E73394F30555A413350684F462B7A48424E4D6C5135784D70674761433842567452506A6634315362677236660D0A36776855486F45344A77665350555777434A6B6A4A53366C595A487569525A695057432B73325A49636938313053736B47502B68335862624C5A447353776E415971326F7776526F443937330D0A61435555476C7835684B756E4255373042665A564850664A4144336767414E4D4C5336697A77786A693233763438614E737978344448625A304A686F6358576F7071724F46594969573575630D0A396D6972315036306B58744B66592F7454546E316D33722F416D483130787742523641494343696C724878326C4334627A52303238464E5050545678614A5064584F664549627046614572570D0A5338676B67484444326B6E654431356156325056764C5354314B784845796D66706C4B317252617636305266594B394B576F635132574753594F4C565631394E4A48312B6C776370742B417A0D0A673565536A75784B555A507A502B664B51315953665448735430724C4B3375624A6844336B6971507A5943535579696D566B35386A635878467769626E2B59494F414A6C516B4243423273420D0A6177747A6D337A334F4E49524D6354384A2F774E346B654C5238534E4E4A534E70626874366950514E67514C30765065654F4F4E34615354546A49424A46746376623772314B6C546B684F6B0D0A71666576742F4F6436417673635530494A4856733273536F7A706B7A4A334665345865524B4C66674F4D675744316671513073394C2B655575426E61575266594E44744E4B69394E647557340D0A312F315550593846514D64796E6D786C6A615734624572622F4678487742456F4C514B73507849636C4E4D65776C532B44576E316149573066507A4F583259396A464B306C4C61687A6354720D0A6E777163724A2B59466D4C6853506456505937662F4F593334635558583077696B307252726C713970684E3967543272454251474A766E6C79547246514A5654585362525135784D496E4C510D0A7333736C64683679566261386D496A6A6D4E4D436D3265624371523578637A4C497A387A4843386D2B546768526A4730436F57323363397A4242794270694567653776574161346D6C6264430D0A3731674C4D4E7442756E7A484F646A736B62524C6E574A5779584D55486443725679384C7438744739424B59534F674430614F5A4B4C58476F576E6F702B39734A2F6F432B34534A775752670D0A74776E426B35365243534C43567067624F3269702B526D67324A69496F55646C4C3949564755744C55417848474D58744B7A7041524D3845557A496432694F6E766669643735336F437877590D0A66706F6A6B414945596D64632B66366F506F5A53624575724B484F6568425164583872486B4961544E4C6C734C716975642F6664643973743555536F2B374D657353484233506E535379395A0D0A3854416E2B76783678346B2B503779536F35574A4472496E62415731456E597554526F524C63654A794B6E47784935556E764263544B5165652B6A48337866597641617165796146694675620D0A43366E75654A646A445066694F4862565070454B52643750637751716A30413870785568784679484E45576B57734F6B3575636441515231656C504465787444674461784669316676747A730D0A394E64646431303437625454476D544A307A566B6F393967677730434B62334C735246707250335639727354665945394A694C6E6E584156565066596E43524278356456536B6B714E7431380D0A3838305753744A5943736B436D2B576E4F514B4F67434F516567533075574174624E4F6D6A615866377465766E3230304A4F68492B464849337A727272474D6C7750325650774A4F39506C6A0D0A5A6D666B5176514B572B46344E6741557653476664446C735941552B6C702F6D434467436A6B444A4555426A674E6D547452427666347263554863654D3667546666486864364976454E4E630D0A6942354A6E74306F716A4B79547A337878424D4239543332386D4C593451747375702F6D434467436A6B42464557414E4A4D7950745245684347306F53627551324F4E634A4454534A66716D0D0A6435555466594559356B4C30717244455943625A777A505050474D456E79326B7273426D2B476D4F67435067434651644173714D787A714B756835544A7148483542695271644E56393858720D0A566966364172484D68656956585934644B666D6372376E6D476E4D2B77646E4E4A666F4367666654484146486F4F6F52554F6C63316C456C367A6E6B6B4550435066666359383532697631330D0A69623434586531455879434F7552433934744B78515646656363434141556E742B5577762B774B6234616335416F364149314231434D51707553463131736A68773465624D4B5279754337520D0A463639626E65674C784C49786F68664A38373732326D754861644F6D4A56576943462F4A6A42557473426C2B6D695067434467435659654145754D513238386153577A38364E476A773455580D0A586D684F656E482B456266524E3731376E656962674B484948452F52627432365754793963736F724668305656662F2B2F634F4543524D733651506E71474A5545323774707A6F436A6F416A0D0A554C5549494E486A65512B6873326179586C35373762565756553831365358313679484A6A456339455A586572747148723044446E65674C424632656F6279543678365055556F75366855580D0A6861486D4D76596E736B41706D35377150786434657A2F4E45584145484947715259426B505241356D6B32494738666C323236377A645433716B6B503461763648752F556F332F71716164730D0A672B44564E665072656966362F50424B6A6C61324B6436523150455966663331317876387A6D436B53745430366450447575757561395769564D584F6266514641752B6E4F514B4F514E556A0D0A77506F58457A33723476585858322F6C63365857682F43566F5A4F4E415858724833373459536636416E726669623441304468464B6E7265325A586961456432702F6A46623631627477367A0D0A5A7332794E49394938616F4C586542742F54524877424677424B6F6541535554517A70584162444C4C7273736A426F31796F67656F5568313642476D4F4737677749486D6C592B36763952460D0A64366F6534497748634B49767345655676313444397644444477385050504241736748515A636B746A58322B62392B2B79654174526E573641707674707A6B436A6F416A554845453547416E0D0A6F696435447335345938614D4D52733952492F457231533543464E446867774A3438614E53396252696A3945465458416962344A6E535731456C4C36435365635943463055756E72736D77450D0A794848506236696656412F6171384D314158672F31524677424B6F616755794A48712F376B534E4868737376763979496E6E565361366D63383744663837744B363159314147567576424E390D0A45774348364C45314D556A5050504E4D717A57766F6A5961704E695A327264764835352B2B6D6C54342F736762514C6766716F6A34416A5542414B736D394A734976515169595377644D4D4E0D0A4E356861486B6B2F6A6D43432B4D38363636787777515558574835385A5232744354444B3842424F3941574372444B516B44317838656566663736706E6A5249745174464A635778715058780D0A476F336A36777538745A2F6D434467436A6B425649774335783052507770776A6A7A77793348373737596B6B4C36496E726835565069522F39746C6E572F53534533312B336539456E7839650D0A79644771356179637A5866666662634E564E576A682B424A3759694E48696E2B78424E50444A6465656D6D4451567A67726630305238415263415371476F485952672B4A72373736366D47500D0A506661776569437844784E6B44366D7A7274353434343168364E4368566741485163706675535067524A38375667324F564A6C46465751676B5150684836695965474733682B436C79752F510D0A6F594F7037396D35346E307679623741322F74706A6F416A344168554C514B514E3273676179464544334633374E67787A4A6B7A4A31485A5337305032664D376F585755736F586F58614C500D0A722B7564365050444B7A6C613371434B6A5A383764323759595963645449726E4E32562B5572776F3866546A78342B3367636F7876694D744548672F7A524677424B6F6541645A46794270370D0A4F3276683071564C4C62766F6F6B574C374E6E6B347954506577536E463135344957797A7A545A4A4E7232714236474D442B4245587944597368386877544E67735274313739376442716F710D0A4C346E736C666A686C464E4F435750486A6A576939783170676344376159364149314431434C4247596E7466746D785A614E6D797061573233585050505730644664487248653170382B624E0D0A77357476766D6B4F7A61793948725755337842776F733850722B526F5A58575364796937306A35392B6F5458586E764E69463432664958673855354E2B696566664E4947754C347638505A2B0D0A6D695067434467435659734136795A534F70493835493054337242687778496843544A5855687A57303030323253544D6E446E54766C4D5A323670392B416F3033496D2B514E435672516B560D0A6C4D6F73556E502B6A6A76754D4D63526251435133475754787A73664F2F3232323236623250494C764C326635676734416F354131534C41476F6E413838303333356A66456A48306C4B69560D0A4D7A5076796E5850576F722F30364F50506D70724C642F7A6E6239795238434A506E65734768777039524537544F784D714A6175754F494B4737424B3359685572377A4E4B6F4A44724433350D0A6E4C326F545948412B326D4F67434E5145776767424F484D7A4871357A7A3737684B6C54707872526132336C64395A51766B4F4975757171712B782F6D553172416F517950595154665946410D0A7179674E524C35382B5849725876505151772B462F6662627A2B7A76454C75794F796E6D6E6C767476666665466C50764C30664145584145366855424F536C443345516E646537634F5378590D0A73434170515375485A7232546F77514269553042557231484C65553363707A6F38384D724F566F68496169664B464E4C646A7843517869775574564C7A615342796142655A3531315448322F0D0A2F7672723238365559786D386354596F426A652F2B6373526341516367567045514B5A50315042552F5551316A33537674552B535065384955305173396576587A333758756C714C754A54710D0A6D5A7A6F433053575853676B4C2F575437456E62626264642B4F696A6A2B7971736B4F784B5642324A357A3462723331316E44595959655A78432F31767452566B7636643641767347442F4E0D0A45584145556F384136794452523268434D586D6566767270746C356D65744F7A447049653936575858724A5534767A75524A392F397A725235342B5A6E63484F6B6C327070484B2B497876650D0A45556363596155555264694B4231576D5049346A75394E747439316D487163343648454D6D774535376E6B4A786749377855397A42427942716B434139524D4A6E7655506F656376662F6D4C0D0A745674454C304748397730333344444D6D4448446843582B334C38702F7935326F7338664D7A744469527A6B4A637267593364363762585868704E5050746B3241724C6A61785041447059580D0A4F315069526E6E686359706B7A7838714B716E3533515A56594D66346159364149354236425043615A3433372F505050772B363737323732656132707352444635373332327376386E3943690D0A496A424A665A2F36683078524135336F432B774D53656F695A415968704533324A67596D2F387337564447686B446A534F674E36797051706C6B6D502F3748784938337A5064646A707776700D0A2B3873526341516367567045414C496D6A703461496363636334784A3661794230704171787A336634346A33687A2F387762536572492F53664E59694C7156364A69663641704756616837620D0A504A3831554D6D4D523345473750514B73354E6B7A7A744662686977703531326D6C57385930436A776B6362774F4358467A2F482B6373526341516367567045514F624A5934383931687A740D0A6C47434D37316B666562455749766B6A7A6666753364734549595167704871454A6E2F6C6A6F4154666535594E54685371696646796373706A33643271424D6E546D7977512B566B647150790D0A727363372F3737373767747432375A4E6B6B62494D59386B457469692F4F55494F414B4F514330697750723279536566684C35392B345A35382B615A6F4B54694E556F727A6E4D6A4147486D0D0A4A45384A476743496E6E4D394257352B6F384B4A506A2B386B714E6A6F69632F4D327037386A6133614E4843456A7467703166596E48616F2F4B384269684D4B446967373762535471666E520D0A4444445132625879767A766B4664677866706F6A3441696B486746496D3270304278393873456E7461444E5A473158746B33426C664A6F366465706B4876636377356F6F63326A732F3554360D0A683031424135336F432B7745785873794D4E6D42716977744B76665A733265486E6A31374A67537530725753356E584C733834364B34775A4D38596B6574525253694B68464C6F464E7331500D0A63775163415565673467676F6978336B4446477A567249477372377866754B4A4A345A783438625A3937773458723550436B632B345951547A4D455A306C6534737066357A7239726E656A7A0D0A7879796E4D3362636355644C424247544F344E59785841592F46323664416C505050474544574132436C4C7661324C6B64434D2F79424677424279426C4347674769444B456F72576B3368340D0A6853535458477A66666665314A474D6349357537777570594A2F6D373838343777344548486D68457A7A45495241684F7276484D72384F64365050444B2B656A4C373734346E44424252636B0D0A71716A4D65486F474E2B702B375052492F3347365848612F587359325A366A39514566414555675A417370524479477A39696B35446A5A32744A3655362B615069434E4A37336F457A6D48390D0A573275747463496A6A7A77537474787953394F4F59674A46705939454C79314179683437746331786F69395231377A373772756856363965356A77695652573756595750714149543376634D0D0A65416176456B46412B75353158364B4F38637336416F354179524751476C377645446472336F6F564B3077794A353074535843553470613154335A332B53745236495A716F476737325368770D0A4C645A465639336E3333314F39506C6A6C744D5A32504233325755583878675677624E7A5A57664B626C53356E4845326565797878304C4C6C693174643873675A2B63715658354F4E2F4F440D0A484146487742464947514A4B4A676178347A305055614F744A496649344D474472656F6E4C366E7A5A62495530574F62502B716F6F2B77384E67697369584C5753396D6A707234355476516C0D0A366949474B7956707A7A3737624C4D6E4B553655515239376C6E4A376B6B5A6772314A596E527858537451307636776A34416734416956486748554D636B6141776259756253626B50576E530D0A7041615A5132584C6C317165346C2F344C3148386978635A4766366D4141416741456C4551565245762F72717135743350692F3375732B762B357A6F38384D7235364D5A3142392B2B4B47560D0A7056323865484653567A6E656B574B6A6839775A2B4E646363303369646170556B446E667A4139304242774252794246434544492F4548776B74785A3131352B2B65567779434748574368790D0A544E6A384A6B6338684B4A4267775A5A50524145497A59427168624B4E56576E506B57506D2F716D4F4E475871497359754F786F4B646A7734494D504A6A74514F65567857396D62316C31330D0A3354427432725451756E56726338704478632B352F6E4945484146486F426F52674B42566749616B596B6A676D4331504F756B6B3032434B314256534C456C6439655A76756555574B2F34560D0A3135374854732F36796272706D6648794778564F39506E686C665052797456383737333368694F5050444A78744973484F494E576B2B486D6D322B326E53374F653871676C2F504E2F4542480D0A7742467742464B4567484C5A4C316D79785079502B4A2F454E795449515A57764A474B797A794D5979636D755862743234636B6E6E7A533166567A46546D736A5A6C48506A4A64665A7A76520D0A353464587A6B637A454645786F626248652F537474393679632F6C4F57665534526D6B647959392F2B2B323357396C474272796E774D305A616A2F5145584145556F614143467771643935480D0A6A68787058765249375767753561534D564B39316B5130422B652B7676504C4B6C44315264546648696235452F53646E45636963515576317054695873334C6B712F414E71584F5236716C380D0A783654776842416C3668692F72435067434A51634157554F565361385A353939316D7141665058565679614E69396756665553445742394A716F4D576C49526A2F696F65416B373078634F790D0A775A5559744D726B52457A3977494544725969446250664B6D4B6645442F7A667633392F53776D70696E676C6170706631684677424279426B694B41784D3761686B4344625A31774F727A6F0D0A305761794E714B7852425850576F6347552B38344C325044397A4C64786530654A2F726934746E6761694A3633716D70664F6D6C6C796271657A6D5479494F55304248555866666363342F460D0A3379732F66676D6235356432424277425236416B43436A3546366249752B363679357A77574E506B584D6536782F39343561754946787344744A716B764855626648473778596D2B7548676D0D0A56304D6C70646835647174767650464732472B2F2F634C43685175546D76536F74365336567A4B6449554F4757505537543446626F6F3778797A6F436A6B444A455A424B2F6F7376766A41480D0A5041703979533750756864724C525666333731376436766F695665396D79364C3230564F394D58463832645855336C4664726A5936516B625552356F655A6B794B6553515174316C346B644A0D0A6E2B737652384152634153714551476B63377A7272372F2B657176354964573873755770706A7753506D70362F6A674F795A2F6B4F427A76722B4968344552665043776258416B31504838340D0A316A486F735566393961392F4E5476383535392F6E746A7146566650726C597870416364644A42353450764C4558414548494671524144697869592F597353494D4866755846734C2B564E2B0D0A454555626352786B333631624E37504E743272564B696E58585933506E6459324F3947587147655577516D7048514A66766E7935705844382F65392F48363634346F6F6B767A50485363326C0D0A6D4E453131317A544A4839733962793442756F73315866574E557655644C2B73492B41494F414B72524144436871526C6E70546D55706E73554E6E2F376E652F43354D6E5437623144516D640D0A3378534E704C5467536F324C44394D7070357869306A7A6665634B77346735414A2F726934706C6344544A6D496A42674765545559385978686253346878392B754E6D73474F7853337973630D0A5262476C4F2B2B3873336E676B7A7843395A665A45544F784F4A62502F6E4945484146486F4A49494B4871496459733143544C6E38782F2F2B45647A506C5A564F6C5431654E2F484C395A480D0A316A4B306E4A54314A6B454F6A6E6E344A336B752B2B4C3271684E396366464D726759684D37676836646A446C4D474F5770376472716F31536130567033576B37764C773463504E6273566B0D0A6B526571315074656A376C454865655864515163675559525150564F766E7271645743575A43315466507A557156504443536563594B5A4B5A6248544A6F414C63797A7246392B522F6874500D0A65787A786C42396664767447472B4548354979414533334F554F563349494F5A4853734648526A737975584D64307741764F744A43636B6D674945746D35574948505556476F41373737777A0D0A374C5454546E5964315064634637752F78356E6D3178392B74435067434251504164596843423568687256495A57546E7A5A73587A6A7A7A7A50446F6F34386D3657756C675A54576B6C5A410D0A394B78396D444B78342F4E696F794362765173797865737232317A392B4F4F50667976754A66317132725643326B6A77544159474C757037534A38425468674A4135786473527A79494879380D0A37766B4F69523631507A74644B7474687479646E744478535A63393374423042523841524B44634372465779757973554467486B33485050446550486A7A65664A4658716C4A6B526F6F2B720D0A642B4A3050486273574676582B4237744A305450327561712B2B4C3271424E39636646736F4C70586F51596B636367646B6F61386363726A4D354D43457564334E67514D63435235665759690D0A4D556D495178307A5A6F787441715465636874396954724F4C2B73494F414B4E4973413642436B6A3162504F496378676B6A7A72724C4E73625650434C776862676F7A574C4C3772324C466A0D0A754F6D6D6D304B6E54703053427A77324436727A345554666142666B645941546656357735583477413159316C69463532656E5A396170774453703848505065652B3839472B42797A704E480D0A4B6F4F647A3277454C727A77517373595253356F5639336E3367392B704350674342516641646E6B7057352F383830337252674E7A735A4B466961795A7532544E4D383668395064656565640D0A5A77494D3678767247527344424342693736584E4C483672362F654B5476516C366E75466D34693835553350397841334E6E634966384B454365486B6B30384F33337A7A6A65324B6D5244730D0A6247585855766A4B78687476484D342B2B2B7777594D43414A4A7465695A72756C33554548414648594A5549734B34687555504B632B624D4365656363303534364B4748624731696A59736C0D0A637253556B4C6D4B6570312B2B756E6D614B796339366F4C4972572B6F7057384334714867424E393862427363435770724642584B635345675377706E5863494853496E5978375A384B51460D0A344631782B4C4B464D586C51637A4768647474744E37755848507A6B326371786D69796551724A4548657558645154714141456B624757763037716C314C58535072496D6666333131785A470D0A782F6F6C6E36524D47377579347645377862307575655353735062616179654F796C7866536357512F743147582F7742356B52666645787A75694A457A325269527A782F2F6E7A7A507030300D0A61564B53343135566E725268554867643866576B69657A6274323853757166617A307841624762736F50336C434467436A6B4368434567716833695676304E615359585273583542387464650D0A653231697179634F506E6134342F367363576777576275496C2B2F53705973583753713059776F387A346D2B514F436165686F54677041364A5A71594E5774574F5048454538503737372B660D0A324C6779765653354A32722F726262614B6F77614E636F6B65356B424A4E557A51626D755A355A7161672F352B5935412F53496752324C5745707944495875566E46584675516365654D42730D0A375973574C544A70586C377A72443053544E414B384E756D6D3235714A452B6F4D477356416F6D2F796F654145333335734735774A366E6B6B64696C75714A454C61723542517357324863710D0A3653696E5070562B35454A3472574C6E497173556B306C326654594F6B482B63664B64436A2B69336451516367537047514370336D52516C504C432B45454A33325757586D583065715439320D0A454E593678626F4679524D2B642F6E6C6C317631546A594438734B76596D697172756C4F394258714D69594845304970636B584D54416A735852532B595165746C4A424D4F7157516C47714D0D0A58544B652B507A68724B64644D6A7475722B64636F593731327A6F434E594341737450463733786D6A55483753464B636A7A2F2B4F48473655386C74706574472B494438796639424674446A0D0A6A6A764F316A4D562B664938494F55644A45373035635537755A7455585370504B31552B7A69326B684753337247705062416A59474969387065376E663068396A7A333273496E55745774580D0A4F30354F656856364E4C2B74492B414956446B43434257734C6372634B65486934596366747477664C372F38736D6B53575A766B504B6659656857383452774B3166416E54535058565947750D0A4B6F656F7170727652462B68376C4A784769584C555170632F6C2B34634B48746D4B644D6D5749716543616237475130563835336357704A4D756764633877785A72636E31743454366C536F0D0A592F32326A6B414E494B44694E4B773955746D2F384D494C6C7268722B765470535969762F496955336C6235516C6A50446A3330554C506845782F505378734361544672414B61716551516E0D0A2B677031465553504E4B39536A7872384B763777775163665741556F596C505A476150796967766279414F576179686D6E30515568783132574343314A4D55692F4F55494F414B4F514345490D0A734B346F5378336E502F504D4D325A6E7032414E326B676C757048676F564C62656A2F6B6B454D73533935474732316B516F7238686D534F78425470722F4968344552665071782F647163340D0A637854684A34536838454B4E7A777448463545395A4B376139667A476A706C64743068655353665757322B39304B64504877764232325354545779444949395A4F6379342F6236436E5A376A0D0A726255526C43536B616C2F387A3769526555594C7134365437564F787A31784831314C564D475531797A776E76713463514C5768564F706C6A704544716471673633493933632F7A4F4F54590D0A3052553654414A464844346E54534672436D7351716E76362B716D6E6E677058586E6D6C716573312F7568662B6C396C74766D652F31486E3737585858685975544853516174444C52426C720D0A4953763036485635577966366C4859375469307374694A37516C6D594A424338794676457A3346536F636D574E6E6A775943735643646E7A6B764D66453951545571533030364E6D736567710D0A6C616A556F76526474704C47576E7A6A70314B74377A6A55695837584E624A465A63545A7A44536D346E456C4B552F5646754F3643397149694F69392B6C6936783567533145446D39434E720D0A436D734C4C395965626672514B463533335858686A5466654D4B46434E6E736B637361546B6F47703668795A4F3838343477776A65582B6C4277456E2B76543052594F577343444C347836790D0A5232334770464D325052574E304949737155725A3864685A37376E6E6E6C5934422F555A45316E787232674F346C43396C454A513138324B54544F537943463568574C47457230494F76354F0D0A50686F723832376D2B31684B42327874496E686E374D6E7055393972385A6445727732473269714A6B5038396A304F3668792F394930306661774872696152372B6D2F7834735542787A734B0D0A7A3544626733476E506F307A35616D4F422B744F723136394C447934632B664F37684363737535336F6B395A6836673554454C6C68346130502F3330307A4275334C6841725032534A5574730D0A596B7039706F566537374B685152424939694E486A67796F39435764735276585269476C6A2B2F4E2B6B6B564B7457384A4761524D7849554C7A6C3153715575597464354975744D5142584C0D0A484A4F39434A74337868376A534A4B357A44324B6A5A5A47494E344D79435367746E676E706863424E6E4A72724C47476A522F366A62413550724D325547794C454E2F4A6B796562593741320D0A686570667870356936786C486A4A4E753362705A4C593574743930323052716C392B6E727232564F39436E7438356A6F7057346E39493436396B7A4364393535783152744C4E516966616C360D0A575977565A7363375661556F6E4E4F69525176626C53505A65304B646C485A383143795A5A69544A69396931494D6571665332346B75536C737564646E324E37766D6F707347677A526A4A740D0A2B6E777643563662695A6A55566279453337696E6370524C4F7452474A50306F3132634C3551677347376F53654833303055646D6A332F7777516474585A454E6E67324148494A5658564D680D0A76783036644C4277344F32333339343243314C7831796579365878714A2F7030396B745335434632656D4548766D7A5A4D764F414A5A306B4A53475A67464B7A4B7251464431652B347A65300D0A41537936324F75786E63555A2B564C36364E36736E7952315366474B724A416A6B2F77777043706E63663375752B3973624B42797064546E6C31392B615173314873383465724A49782B70300D0A7868586A673746434F435A6A697A416F7A447038763845474739686E4B697A79346C77742B707A4C4A705072633131656A443252763861596432523645596A446278557A7A3769353449494C0D0A544A435157515A4A6E2F57444D636561496B3251317155747474676958485452525A62485073373134654739366570374A2F70303955665347686231754C434E764B446C32557035573272550D0A6F326154445663684C4571307737457331457A5774645A61797A5948784C5975583737634E67442B5369384373546B6D6470495475574F2B6F523952726336624E38384B4935467A2F4B75760D0A766A4A79682B675A503541786634726134496B6C2F664F5A635156704D3034676539345A47315158493356702B2F6274777A72727247506A68392F3559357778706A4C742F354C34562B59580D0A6B4636303636396C624E6F67384E684D67384D764A5752463647776549573974394B5379562F2B536A5A506A427730615A4D646F49386735385A6974503354543938524F394F6E726B3251330D0A6A5752466E5870327A794A737156785A614F2B36367934722B6369694C6963744F664846746C563579714A696F3970556A783439504B464F537674647A574B686C486C46456855534F3171630D0A547A37354A4C7A2B2B7574574970534E486E385176357A784A473178725A683074666A4B35717037795462502F33456B422F636C68576E62746D31446D7A5A744C446344697A756B542F726C0D0A35733262322B2B366E714A425044746A7967665854383254337758727A4C527030384C353535397634306F78386E4B3631446855576C742B5A2F4E48434E3042427878676D30675636464B430D0A4C796636644930424A2F703039556653476933574B6C616A3042646C7947505373516D34346F6F724C4E6165333148524B734F654A44634958784D565361356E7A35376868687475734156620D0A425361596C4370674563665870685361716D68573741516E6A59733258334B414578464C4A532F564A2F31492F33493855744A6E6E333057336E72727254427A356B7A7A674B594F417262550D0A6C556E3936767473524A397441633732586478572F63375967746952366E47367773467A36363233747248454A6F4132793239414A434656622B77634B4532436349684E45746F304F4645300D0A625A6A4C334B4E4B6C6B702B492B6337766C2B78596F5864424A5539706A3369356346666A72714B746F444959334E52363961744C654D644E545A69375935533473626A72326C50345763580D0A4377456E2B6D49685765627269425251325134644F6A53382F666262696164306249764637737045567667643779545447543136644F4B314C304C514E56567573737950564E4F336B2B6C460D0A7A6B707973465334704F4B532B56324A6B4A4463583376747455447155654B594958796C4A7131302B42726A694C4856726C30377939585171564D6E7136694970492F4B6E2B654A74514E300D0A626D61596F4C7934525352532B617071593030506942492F484E6944493573792B576A5158384A614777486D4F76586B723772714B765078454B477265664C333066646F635844734A5A4C480D0A5839574467424E393966525667356247366C6473613541334E6A572B6C2F54454F34355732726B72325137323137466A78317171334C67754E4D3558324F636B6A5655704E4B6C6F4E744B510D0A564B4F536A4F4A514F424539433639433256435630782F59334A3938386B6D54346C393939565754344F6C586C534E4F51773645574E3350654948637964654170492B455439317870482B2B0D0A6C2B6B6F4C71557336562B686550496855506965532F524E47386243465A785A462F69662B6131346564375A6A44332B2B4F4E687849675259656E53705462334E636269794135744374676F0D0A344F4F446B43416E7A6161313073387546774A4F394F564375736A33596365754E4B4E4D354D4D50507A77382F66545439703279366A465A35516E4E375A555167305556657A3156387368670D0A42626D77434569616A426678496A653762693448686D4176573375736E6F3556316B70687A475941516B6439536A2B2B2B4F4B4C69534D642F53496644456E4673736458436C435A4A6853430D0A703359776A70414343625669624745715172336672466D7A4A4432757445764B2B4B644E6B61524E61514D7139577931636C2B5276527A76354C3844766F776E4E7054446867304C4D32624D0D0A4D4F6B2F44754F4D6F334E6B326F506B6B65545234766972756842776F712B752F6D7251576959734A4D2F752B76373737772B6E6E6E71713763796C4D68555A634A77496838394B55306F420D0A484F7A3163567973596D417272527175346D3678706F4E336E4A52477843384A58686B4E365138575664547A6B795A4E4373382F2F3778357A737544576572744F4F71433631656136444E560D0A764E4A51304337474635744B4A4542552B616A30652F66756265703948506E41425855797A366177504E6E32656262596D6244617830476C3271384E6D445A50614976344C4E496D5967506E0D0A4F354A77305A6478576D324E572F704831545633334846484B302B37355A5A6257743935555A704B39577868393357694C7779336970386C71516553304E3852527878687057316C56354D610D0A6E324E5A504A486370524A6C6755564E52387A737749454462634F414E4D5978326778552F4347727541457137796C70484E776862306E323072546752662F4545303959656D50384C4B53700D0A5557676C6932377379425937386C5553486F30743271424E6A44596C504C4F714D69715544384A487574396C6C3133435A7074746C6D5271354877396F35347A5472646179576573356E754C0D0A3442576C49374D4A6378796349586A5331654C634B7A3852616631694C337474334444312F666133763032694F43713930617A6D76716C453235336F4B344636456536705446566B75554F4B0D0A527A564B38516D6B2B6A694A546B7A736D7252616D466C676B624B75762F3536553750794F784E664B58534C304D79367655536D616C754C4A7873412B6764484F31536D39393537723155460D0A6B3451726536695335635271376253424754743461674F693853594E684459304541386B412B486A7649642F434E49683376704B78734D475652745354376A53744E356D55366C494861366B0D0A5341342B342F7478334848486859382F2F6A6A5A2B4774384B6D7048766849794C54337979434F6D6C574639774F386E39753170576B763937484967344552664470524C63412B6C4E5555710D0A5A384656474261466250444F6C756F755674744C4A5A65704E6D62536A786B7A7869597745316E7054307651374C71354A483453386E7367366F462B6773674969535245446B304B4876554B0D0A6B355048756579716D6648766D524A55705A33564648346E6156792B412B726732436C55556A2F76656A37552B65524870365179446E78346830744C7062533664544E5953764367594D69590D0A302B6165395948784F4866755849742F7830794579552F68756A4B64794779696A53726E49305377476355327A3769574932554A6D7532584C4245435476516C417262556C355564586D70530D0A4A69775447644B654F48466945736F556879777079315573665447686959736C613936514955504D51312F70545750506344367A714B75595261574A707454344E6E5A395A61686A777956480D0A4A75456C624E67774B544D644A45596F35474F50505759706A4B644F6E5A7234556F674959326D344D64566F70664658626E775264795A656D6172394F4570457830724333324748486349650D0A652B786878432B7662326B4C744A48516D4A56546F76415244706E747148654E6750776677415837753349796B4A4F655850617973386652446E4755435068716F39436C5378637A4353726A0D0A5A70785A7362463534722B6E4177456E2B6E5430513936743049494877544F70495275636E38615048322B68646B786B53653561444A58325676576D3557584C5A4D665A686C4B34354B376D0D0A6D684154524D55787374767A485A2B312B4F626436426F3649535963705A6746482B5569454735677A7562703257656674594A4572377A796971577131614A615135446B39536879516D52730D0A4D7336513850666464312B7A34572B2B2B655A4A55535A744C4C564A31515972316942496578575476534A53386D70554452307330306D6370774542674C545A654E766E38704B6A4A4149410D0A6D77505747554C77744F6E503552702B54446F51634B4A50527A2F6B3351703233504B495A654C4A6D51376E727235392B34597676766A43694A374A4B512F364F4330754E34776C66477A390D0A704C50457A732B31524670635778577535476D627161624E752F45316349496B56456D65796A68477679674C475A75696439393931365234484F342B2B4F414436777549546356676167434B0D0A67683542524D2F4A6374776A475176706D5866646456636A2F4661745769555249636F6A6F4132557871374950535A35506A76522F3331536651374E7961785A7330774151485750454E43590D0A786F682B6B526F666B69634D6A78646A473379316C6854552B583553325246776F693837354D573549524D4F6D377243597069385445776D344E353737323368576A454A5A6170367058716C0D0A4E564B7A55736232316C74764E627570436C6F6F7A7A716B70633146576A792F69344E6B595664526E444659304163713930712F5150726B6E6B63396639393939356B746E7634523176486D0D0A71374337562F395A696B6F5130624D423467384E434953504B70382F4E45316F716C536855574639306B3746347A6F6D2B336F6E496E6E5A4D79374A654965544C7045646376624D686569560D0A36496B382B4A303764303757436361374E6C725650784C7234776D63364B75306E37556F696E5356645130486D31476A526C6D786D356859346B56514777424A2B767950585A37466C4957560D0A596A6C7873524C6C73346173574852585A7065745569674C616E59636E79774A4365794A5435343965336134383834377730737676575271306A6A64625762386555453372344754596F6D650D0A78346B4A4778494270392F38356A65323664786E6E33314D6E63394C593759786F6F6D644757734172727766675848497868307A4843593559754156325A474C3255696266776F616F5A56430D0A347966693535714E345A3933672F32456B694C67524639536545743363525A474A714E696C35566D6C486579717845627235435A32494F574673554A4D62694F6E47756B667359726C2F4B540D0A5373676A577A304C42524D657162586556614D516A757A46344D542F68437352686B52574F314C594B6A4F65384665656576565A36555A482B712B737344754E59566F734B544D65793368380D0A642B2F655065792F2F2F3457337355476C48456F6F6F6E50313859322F5539662B685A43786D42486441667A6D5242635254506B497332726639686F6B535A583254595A38374C546C2F34700D0A2F4137465173434A766C68495675413654447156685A515850704951396E6B386D4E6E56692B78464F68776E2B37497934696C424359736E7637474C762B6D6D6D774C65304E495979424E660D0A56664C7150544F574A46426C65634E5567724D544A4D386969336F7A546C3072372B62596D617743517959317434773147794C724F465350373051326A4C554E4E397A51375062392B2F65330D0A736131784847757459744B76644652437059475766386A7734634D7468464F62544B305A6A6256504A576E4A61332F7575656332494863764F74515965756E3733596B2B665832535534766B0D0A7255794D4E6A48497847636A6555734633375672563875647A752B38354667545330315339374E41716B7774366D6538784C4750346F52446F524B4635796A7069667742636D706F6A5234450D0A7A766778344E794546453963386E7676765764535069383254556F716B6B6E756B6C6872464A7163486B756B6E4F6B7072336875615A3134563745667869696D70514544426C687468356A6B0D0A6862472B793056717A616D6856586F5154726C6F35624376437A397437484E5233614F355938504B754D5A3067685A5045535656436B6C644E39754A766B71376E77575269596361546437330D0A7972724752443732324750446E2F2F385A314F35715249564F2F482F33393535526B74586C6D64346B36795648314554424B516F4945556943436864516153446F4241454245536C4B4555520D0A555645555159674A524251724B494B46524243514773425170436F67765263524167494B5342476B4748586C48316E58613636543539764D2B57624F6D5A6B7A4D33732F733961734F57646D0D0A742F642B792F33304E32727661767441594D36336B6A794C3669474848464957437A5572462B5559794465683845325A69534D4A71344672725968705737545473725267525645696470596A0D0A32413474487548486241536A76754D756331474454614C2F5377436F6675424F3272652F365266574E772F326D4B545A6D6E6E6A6A54657545476A4E7658637363717A37734B76356D7736700D0A494447703439626E6467364B533079565256442F314B632B565A3132326D6B46342B69713634586B7551647A675066313131396671686B6931424B664D7734374A303536333433692B5A506F0D0A52344836484E7A7A427A2F34516258666676744E61656F532B55784968676D4F3651372F714476684954676749484339535835464D374678436C6F2B7245735146314E5446566C4548336A670D0A6765725555303874424B385744396D596D6142674E4D6E34544D4B7A512F5337374C4A4C74666E6D6D31644C4C4C46456557544C36554A4B39496362374D54434F3272396B394447365A34780D0A37676641654C587933614F50506C7063534A2F37334F66366268363744754B53416B74382F4777356A485576756B3336766B6C6559453451534B4B6645356A6E2F69615937486259595965790D0A414D547461745755656E6B697443494B3642787A7A444556316247346C674636735935324C39636174324E632B5057646D35716F396F4F6C68446271336F44495755544A68372F676767764B0D0A41736778764C514B474B4448496879744A6550573971593844324F5273717A6B33624F464B6B463776474C667859493766453866345A3661644E4D2B5977784242684F37715965306A6331710D0A6D4B38555A65723378535A5A6247584E2B4D614D443235756A4B574C7174393735506C7A673041532F647A67504F64337762524D784379627032676D6458487252654F4D6756426F394654550D0A776D544B424C636D2B5A7733617341334E4367786D6E6652376D4F4F504173715667784D6D47346A43365978366C357A7146702F55387A4441345A376F4A657A4F7074395265446F586E76740D0A56587A34354F48724B724857753634752F7166766D68424D7175574A4F556D62474A39662F764B5879357A76563941455034706E55564C62346B374F42643042412B3351764E6851455569690D0A487971386F37733445782B4E2F724C4C4C70767930666B30376C41317636637A5370396A4948676D504E7455597361442B43626464472F776F666E774269757134615042512B446B775A4D710D0A522F6E6132323637625A35647530784C6C44773039576564676547502B3569653533344F374970487361696464747170576D3231316159697A525865474C4F78774E48776E334A34643442380D0A6D63646132536947633851525278535370373339376935486743385648646462623730533042733379496D426A384E72595635356B41676B305138537A544736466F766151516364564C474A0D0A68655A6F7A63784D5773334F3833746B2F666B63542F454E386E457835376C31355267316431615067734343646D497845445558734876717161644B58666F7A7A7A797A757571717136716E0D0A6E3335364B6E504266475331524734656735534D68356A56512B564A505348676D4962777752763830574C4A737966396A7672736B42522B5A657444524D4933694B326E6D343368515978640D0A6846586D4A69522F354A4648566E66656565645567474F2F477632623376536D6B6B32792B4F4B4C6C304138416E374645546A615870426F44496645664238706958375365717A48353058610D0A4A794C3876653939627A6B6A6D7533357639744346364F6439562B54616F64704550506F7042664D30536F68596269644C7754504C6E506E6E5864654B57484C3374304736376D344951425A0D0A387A73756547727957677436374B6F386242594947474F68753852594373596C62774C4A7474686969354B4B42326D35755973705A70507559326238496141534B3449416A6D734A307265770D0A54626635335133793358626272547275754F504B324464726837384E417078302F4C713176326D2F4A3945337255662F727A314D65694C4371564874626E58383149742F587333667443647A0D0A39706E6B3742332B695539386F6D4C662B774E484C5A3441414341415355524256456C2B7356424A4472514C51596A43496C51422B2B6C5066317053357941484E58574A425749334C316D630D0A2B505161466936615A47776D35646B5673685445484B2B366C5242324E39787777784B6F68356150433472787A33795939424B757442574C45356F384669657447724567566A2F39694358770D0A67414D4F4B4455313476377A2B756B6E586444764235744A5044654A66684A377259646E5A694C6970324D334D4771762B34706D2F4234754D32554B35466A4D64356A384D596C5353332F460D0A465663736B62695976466B4D75445A2F63322F4C354670744431493144333051326B444D6357664256375054657347437833666553323362357A42616D574E597A49686C4F4F656363346F660D0A336F6A6C657335785061677845723159706E2B2B6C31453175474E69466B6B6B666D4D7536463938393654677361736A326A326251635761422F5A723352776468625A36336E2B2F59356A6E0D0A693155727554377A49376F5A334A6A482B67344746694C41594B366E7643336C72766E646F6C6B673232746D6A5259414253577562314763473236346F6351354D4A396A38433374746837480D0A34486F78727A5273424A4C6F68343377434B2F50524B5A77446A76537861496B76533445383374304B756452744954466B35663579684B74515734734574795033793264475863756D7930380D0A6B724342515847525A3846796F586668564F426734554A595957486B65573635355A5A53574167746E69703343696A396D6A356E3236343862334149534D62363853457571727A68656F4C770D0A6F31436D554F67347451695070574F4E386D6473575861366E796456474F596157686663446C7233676934675465613068374C577439392B65366C76386374662F724B6B765448324C5A72460D0A395870314858474F6566457141487A487472612F2F7657762B326C656E6A746D434354526A316D4844504A78574B784F4F4F4745596F4A6A516541567459522B377357315631393939524B4A0D0A7638303232307A74653838696F61754142636655487750596A457A764E34383535717A546A726F6759793537314A706932796B52696E6E2B724C504F4B6962517547634131307569373264300D0A6A503763324E6471705054706131377A6D6D714E4E64596F5261436F446248434369755573654E577735416D63775654754D4A6A314F77564C507364763535667277374939574F684A744D410D0A2B5A36674F4C492F304F545A58393474717255324F475A37646339463464676573387A77662F376E6634362B452F4D4A426F5A41457633416F42792F437A4868495452536A696A32777352570D0A572B68336F634C386966624C516B6B6B5067766E6F6F73754F68583078373351564E5341314451302F66574C6C707674314575635376716138784536634747677162434167675052795653320D0A7730785076594559714B684A746464536F6632324938386644674B6D683061534E716955766C316D6D57564B2F4171314A6E4276735A4754415A6B49665561316D3772484F5A72516A64666F0D0A35386B56674C6D4767612B6D61534A346348394D39507A47357A505050464F64654F4B4A5A5174704B6A4E614345687232577A6E7332516633564A59437968396E612F6D494A42453335792B0D0A6E4B636C2B767A34704849593271742B3748355462794A706F3156516668536933336E6E6E617556563136354C457A633130413246313031454568334542717A6937674C4A51756B666B34310D0A4D6C4F71714558507674726B42684E4E6A396C547A596672634C782B662F32334452306172576957706D6A4E3937707A394574726B6F66774958703278754E7A795357586E496F736A3735370D0A7878626E75626C5450304361347370314A5851455571364E634948327A6A474D55576F356E487A7979645870703539654E7172694651555A33564F786A6B4D7678423846466C31626E49662F0D0A66364F4E4E75716E65586E756D4347515244396D48544B6F78324752516976416C4C3733336E74584A35313030705132507768747465376E52385048464F712B34637375752B77556D5374300D0A734A4478743446372F625A567632725568474A414651735A5A74683737373233464C3235346F6F72437346442B6A4653572B316664774366305258513733506D2B584F50674D4B664A4769670D0A4766314B66327352346E383065545236435A39782F4C725876613438644D77385552443057763230436D4B31626F504661506966373930536D76394A6D304F544A36666477446745614C4E470D0A484D6552744A6B587657772B51377374454D55396152643538387754384D6858637842496F6D394F583837544568636C4A482F7156582F796B35387376377641396474736956357A71435A360D0A434A3579704476757547505A3959722F6F7A2B53767A574C39764D4D30582F7139566E73545075682F575162454A584D776F57356E6F303565486D635770304C6F2F3752515667382B6D6C620D0A6E74732F4176572B4E4A684F416E53585271315466732B2B39356A3043646A444C62584B4B7175556F6A754F5736366A56614366702B796B63544F6D645730524D4D725950663734343675620D0A6237353561673478566E6B724A45547450705A69376B575931343348584E46465162774E6773576B70782F32307A644E5044654A766F6D39576C556C754D784958414A33694A49337655322F0D0A336943614C7446724D6A65666E4541394970733332575354386B6D784862514763394D4E6C7072744D376A664F7773304336384C302B392B3937754B4E376E4676456B547772385A323278770D0A6C6E6E304D584A2F45433646326259707A787363416F37447150476143574B475342546F59726F6335797939394E4A6C7A4C4A52446C766851766A456F4842644379623138375457322B645A0D0A4548784A3932517550662F38383958393939396667753475757569695567736A456E46386471304E61764D786C62515830373350372F6E4D6B634D5050377A3435334D65394E4F37343364750D0A4576333439636C416E67677A4F655A304667366B66794B4E3866757871476A324738694E61686468495454433374334633766A474E356163584B71567262545353745672582F7661656261360D0A5A4648534C3635576F346D31552F7163743477706470413543795356776A44506F3856546F3574724735766734745770524B326D336E465A344F71756B51697A474557744C635970784143300D0A667670596C3462574577556A72686E3977585533782F7965765A2F6E6D636D352B756931344568386A732F3674657045622F7367594D7A347A4238735652412B34356339483378702F6C616F0D0A7141653469552B30517647644B6143364176432F457A384377564F3443627A56334B4E7033726C5278313368575776652F50434B4566646978664E6752586A6232393757393659344D2B6D720D0A504862344343545244782F6A6B647A424C537770426B4E464D435976706D7A3830334F78454C766F53446F49485251757751384B34574E68514D4E6E4959325277784B746936616D797568370D0A6479474479423935354A4769395743316F483155742B5037614E6F635351663065644E36483858414D42666D4F74477278665A4339424650483755545953736B6355776B2B6B35523756356E0D0A4C735A586E2F44326448714D6871644E61506C59716E424A516670736B597472796732514C442B4C494B6E316742735A3878485435766765515A6A76454D5A7675756D6D556E6235326D75760D0A4C574E3432414A6E4845384B35757754514D6C6E64762F727866546645346835304667676B45512F467430772B4964676F6242554B396F48753839524F4363474967332B7276392F5258326B0D0A52697572426649736B4434706679796361456A3451686462624C46432F4D5951734E446F567A57596A7757524E7746324C45696B7968464A7A35752F4D654E7A4C41766F70424E39314A676A0D0A6762704164347131694151624E625A4F2F64774C305539336E6D4E6F6D4F4E6E484B367452614F656F73663449727345667A366C645246634D664D6A55455036436C77576F7A46747A2F46700D0A69563747386C313333565773543964636330324A493147496E6176786936434E5573426351786D674F7154504F7735396B4D3877474153533641654434396864685158446F6A4645336C4E6B0D0A593838393979786B79694979374B6A7975686C52677449556A7943437A784F5352394F4839506B66495944466B6D65473743463158413555424876797953654C2F78307242526F384378532F0D0A3235357535445A326E545366422B7045394C48504A424D75456473642F62627838744763724A595A7A36302F536A324F49516F622F42326670556D3432303749754F3671344C635972592B760D0A6E6A454C34654F53776A3246344572454F75505A6A593830753863304F4F4A48304F4C4A427148535853776F78586E4431756A74652B595A3834632B2F4F786E50317364637367683831514D0D0A6E4B51356B38383650514A4A39413064485337454C45784D5A6B7139456B6E4D684F356C6939702B595846786938516A32556569515A4F7752436E426732675966454C346D45496C6570365A0D0A42596B414B7450706F745567616C314E3044676A3061757031386D56377857637744515355353359363863615A5234312B39672F735954772F414B375049646E47376277324F2B596E4D6E350D0A6B656A464C684B397861416B6676366E6E6F52434B2F74423844646D6676654465507A78787775705934473638736F72533034386D53436D31526D724D6C6575442F7259746A474F4B41564E0D0A2F7678306351777A77532B50485338456B756A48717A3847396A5452744973577A344C434A4837343459634C6763373153304B4B416F694C544177654D76564E3476613353454C52664730510D0A4663644C3845306A2B71684269356E614951515466666269674C2F56434847306334694C7432574A4935476A5062714E71304752547A2F3964506B4F4571727666696752534F347A696643650D0A36334533322F744641536F4B4D5935664C52374F7378695451683952694963334753646F2F4743496D5A37435651534E47767351552B586D69754446784A72346A43454B426248667738494C0D0A4C317773616E4E68555A6874332B52354D3063676958376D6D453345475A45384A51644D393952326E34764B6233574E507072757A52574F4A4230312F337167567963697361706476452B4D0D0A744A364954707250513362796F584F3441574C386A615547307A476B6A6E38594B776A61497773314A414F4A53504A384A39483776526F6B684737464E775048304434684A3449336E3333320D0A3266496D7338464152306F484B7942346A685957506B6368544136797A324F3252366434434F2F6C2B49746A326678306A6746332B6F54786A51744B333373556C727A5758424B3961344B430D0A345862626256664B367A494F724B382F53447A7A57714E4649496C2B7450675037653652414D32702F387058766C49646474686868514236715A7A567A384E352F37725A6D66386C616257610D0A3650654D4331416E553344644878794A6A2B65644379476D483178365064663978543065557363306A502B586E666549625944632B59354152694B6C4458544567754E6972594256743468340D0A58544775662B6F47594F7A674E6F48674958737351376854486E726F6F664964416747426B477A74792B2F4554664361644B4B5065666952674F4E3473354B69476A2F6E4B4F7A51667364710D0A544F317A6A4E5A644D316F45357170596B344B475730392F2B6374664C6B573136442F3650736D2B31356B364763636C30553947503833344B566C776E4C436D3270456A797A61644D524A2B0D0A7868656534516C317A5A37545854696A655652546654544C643770566E656735707034434E69362B5968647A46337239757658554A5266352B44306B6A695A49436866614F63524F506A66450D0A7A6D39387A2F555143474C676F2F684D5A337164447076363931347A617137527973443143596F6B4F424B534A3143537255335A3668657A50366D4F43414A6F7362367357746A70326453490D0A5064623642324A596A7A3859646839486F6F2F6A4D47723639585934446E6D3254756C706365794F6D756A4647364751646C78323257576C4F42414B514772314D317A6B4A7544774A506F4A0D0A364B545A504B4C6D553879356D462B5233466D494E397877777849454E4F7946636A6250334C527A5A6B723042434C694B34584D535858434A452F61466A356561704454682F7253363851340D0A3139695A7663487A364170416F4954306E33727171624A7249754F4E7744504948363166737A556B626F79415A4E6B70686F5072537034517038664F70596C37726E4764712F735A43774F750D0A4641426971326238383659417A74567A3548336D426F456B2B726E426563377667726148795256794D4B6F587774396E6E3330713970724F594A7668646F6D425474354662533661304532700D0A7776532B346F6F72566D757474565A4A30594C7379633247354377787A48583071592B44615A566E777A774E305450574C45504D754F4A3776734F554438464439477773524D564350766C4F0D0A30333439577749424E4670312B4E2F596932675A6D5373543933424879656975547638777468444F6474707070354A2B6177312F786D37694F37712B476361646B2B694867656F59584A504A0D0A69692F5647764457794761546A494D4F4F6D6A6F50766F786747436B6A3643414A546C4A5876707857565452316F6E4B396F3135486C39377A42714967596A3668386368717944756D3141330D0A57567648335541766E68744349654F44516B635150786F6B684D2B37486D775A6964362F4466696A5534337847476B48542F6A4E57526455426F343939746A7177782F2B384E5447505669570D0A357170677A3454444F4447506E30512F4D56303173776656644D386E704D394369382B585168337665746537696E383158384E44514238766E31596F684E447772614F3955394F41505144510D0A334E486F72514A6F2F49536162517953697A377936614C7968396569656139633137774E676F776D65414D7264544E413172354A4E53504E6A4A5175616A785179746A674E675745614133680D0A576761515A586E572F6E745A307A316B5432552B74755A6C6A6141506442483166356538777267676B45512F4C6A3078344F65494B55466F6A3078694A6A414C4B75566E3861486D613367490D0A53457A634161496E496835695A7A632F466C584D394445586D2B4D4E316E506663614F355936716B543177506C687465537A706657524C6E5631304B2F4B3166765A4E724B416F76466A30690D0A545938694D6853516F633437347A4E716B776F3634694D5753666239397A6959736C6E506852646557507A7A72424867713957702F7A766B466359466753543663656D4A41542B482F6C394E0D0A396979735350457377487676765864312B756D6E442F694F65626D496742486D57464659544E6E45687741374B715568654F6C334E707063456A5341442B4641556F742B624F3478616D32650D0A5A36696E343956644537544C74696B554749334F39305A323030352B4A3044302B7575764C396F6C45667345386357643278516F314553486E5237616C7448387359393972447271714B4F6D0D0A5376737962734864657678747761487037557969623267507336696949566F4833704B656B4D7858762F725634716650312F4151674F445A3657794C4C62596F6D513576654D4D627975494A0D0A7155465361764F536F50584E6957624838754975672F55557846687964586850332F334B2B736B4E326A4A6F55444D393338664D41495556383877313957756D3933706F2B4138383845445A0D0A584158695A79633374586B442B426A4436555075336B667A4F304A426B794935373333766530733844324F534E3576744D41377A315277456B7569623035637661516E616F6258684E51767A0D0A535541554A6D534C5933686970357A3342734D7A33365A31796D333368453742594C47634B44373439377A6E506355387A787653742F716378473541485A3957416F54386A4C536E627A542F0D0A7138464C386E794F7571424A4C4B454C4C744533482F333330663341636445734849736232545A4C39424B34643974747431586E6E33392B4D656C546D41634D72633865672F50692F5133730D0A792F54522B6339632B6747426B6C337A714D6D506F4B6B676171426C572B642B45397564524E2F455875326854577976795437752B6A6F3176626F773933434A526838534E7931685564546E0D0A62425A44394574725A6D66687845532F31565A625654767575474F6A38526C3234794230694A326F66414A497A7A6A6A6A454C346A6C634543383333426A4A475630476E73736E4466755A780D0A756E34333977362F6B38714A713052424579474C635937464A46306A343953622F54394C456E332F4745376B4654372B38593958332F2F2B3936656533596A6D69577A4D45423561303659700D0A625A486F6A513633706A6E59595A6F6E48786C54505272537149506C6867444A6E46355336776145684A6D657664725A58513169496C716637335550474138523478336D39474848384762640D0A694A377875652B2B2B316155767555466C7272334850746A324B783870466B696B45512F532B416D2F62527A7A7A3233326D323333615930704871426C306C763379436550355A4231642B730D0A54786E4C687A76436262625A5A745875752B39656775333063325A426F763536414838386D71556B52462F674F373734346F7572383834377278412B6661446650726F337871484F51482B740D0A372F2F73626B5350442F3655553034704A62455A7177685434473041614C667A2B332F43764D4A63497042455035646F6A3947393849467575756D6D705559356B787143696F746D2B6A6A2F0D0A346B2B3235727166644B482B345757585862626166767674712F65393733306C4E7A34473269562B2F513132695366476A6441667A7A333358496E51502B47454530704B486D6D69786B78590D0A52593837702B6C2B67666C3241475676715746414655624D394C7768663861774671762B656A4450486963456B756A487154666D38466B67395631323261566F5344466C71563666665134660D0A61537876425462343563484C6948487A6A346C5768756A5A5A4D59414F5775796130346579305A4E774550466F6A6E676265436573535273706B4F6733716D6E6E6C70533852532B4A50676B0D0A2B766B542F645A6262313264647470705538514F586C696F306D772F415A4E6A466F2B595244384C304A707979744648483130646575696838395153743835316171522F4B6256614A3435460D0A466C6D6B6C4B7739384D4144717A5858584C4D5577724865752F6E68527449335A5A794D6F6831676150455774453277315A545048673575716F4E5754367A4A3156646658637A504D644E6B0D0A464D38394C7666735A6E706E79327079364F4D6D535670506A44305A6C37626B632F535051424A392F78684F3542565952472B34345962714865393452316C516A624A4E582F316675744D670D0A5044564C6949616441436B6654477A44526874744E42574A6A7A5A704D434F615038666C70694439545174776A35554349522B447855797A30375679383830336C30315A4C726E6B6B724B520D0A54747A7072722B6E6D4E797A757845394751774971727773716757756A4757457142792F6B3976336E5A34386962355A2F546D6A317242584F4874512F2B593376796D617177466E62536F760D0A47724D4E334A794678533661336847454B42473677773437564876737355665236425547464A41304C334E6562726F796F3248593865426F756F394667717A75614945657448762B7074444F0D0A79536566584A3130306B6C6C71317A3645454842765150734C324D746D6A3747615875647250324F366F772F2F2F6E50533330485466576D6B4C6F7A5974507836582B45547459566B75676E0D0A713738473972515345696C685A353939396B735778594864614D7776784F4B6E667A63536664546F4631313030564939624B2B393969724253316131472F4F6D4E6637784A434D464B774C310D0A474D762F396D2F2F5672624570613442466861463242685932585169772F7042323357424D4269734B506A424433367759736536664C5548675354363976543150433256724C3737336538570D0A5878336D4F7175787461566F6A70586E724D456541564C5457584442426373576E6E7675755763463461662F6654776D4445534E4E515533436632485A762F796C372B38704F4264634D45460D0A3164652B39725653507465612B765864395A70654545626878336F4F456A3766662B4D6233796957715879314234456B2B7662303954777464534667622F434E4E39363431465A484132684C0D0A4D4A346B503132554E706F2B77732F37332F2F2B366A4F662B5578464542366B675A62347767737646464C4A312B675171473970717A2B66506F4C344958754B77524352623555396439626A0D0A715A744F394171715667326B37516A797233373171307532776B6F72725453367A7373377A7A6B435366527A44766C34334643746E5157426B713334374D78446272705A6B783651364331730D0A59363132327335766150494533683138384D4856346F73765867536868525A61614B7257674B567778364D33322F6355635464472B6841423153774A667550767338343671794B362F4B36370D0A376971754B6256376A6D39362B6C3273374F6A2B41416A7962333372573473516C4C76547457764F4A4E473371372B6E577173706B344363662F716E6636714F50504C49715A7A61746B44430D0A5973656962376C5671344B6874572B33335862565A7A2F37325771464656616F2F7643485035534645522B6E676B436D483435326C47686473616F62524B39577A354E5A43353964384934340D0A346F6A7131372F2B39565478493766514857304C686E76336D4138504C6772762B2B2B2F6678462B736E4C6A635045667436736E305939626A387A68382B6A6A704A776F78584D674E4C35720D0A5139454D744859495065347168355A48385274326E50766946373959534E35695174486E536235324673535A7734486134565A615A4E4253495330457362696A486A35372B704B43554A2F2F0D0A2F4F657232322B2F66577137573435764F74484649447A484C6E6963654F4B4A316476662F766247577A52474F7A7248372B354A394F50584A335079524768412B4A7252364D6B39706C34370D0A355554645972514E43324530395771365A2B2F34417734346F47784F382F76662F373449412B5A766D346F58792B484F5357666C545636434146717165394B372B35705A457769726248787A0D0A335858586C59317749486D45324E6876625846504D5A386C65767A7946426836326374654E70564B6D304F724851676B3062656A6E312F53536D766273316753756378756471516C715232680D0A455458357063626A4A3052503842333779482F7155352B7171474D6661333772303158446A337432472B2B676C716E5A57504F2B71587267365135726262634957476F5A544D4132376D46760D0A73526344367A78574634735A493770612B46306650436236427835346F44727A7A444F7253792B39744872717161656D69686C70306D2B3666393535363967323157366666666170767633740D0A62786572586265434F6B32652B32317357784A39473376392F39724D4176443030302B58744C47662F65786E686553656565615A6F7347714C54555648725563302B554D52475337326456580D0A58373161662F3331712B57575736357356764F7156373271454C5431377648564535786E4C514B4C7371673957527666757578674B436C4A2F6D306E657633472B7373566B74544B4559374D0D0A67612F584E784266734954306561477833336A6A6A535851374E5A626236317575655757706737646E746F564256676A37332F306F782B565370674B567A31644B41397142414A4A3949336F0D0A78706B3377724B585350635131352F2B394B66713365392B647948384E755452782B70316B6F5570562F78475952793065767A3162336E4C5736715656313635524E2B4446535245565545490D0A782B683749376E3954693356716D344738566E527251326D342F6D4E53744D34593961444A573364494D68594562474E67704D5746515253694A3264324868544B49667632714B31543464780D0A7A444C414D6F4C5A6E7531396C316C6D6D594A4E322F475A2B596F353257636B305539322F38333636566C4557514259584E3268375476662B5534706E744D4745704930614C736B624671570D0A706E64496D55317258764F613178536958324F4E4E636F624157434A4A5A615930744B6A36646C6362624456373639477A79663362554F7759376542436447623856444852617548516852590D0A616D3432364937746C5346314E724F4234456D685131674658345178637362622F4C494B6E674C74767676755777726C4F506153364E73314F704C6F323958665536316C6F5755785A4F4B7A0D0A654F4B544A79695059445271333766685664666B6F343964557A376671656C543778374E61506E6C6C79393742464238684C3868665443303372316D65676C4D30796E2F36364E33583445320D0A344E79706A64456E442B6E4562576756766941726A734F45723675447665674A74495063325A534A676A693455557974637A4D637A6D6E7A4B3961364A776148375879706C324735353077500D0A6264666F534B4A765633395074545A4F64494C51384846533757322F2F6661724B4976626870642B5972556269462B6673546E322F6862546C6341474C5A3833506E30327557476A45487A360D0A2B504F4E616B5A414D4B435065326B7030463353426F796E613650574577507454484F4D51593967427534496F52413830664E456A64397A7A7A336C6263436F78584C454F3235553146614D0D0A745669423577596262464432414743654D7759565974754B545276626E555466786C36767171496C575142477A5A5A46345A707272716D32333337375176784E6639556A6A324D6564747A730D0A5268773075367535362F4B676968362B543754395656646474666A332B5A76764B5A31724D426D5936785A70653255394E633459757743756A4547336F5356692F74353737793045663863640D0A643552507245337579716262536465492F76346B2B722B4D57444E45767643464C785358484259387833586278312F5431375A362B354C6F3239626A2F396465466C69497A5568794E5534430D0A6D546264644E5047527932727A6363554F45337266426F59466B334D636169596B78334E3951684F454473456A303866307A3461507A35393368517349533866334A746561373362744C4C320D0A75767566613033423938366271486E714F6B44776D4F6652336D50676E716C325843647546617A6C4A55335466346B4859547753594573674B54557A474C6351506D4D31582B314249496D2B0D0A5058303954307331346355397139587353634E684B307466616C394E307054715A6E7439357032436C4453447A6951626765744436766A314D66464439506A7A2B65513730765977386250340D0A716C3146503356304755534C676E2B7243664E2F7445784963485672525A333475755652782B4D3748657634455A4F36514B5232376E57306168692F344F38496D735347734C6B53753831680D0A6B6B65544A31574F3778326630634953783246307163796D6E356F772F5132774D385945676368643630696E6F2B592F635177496F4C776F6C49555A50312F745153434A766A31393362476C0D0A4C735278596564764E464C386F68414B2F6D704C34326174393934476A475A6C6F3534684C474967304B7A773432506135322F382B706A362B5134424141304D76474F2F474E556676354E590D0A6F78415143646D46586F484254346D355778352F74366873695435654E376F326F6E6E645945534F52545048616753786F376B54574964356E6949336A7A3332574B6C4779466A7264762F650D0A6571473552385536454168425A69556F6C504F4A3445366B2F5635373756566363516965764D684F554B68764C6B4C5A736F6841456E314C78344E6D554C556746326B3178414D50504C41360D0A34595154696B5A6C38453736514763325743424454644953487A68626C52427448724A66624C4846537445694E502B6C6C31363656436F6B75412B4E48334D2F6D70674266684B3151577A380D0A72392F66506A52316B716574433343326F467655663331383143304838662B5971716977515874354C737A45614A426F3659382B2B6D6A31384D4D506C794A4E6B507354547A785250664C490D0A492B56337A724F55725A6B4A4D304F3758556562506D64567746674F324B7746676B52504F655755596B6C437747494D6D66615A726F31326A5A636B2B6E6231393152726D6642316B6F2F2F0D0A33337A7A7A53556F37376E6E6E7073715563724A6146715A42393539304E524C764561433554654A5833494465375177466D50656D50697841434141515037342B39483445514977757949550D0A4944437734474D424D4D5A436F7133377261506D7A392B39786768454C563368774C67457A65613042554B6E6942427653416443662F373535777535512B5A6F377841376E356952342F69720D0A6B3037474D4851665831476A5A7A785A514D6943544C6845446A2F38384F72546E2F353036512F4769574D752F743339546E6C45457842496F6D39434C3836694464306B65685A78694A35360D0A3453346B73584C5A4C47375A716C4D3642664D684A456E456D74376A635144452F797A57305A49433855507761506438736C416A4345447757415834587332662F2F6B646F634373414151430D0A33784A424E394F346159595771344534454137553142392F2F50464349476A6A6C453147532B64546F6963366E723868653467392B7338744A4F5159314456422B34305537315551616457670D0A6D6B396A78553073716533417A6E33456771444E4D7934773331765171647638543179626855415366625036732B6657524E4F7641564978734170794F666E6B6B797332776D4452313977730D0A366664386F355965474950455749547256664C714A7655592F612F4678483752544D37332B763456476942754E48793066785A7A506956367A6270712F57722B6E4D4F7838337442306D694A0D0A45447A614F6E3564694230437A304A6B626741414941424A524546555A6A78676975642F79494D335A42493353346C7438506D31586B51687731674343376C49397430456B5A594F71336D610D0A485331726A677478334850505061747666764F6255344765346B6E664961796C6A3735644979694A766C33395064566167366E3449675A37786168744E4C467474746D6D704470422F437A320D0A4D647136706444313147794A586F4A586B2F64377A642F31535037704973663159617552307A6552514C32752F5264393750455A76483633714773495067702B395377415465382B512F7A6B0D0A37336F5A5A595764656E74706A78483433454D424A6F6D2B2B7A4372523975627462485151677456703531325776586D4E372B357A467377526E44545A47384E6A65353379434F61676B41530D0A66564E36636F6274694F6C5A6E525A7274444F3077363938355376567751636650452B67564379764F635062747535776F39746468415767553578444E4F747263596D45462F336C45726B610D0A6350794E767A755A7672302B3533517A335561424C385A75654131397776376D4E543250646D762B39786D6A634B6D413664694C55667A646E7131316736684C67324D705A2F35655A3531310D0A7969352B3942467A574779787A4E67765754436E58614D6F696235642F543356326E6F65647451346F355A50494E58575732396441717059674D316E6A6B54545567683761765A4D4C4343520D0A364764796E67385343586D36656741653234314D752F30755164654642382B4C3559536A634F507830532F664535423530457351634A3935537755623933484D4D6364556D4F35787253686F0D0A386F6C467A6D4E6A767957307A5563676962373566547972466B4930614143592F6A3735795539573747775853376E325167537A756E47656C41676B416A3068494E467A73426F36775864580D0A584846463065547A6C51684D4B51462F2F764F6658307734456F453641684139356C38576B4F7576763735453445507552466C6E656C324F6C30526774416A5535364475744B4F50507270730D0A54425572586F373253665075343442416176546A3041746A2B41774753426B3839594550664B44342F544148786F6A794D587A30664B52456F5045496D456576693464504E6C5A436D36666D0D0A51727257476A38455A7454414A506F5A77645775672F476A3473764866482F35355A64584F2B2B386339486F383555494A414B6A5263424D437176673456616A4F4D345252787852665048640D0A5368795039756E7A376E4F4E51424C3958434D2B5166636A446365304C6A54375858625A70576A3161684D54314A523831455367635169594C736363525A732F3939787A7978344B314452490D0A6F6D3963642F66566F4354367675427239736B5176515679714C784733657850664F49547064495A762B557245556745526F65413965367067726A7272727557564E6A307A592B75503862350D0A7A6B6E30343977374933773254506161422F484C55306D4E33657A3232474F503675632F2F2F6C4C43714B4D3846487A316F6C414B7848517373626D4E57784178536661504B2B73664E664B0D0A495446746F35506F637A78305241444E414E393872486C4F5A43396C63644871436661784F6C704D7455757A6667366F524741774345795833574C5247332F2F2F4F632F58333332733538740D0A63394C4354456E30672B6D44706C776C6962347050546E6764704261687861504E672F42453454482F3278653876373376372B36377272727072523669374F51313273686E6A5168447268440D0A386E4B745136426579393679776843394F2F7A686B7A2F7A7A444F7246565A596F5154684D51637A2F625631513656726735506F75304C557A675051446C684D334F4B53346A6E55523064370D0A5A32485A652B2B3969336E5173706F512B392F2B37643857307948483858322B456F464559485949524D7559472F2F452F5150307A78393131464856687A37306F564C486E6E7232464D70780D0A4136725A33546E50616949435366524E374E554274496E46685941374668644E68587A48497349653964747575323131787831336C4750347A704B6D3576566D487538414F69457630566F450D0A304D797871726B5A6B42597935694C6638663871713678536E58666565645569697977797065457A5278473030364C57327148547365464A39446B654F694B41755A3646786F49354C44446D0D0A31575043502F484545367550664F516A52584D33426339434F726E49354B424B4250704467506E4866444E50336C333945414434472B47616E506D50662F7A6A315A4E50506C6E392F642F2F0D0A66546D574F63747657614B36502F7962646E595366644E36644544744D65716579374777594A5A6E38574476636379442B4F7833323232333669632F2B556B68656A514A54663044656F53380D0A54434C5157675455354E32363133306D6D49504D7A533233334C4C363972652F5853323131464A6C54694A38633436577443543631673664314F697A36337448414E2B384A6E6B57454350770D0A72626F4638662F34787A387575325468472B546C3171583176636837763273656D51676B416949512F665359343948576D56754C4C72706F785135314F2B7977513347646F663072434341590D0A704E7373783141646764546F633078305249414651773064776A6641783630772B662F5A5A352B74507672526A78592F49642B7A77485461527A306854675153675A6B6A344559316E496D670D0A6A5A414E34622F3937572B7676762F3937356676444A7246716F5A5A6E324D51426A4B3962755A344E2F6D4D4A506F6D3932346662584E76632F7A746B4C6342514C48474E6872476C5664650D0A57523177774148565177383956457A342B68553737596665782B506B71596C41367841774342596847744B48314A646262726E71754F4F4F717A6265654F4F697A5A744B787966486D4F33690D0A74725774417930626E4B623748414F445138416F653753484C337A6843785862592F4A3345767A674D4D34724A514953756448322B2B3637622F5731723332746D50487A6C516A30696B42710D0A394C30696C63664E673443614F3662456D322B2B7564706E6E3332714F2B2B38632B71594441624B415A4D497A4234424D316A3478417950454C3357576D75565572664C4C373938527458500D0A487470576E706C453338707537372F527074757077582F7665392B72446A2F38384A4A6A7A322B5A5974632F786E6D463969494175544F486D45755150515678734A703934414D664B426B760D0A36594E763739695954637554364765445770355466494E6F3766674A575953656565615A6F7457546270655675584B414A414C394955426748555350785977414F37614968756758576D69680D0A6B6B3748392F6C4B4248704649496D2B56365479754A6367594E5538744872492F70787A7A696B62336A7A787842507071382F786B676A30675143437450764E553865654B507531313135370D0A6E674A566656772B5432305A416B6E304C657677515455586B794952766B626B5931346B514F687A6E2F746339594D662F4B426F49666C4B42424B4232534F41397336384F75535151306F610D0A4B785930616C5A514253397A3557655061787650544B4A76593638506F4D3073514C7A2B2B4D632F6C7170634C44786F495138383845445A384F616D6D32346177463379456F6C414F7848410D0A2F595551766431323231582F38692F2F55693237374C4A467347616559626250374A5A326A6F765A746A714A667262497466773869334B775778306D5272514E6659706E6E333132305541510D0A4174447938546669792F635643344730484D5A73666F735255466847514F5A6C52556E6D4379394D39742F34786A657139646466763877766A6A65464659746176684B42586846496F7538560D0A71547875526768515249654E623877446A6B535074704A3577444F434D773975474149576E6B497A52334E337430674C337A4248714539426C4C32436748765138356E707177306245454E750D0A54684C396B414675362B557834524F46663838393978544E6E68654C6D536248584B6A614F6A4B793353434156557674484531644D75643739706E596363636453355139646531316A7846740D0A6A3761504253304B7A6F6C6F4974414E6753543662676A6C37374E4367455873306B73764C5648346A7A373661466E497A4B39506B70385670486C53677843494665384D7249506B6556506D0D0A6C73493462337A6A4734766D72705A504942366176715678477752484E6D58494343545244786E67746C3465337A303733503372762F357230557A5551457A4A79366A68746F364D624463490D0A5750454F4378647A416B3064545A35745A773839394E4153304371784D3166636735364176417A47797A4530557753533647654B57423766457749532B704E50506C6B3276626E777767744C0D0A7342344C4846704C2B756837676A4550616967437A414D49323242577A6663662B744348536F727179312F2B38714C4E4D316565662F373549677A3833642F39585245474F432B33676D376F0D0A7742685373354C6F6877527332792B4C695A46466951587374747475717A377A6D63395564397878523948736A5235754F30625A2F6E596A6F506E654B6E6862626256563262426D795357580D0A6E414A474E35666C63504850497954723032383367746E36586846496F7538567154787552676959666F6332737644434331666E6E33392B6465434242356274624C4E45376F79677A494D620D0A6A49442B396A6539365533566B55636557554832374264684A44377A434B3065777364386A31444164786E6E307542424D59536D4A644550416453385A4655574A614F4B445344363070652B0D0A5642317A7A4448463932676C50624269555574545A49366170694841754F6246324559443578316A55356744484C5059596F7556574A6164647471707A427374587377624354357138446C660D0A6D6A5A5368742B654A50726859397A4B4F3742496F63316A61755446352B4F505031357967332F3477782B5778513854704C354A2F6D6342342F384D3147766C6B476C556F39484336366D6B0D0A357348625548656C4F2B6967677972326D582F5A79313557694630426F5647415A474E47696B41532F556A68622B374E726670467A5874716336766833332F2F2F61576B35376E6E6E6C73570D0A4E6F4B525443475339484F4C322B614F693761306A497754786A5976692B4E594556494E6E7A6D782B2B3637563063636355535A49327234626C4862467179796E634E4849496C2B2B4269330D0A386736514E56484362462F4C6F73636952326F5169786C4664416A4F752F333232366332786A4746714A56675A614D626877446A6E54474E454B745653374D386C69782B583366646461766A0D0A6A7A2B2B576E727070637538344530414B337448704C4462754345783067596C305938552F7562656E4D574D4E43412B5765794D4C456162515A4F2F374C4C4C716E2F2B35332B756676474C0D0A5878534E423738397236794433397778306461576B537048746F6C375155446D6136323156676D2B672B79316148454D6379485435396F36556F6258376954363457486236697472756763450D0A632B72785065715852377535367171727169392B385976567A546666504656514A2B7667743372594E4B3778317157334B41366B767351535378527A2F63343737317932633361725A3069650D0A2B5945464C494E54477A6355527471674A50715277742F636D364F5A6134726B302F4B332B6948562B432B36364B4C71734D4D4F712B36363636366979614474384D72306F65614F6A5461310D0A54457557317170587665705631663737373139392B4D4D664C6C597578766B4C4C37785176664B567279782F3830617A522B444E567949774B415353364165465A46356E48675451325046520D0A5176693854412F5354786C3337547274744E4F7172332F3936785742656D6779766850535247425345596762315369344C724C494974562B2B2B31585348374242526373347878746E7467560D0A534E2B555537582F5357313750766634495A424550333539306F676E67755452326B305A7370776E69356856766D776F3336485A5578554D7A52377448354D6D776F456D7A4A67377A494B590D0A476E386A686B6B6A476847465746506A454753746645636A3259574F4C5766523576485A6136355843475A4F51506273564366704E774B63624D5259494A424550786264304C3648674B7A560D0A2B6F6C4B356D2B713533337665392B7262726E6C6C684B6370302F66394351314949354E6F6D2F666D426E48466B7673467261703538417A566A484C37377272726F586B30657264373245630D0A32355050314577456B7569623261396A337971316455754153743558583331313963317666724F362F504C4C53787630572F4933666B7654384A4C6F7837364C472F2B416A4746336E644E690D0A5A566F6359395879745876737355665A72686D746E6E464F326D6B576857723838426972426962526A315633744F6468384E3154554951466B51585437546635377161626269706B662B32310D0A31315A2F2B4D4D6670737143576B676B6B6E3937454D75576A68734331714D33336F52505466595778646C787878334C626E544C4C37393847654E5972364A4A66397A616C4D2F54544153530D0A364A765A723250664B7633776B446252396D72346B6A6A35395A6A78547A3735354F4C5452334D6947706E464E55333359392B396A5839413030635A723853686F4B457A5073325A5A3378760D0A76766E6D3165474848313674734D494B6865517068494D676D2F764A4E3335346A4630446B2B6A48726B76613855427150375157375A363339652F6470657675752B38756D3331677874646B0D0A7A32634D306D734857746E4B63555041536E62754C4566674B5339496E4E6532323235627A505672724C4647455141593035412F4C7930413439616D664A376D497042453339792B486575570D0A6F5A6D6A71627341736769615873544379494C4A372F666464312B70494862424252664D553059336666526A3362324E667A6A47723335357871735648646D53655973747471672B2F656C500D0A46334D396C696733733245386F2F325455574C6161654F427967614F42514A4A3947505244653137434532664C4A4C75347358436963596571346D6876643936363633465A332F686852644F0D0A6D5434786865597245526756416A48646B7A484B2F3544344C7276735575327A7A7A375653697574564E4A4C4556675A30366155577534324264565239567737373574453338352B48336D720D0A6A5568327A33724958642B374563743852356F64667339662F764B583156652F2B7458716B6B73754B626E474C4A77736F4F6255472B4155685953524E7A496659474952694C556147464E470D0A7954504F6A435052664D2F6E346F7376586D327A7A546256787A373273614C4A4D7A3431362F4F337832724253714B66324B45786B512B6552442B52336462386839593061765179432B57440D0A447A35592F6541485079674265722F2F2F65394C7844366176597576685573344630744276684B4232534A675A547633616243696F79346E727174566974336E324737325065393554396D4A0D0A547131397476664F38784B4251534F515244396F52504E3641304E416E796166314D426E7A2B3648483336344F7557555536717A7A6A71726575696868365A32787A504153553073383551480D0A31673274764242434978713541714E466D2F6855513466515631787878577276766665756474707070346F3639766A6638637372644C595376477A303243475152443932585A495042414A570D0A77594F344E64473751516A6D664B726F48585855555958344D613279494E654C6C695353696342734555427A7433706A724E7567494D6E6E573937796C757144482F7867746633323278662F0D0A50414A4133626F30322F766E65596E41494246496F68386B6D6E6D74675345417552504968476D656F436238394379696150626D344576326A7A333257416E5353372F6E774F42762F59556B0D0A644C614D5A517779747478436D63384E4E7469672B736848506C4A7474746C6D5A567936313778706F6D6C5261763051476973416B756A48716A7679595553416862572B6559312B556864570D0A4E507854547A32312B744B58766C513065785A584B6F2B35315732696D516A306977446C61716E4F7941754352386A63614B4F4E716F4D4F4F71695937666E643352595A65784139343953380D0A2B6E37766E2B636E416F4E4149496C2B45436A6D4E51614F4147527444724C56384B776A7A6D4A726568304C4B7858304D4F4F6A31625041637079373367333877664B4372554441594644470D0A47754D4A775A50764E746C6B6B2B717777773672316C353737544C6547482F57664E4464704A4461437143796B524F4251424C39524852542B78365352644F557042684E7A2F655150435A560D0A66505573736752416F64577A722F3254547A34355A574A744832725A346B45686F475A754769686B2F772F2F38412B6C654E4E32323231587245616D6442715A6A7942677A6A7A61663734530D0A6758464249496C2B58486F696E324D65424179773430735856414F6B724A7A48703476736233377A6D2B7267677738752B39717A534B663550676455507767595643666859313269627631650D0A652B315633454F366B5454624D31367442594651554E2B757470396E79584D5467583452534B4C764638453866795149734B6843356B626C387A2F4265522F393645654C68703935394350700D0A6C73626446464C484866533274373274314739347A57746555776F325A516E62786E56316F787555524E2F6F376D317534316941495852546E7A43565076504D4D32557A6B547675754B4E6F0D0A58506C4B4247614C674D56772B455137787A573037373737467575537465316E652B30384C78475961775353364F636138627A665142426741593662333242434A514B6176476171352B55720D0A45656748415378456A436D3355623730306B757264645A5A70337A6E6E76503958442F505451546D456F456B2B726C454F2B38314D41514965754B393449494C6C7541387A4B6D4C4C72706F0D0A3961317666617655473839584974415041753547787A556F686E507A7A54645879793637624C6C6B316D766F42396B38647851494A4E4750417657385A393849574477484C5236695237756E0D0A524F35353535315837624444446E316650792F5162675177313175764154665239646466583632363671705478585063573737644B4758724A7757424A50704A36616C387A6E6B51774363500D0A755A746A72792B564F76683737726C6E616C303558767047774D714D6A44486351627675756D73706E6D5056787235766B426449424F5949675354364F514936627A4E59424568684975584A0D0A776A72574A542F303045504C3376565A676E5377654C6678616D72746A4B58337676653970544154332B456D6F6F354476684B4253554567695835536571706C7A326B754D7071374A55566A0D0A726A4A567966436478707A364B362B387375545373336639644A587833483555775342473538653937504852737344726A2F55386A712F376149335154742F7438415A70765278792F66394F0D0A64343537782F4E37702F2F7466327655757775692F6579596550577258313369502F3778482F2B78624A484D336774757473533147572B4D5662522F39324D5948687035355552675A67676B0D0A3063384D727A78366A6842674561336E4B6876786A4D2B5533794635466C77493973777A7A36794F502F37343676626262792B6C53654E4C3837373768504D2F35374837474F625A752B36360D0A7139544B6C7A7973784B645649416F486B6E386B476F6C654D7447334F30645174654932636465345473566F4A4F596F6D4D582B744C4153656643766665317253316E62652B363570356A690D0A735178785073636F444553427A7648323972652F7652544E6566337258312B4F64364D622F755A36484D657A6F66467A7A58776C41754F4351424C397550524550736338434F69445A78466C0D0A305952674B567A432F7767414C4F4973726E78486F5A7876664F4D6231623333336C735757785A674176516B61425A76435271544B304637373376662B30724F505838545566327A6E2F32730D0A757557575777726863322F4B36334B654E632F6A567158636E2F7432307577354A346C2B63494E5A6F55764E3231694D5476586B2B55354C6A7676485733392B716157574B6F4C64686874750D0A5749696138584835355A65587366506F6F342B573878514D544B7454634C506550594766752B7979533745614C624C494971575257707A5534766E6650526B4768304A654B52486F4434456B0D0A2B76377779374F486841414543356D792B4C4C5152753261762F6D4F416A6B4553663377687A2B736676766233355946466B4B417A4E48327A586532684335457747596B524F572F357A33760D0A4B5975317074624848332B387576504F4F36747272726D6D75752B2B2B366F6262377978334A393757653555496F446F703675386C32623877513049535A307231677367316639335834526F0D0A5663467151307263367175765871322F2F76716C3779463879396F2B2F665454526344373859392F58507239685264654B454B615168782F783748485054486837377A7A7A74582B2B2B39660D0A4C623734346D58385745444873664B4B56377769537A415062686A6B6C51614151424C394145444D53777765416332696B48653945686B61506D5A58534A364E6243423876754E592F6159730D0A774845334D5262397A5466667647686B3745436D4147472B744D46397A7A3737624C454D334854545459587763515767355773686D4E2B7565424B545A444634564E707A7856695A6A6C614C0D0A7264387A4A6942687254555350334562614E36557246312B2B6557726464646474784439596F7374566F514678306330362F2F58662F315839614D662F6167363535787A696E6250324975430D0A684F646F7763454B52484465486E767355613278786870544F796E796E49346A4C524874366246733654676A6B45512F7A723354346D637A6A356E46465A383743792F2B394F6566663735360D0A34494548536D513932686942555A707057627768664833306D7537523474446953593969385A63634F4A623763447A4541556C67656E55487373636565367A367853392B556252377A5072630D0A463645436A533875354E47736E36623777517A6165677845314F3635672F35302B77487244483237326D7172566139373365757139645A627239536C682B423549616A5272327270397250660D0A506666636339566C6C31315772454E6F392F616A6C69464A5868382B592F45643733684871635349554D457275684E79553576426A494F38796D4151534B4966444935356C51456A454C63480D0A5A5448473930365145316F586758632F2F656C507933637534684942354F326539487933316C70726C6358345865393656394830394B57697962746F53397953687353744F5A69414C6254370D0A752B2B2B7537727474747571582F2F36317957417A37674254623375575A342B2B73454D426E413049444F365544536E4C375451517456797979315872626A69696B5672662B4D62333169320D0A6B6F58304A5841493132424D347A533472724563626F43457534666A4746654D4C387A35434943636F33556F756F434D45336E546D39343046652B4255494667674243524752694447514E350D0A6C6345676B45512F47427A7A4B674E4777495661557933614E4658762F754D2F2F715043314B722F6E675762785657536A6562366437377A6E645865652B39642F4C4D4941423444326274330D0A4F417338393242523537753450613670566D68764368526F2B657835662B3231313162343954487A49775438376E652F6D37712B38515544687152316C344E4D4457347A77413079706454780D0A6D6D757557556765676C39686852574B35733678576E66513441326D6448746A41545351307A7835747A765735594A412B64337666726673566F63665838474E362F6763756F713431684A4C0D0A4C464674766658574A65344477564C426F6E55646C67306557775353364D653261796237776270704E437951454B6C6B7174596B77644E364E626572727271714F7547454534704A466532610D0A685264436439453131396B4E53466A77435A624374496F706C3274797649514E3058754E2B4A314541656C727570553431504C396E6D74414167382B2B4742312F2F333346773266767839360D0A364B487950646549474E536A7832665475316F592B4A7866724D423031343570674E3336703237646D4E2F7A78757436584C792B4C70546F2B785A586A712B334A635A5851505A6F364A41350D0A70766D56566C7170424D52427146686F324F7541362B747534567A4F555A694C376542653374653444374D714F462F7448524C486C482F71716164575A35393964676E533142316B75347A740D0A63413936596B423470683133334C4861654F4F4E697844696D444574564373415169726E4B52427176584A4F754B484F624D5A496E704D496445496769543748785641513645596B617453530D0A42495176595550674C497159794B2B34346F7179344F496A56794D337831365475597331445747484D62537241773434594C3774366B524F4D77484376477A762F6452545431572F2B7457760D0A696838666A522F694A7850674E372F3554596B6A30482F4C4D79764553487964734E4B7430496B774A51522F6D392F35334D76665A304C302B70696E3638643437356B5376635376344B4A4A0D0A585A4B47614346324E475838375739347778764B2F30737575575346755234727A4C43334965595A6E6E6A6969624C6C38584848485666393543632F4B514B4665436F6F4B6A776F6C4336390D0A394E496C6A592F307A565657576155384D324D6C57706F6B6667524C6852517A524277545755742F4A724D786A2B324751424A394E34547939316B683049336F4E617443366D68664C48706F0D0A317936434544796D65674B6B4D4A63626E4658506B7A62566A595678303030334C616236445462596F47754A306E364A486F3151776F70617634565545464967436F696639794F5050464C610D0A7758663468513077724F64736530322F6C77776C6D447070543066324367715236474E487A7154396E593774685768745379772B59797946775854304F656C6F7233725671306F6847394C680D0A4D4D336A6230647A5832615A5A597257546A756A69325A57673349474A30554C41554C627363636557334C75655137476248547865466C392F2F517441696545543277496D6A37745A4A77370D0A66713238614C56485530507474777A6D6D30466E356146644555696937777052486A4162424C6F5276646F37766C51574F525A37466A397A324B6B726A763862557A30616E4B5A544136494D0D0A73754A2F4674487474747575326D7576765371436F7A54397A752B355A304A306E61366A57626265546B3346784137514C72665178596450366861456A326B6638694276472B3066617744740D0A564F7348477A562F737738556443544E627162376271623362753376316E3969346E57386E34494A625A6655785170686A7377477A4E77512B4374662B6370433770693530587A4A6A6F44630D0A4D636C627263357A6F2B564879383573786D5776353941666A456C4A4863474E796F746E6E585657736442456F6F2F57442F754F373267663433484C4C626373715A32305530735737624D570D0A51335139475A6541554A437652474251434354524477724A764D34384348516A69726877732F684265755375452F483838352F2F764A4266394B314C394249384E34503057447A78693549360D0A527A6F564C34696B58676133336A3364694B37583771796231694D4247696E4F3469305A514F435150376E35615061306B36412B6841412B2B5A39674D503650556631315975396D55712B620D0A36614E6C514F7A715A4F303543685852576A44642F61596A656F674D776B59377838634F36664533666154506E587830766B4E6A6A7746734669685371496D5745346C6677614C58667072700D0A6366515251676E5052583867544E4933424F6C686157492F6852686E494B59524A7A42517543476648324755796E79306D5461352B794C334D4736452B316763617162506E4D636E41744D680D0A6B45536659324D6F4348516A65685A78744634574F49726634414F39364B4B4C537541545A476867584E5273314E524E58324C7833483333335974504871336665755064376B32442B7956360D0A5464665268473267586831512F6136537266356441374967635452496941514E4836454851514268686141774C41446B37314E44674E4B38454154483255344A4D566F5A6F6D41514364786E0D0A693839642F39336E6A4E666E7649677277677445686C41466966766D66373548513863636A35624F4A32514F38664F475150565A613647683737692B4C68332B316F30546F2B634E34427A4B0D0A6F4130586A59476961756D306D594A4B6C31353661585830305565586D41796A2B336C6543646F3263626C493341696C5732323156644877332F7A6D4E30396C676E686259785573424454730D0A4E75623132344E41456E31372B6E704F5739714E6243455441745775767672716B724E383358585846534A7A6B59507331664C556875502F62444243666A776D55614F58585A785A614C73460D0A4D2F564C394E4E7038684A69505A6975726D4772746362554C352F66436D353867675045442B474444333972455941594549537744506847434941304F566179314E3973554A6A33567543520D0A324F4D6E78417947786B35415741686D6B446A664579696E317237777767745876416D5577397A4E4F5A7A7673644648727A4245477852304649523448722F545A79333552316445665035680D0A44577064443236467A5031706C7A555849507676664F633746526B6831736D50675A625246772B7550445066675246352F326A333749524838423539714B434B3951424C527A66587A4C44610D0A6E6464744A674A4A394D337331354733716876526B37594579624F314C4954505175704361533179466B675750425A62666F66454D4875794751332B654C524669495758524B4335663968450D0A7A7A4E4B704772536B546A645A6C636972783962667A374A7A6D767875385372396832442F737A393568504E482B4C6B302F723843415A6555307A556B4B4E4A584439364E4F337A4E356F330D0A7A7737326B4C7A58514D38554141416741456C455156527671776C43374A30454251556468544A774D4C4177576A7869576D5555624877652B315142795773597339424C4D47412F6B3444720D0A3238656D347648383969742F5530766878424E5072433638384D4969574E6E6D36504A774C43734D474A32504377504E6E704C4D314F4333486F545239384E3254665344545A34376551676B0D0A305539656E38334A4536754675476A564E536F3148556745546366633337685153536A6D44324E755A7163347A504F6E6E33353669554333686A7A336977466F6B6B673038564C31374E33760D0A666E637831374E516F676E78664B59702B597871692F4D44716C2B4E33674171795A506E694C356B434547544D382B68746936656B6F6A505742654D4A49313466612F5869515471375A46590D0A784C482B4B564857666666545055386479796A6331502B57704F50334367414B48354B2B31706F36506C45516974654A777334774A774C3331353067575375634B4C77672F4A42526363595A0D0A5A35524354675473385A7657674367493858664D474C4579482B346E4C46506B33715074307A37474E666530443033684E46504233524E6A587A6E2B6F6D413554487A7932704F4651424C390D0A5A5058586E4431743146673770594370675768696A3854486F6D507055685A48744233796B532B2B2B4F4B694252464E623643617043584A753543374B454A4545446B4C346F632F2F4F47790D0A4951336135724131756A6B444F6D38306B5167772F686A7A6B444C78465772336C4E434E685A7A716759324F61307A31576C2B6F45344346436E4D2B735131634F3137446D41364A6E766C670D0A6245426449446677302F4D6E457478383649456A6B45512F634569626363476F4E617056306A4B6A336C3341314E5269494A486D56314C4B3250324E66622B76762F373645716B73776176420D0A756C4246503634614D4A396F4F5A6A716439747474374A5447414B47776B557A6B4D3557544349436A462B7357766A556554457532667A49436F356F39316F74474F4E6165474A616E7349300D0A7831452F344B3176665775313257616246564D2B4C696F7342675943786F71525676434C317259593636476261424A787A57636544674A4A394D504264654B7647674F6B4A4734447A5053700D0A616A4A58652B4134466948387736544B5563304F507A7A617645465641494D327773766F2B656A3339427238546C5530557566775931495A44594C48583470476E796C49457A2F45477445410D0A786A426A6B7645493256764E6B653254715A56416C6F522B65526F4D65524D344759566D2F6A5A666E33474F514576524A2F376D6266716838382F4B6B544572775A674F672F3736645530310D0A6F6E4F7945564D494A4E486E594F69495145786A696C713843776D4C4452714E466234675952593574427238384A67793963487A6D3864784D33335A30536576723969674F3751627A4A6C450D0A3137757A474D2F42665450584F41667471424741324346587837564572662B63696F35736F38796272593456624B32704C3945626636416737502B76662F3372532F4567437536516973636E0D0A776166757A574438514A785043754149414167672B556F455243434A507364435277513044367046784D687041385834445930466E7A7662743935777777336C6B78787758676150756165330D0A69317564364E315A6A6E75536338324F5A4E5371682B785A324567705977485637416E787030616641336555434C67785454545036355A69666A446D6955314234443370704A4E4B2B6D6A630D0A50706C6E6A31597559303673466347345636696C6575444B4B36396379674A5454686368674E33366E4750695949456C50716C566B4B394549496B2B783842384564443046364F68585A6A340D0A6A62727446417868415950674958744B677870314833337530512F765456335174426177714A4654765033323231633737625254305742347555735951553873666979675756416B422B2B6F0D0A4554436F4C71594A4D6F626463416B7A766934715846666B334A4F476839434B594F75475441674B395A4C48584E7667566755433568416D66486276492F734549526742514E4933447343410D0A765454646A3371456A4E663955364D66722F34596D366478385948634C574A43634232456A73614F3735313934646D694E5737517773496C4F62765931434F446153536D52613045584238740D0A486C383857387469736F7A6C593430794E714C59394B4F7841537366704855495350434D6258336C6A466D7A52497A4935332F474C59476F564E4D373535787A43736E4864464A542B614A670D0A4F36574A4C62444156443046766C4F414A6E6750557A3443385A7072726C6B49482B4B6E51714770723633726C477A777441676B30552F6F34496A5677534B68307079364E472B45665054680D0A5966364F3066517854783579563376472F456A6464664B466961446E6A533865736C66446A7A6E663374396E7142655430647A6F377A7A4852687474564F327A7A7A37562B7575765834514B0D0A49355235506A536A57496A45364F4D734B444B68413763686A3633776168717032727A523732726C7A6A33474E6235366F764C5A47496555764A6932716F574145734A47386A7558366A55570D0A6E45506369336D4B753475675063682B746456574B78734772627271716F587736317668476C68624C324C452F776246476952726F6155596A4B75466F534864324A706D4A4E4650614664620D0A494B4E4F366A486C52694C58504535546D63786F46416130615771505562744D63434B474D632F7A69656B526F6E654C3155344C547831476954674B41516263755669676C6144426B7A71480D0A2F7A46473830766F555742516D3746713259523258543532437842676A6D4470737349676B66624D4259526B4E7358352B74652F58754A62596D456A594648513756596E676E6D68433073330D0A414D514F7961507034387658743839336C4E585649735A7A784532695970342B317A526D686D65724634527944716472594C494763524C395A50585853353632726A6D7251534F56787970640D0A2F42394A3134706B6B6A2F2B6462523043663261613634706D3679777253702B526257496572577A36654372453733486D626148396F36706E6A4B676D4F6F4E626E4A3755686376377873310D0A2B476A4E6D504475793864764B4149514A75544F70323471425655492F6C76662B6C625A715248696A792B74574E3232715458477857425A3570586C6756305432492B41464655306654522B0D0A665075384631393838536B68415947617542664F736279783153366436784B2B46727930706B33656F4532696E37772B4B302B735671336B487A56382F594A71794E484537734C41497353750D0A6141383939464478732B4E3735354D414F337A784C44524B37335874776B576D47335436367456552B47547857576564645571564F394B477A437547324E314978555575336C2F4E783369420D0A72507A5644663338666451496D426C69786F68457A316A4850482F75756564572F2F37762F3136735A6E453878336B7A585273367A63466F6C644E53353171413778374E48744B6E665052360D0A36363158717641784833475063527872673275474C6F6D34316B534C334B69787A6676504449456B2B706E684E545A4871353062466539454E64314863765A377048613064767A746D4F41700D0A5A6B50742B516366664C426F4666786D4457386E6437327575424A2B72305350763948554F6B325361426A6B78372F7A6E653873766B5557494864686337637A466B48536739524D394258470D0A774542396D6D505449666B676955424177487835534E5330554F614E3066544D4C51704C48586259596356765039767848474D436F7241664D3251554D505331512B4C343843463830765A340D0A4C372F38386B58543138526674357046643132613753647671436652543136666C53654746466B634A45464E335072744946684D684A6A663252304F6B7A77614F786F38476A7561753548740D0A6E47765155417751636D47495254303474723670526963494A57323046333371356755544B597A2F454E4A665A5A56567972616461427563597945516E306554704B34476E746C69505250610D0A64666E594C5543413863736378474C6C526A566D6A784437516C417238354879304653524E4332756D322B2B446C336378456168336E76584E58444A4F733474684846382B73784633706A340D0A636158783666624433464E68334B7961466E52686F35715952442B6833636D43494B6D7A534744756676625A5A34746D6A6B5A3839393133463830646773663344746E7A76634531544861310D0A434263492F656443556A66642B332F4D2B35304F506A535A71496C7248564162344A4E414A51702F5150616B312F474A44354876584D44693475587A6D646F306F5632586A393043424342310D0A4174343067544D5837377676766B4C773939787A54796B736864444E2B48616557437058452F704D5949722B6561395A44357274394C2F7A6B6A6D4655414B3559326B6A58782F686D7A6D350D0A33484C4C46544D2F76394D657A356E4A382B57786F305567695836302B4D2F36377535446A6E5A4F77427A6D64387A776141756B784A486A447246625631764E574239634E4C394C706A784D0D0A4C48515443542B36424F6F435161644771445649374562326571386F5A4C416F736F6967555742534A426F662F7A324C69356F2B7A2B574F585159337A52713850444552474449437A432F6D0D0A4870597A746D556D63775679522F44473068594C5038576447374671785571534D336C4D35357843736D34394C585A6553384933473864674F345546725171593854486E4D776652384C47380D0A4B5968442F766D6148415353364B66704B776B716D7273365452682F7230656A53306152304B4C4A4C463672307A553450306133476A7748735A4F44537A55366648792F2F6531764339476A0D0A4D554477615061784F6C5A73522F514464764B7A31397463312B7A6A377A4D784D64624A765A4F516F6644417351546C576475624E434638694377772B5050526576523552744F6B2F6B6C780D0A315A2F502F376F50444F54724A4D784D7A70544E4A783045416E45755247755438396A393441326F6B775164703961344E312F654D63306335453346534E786D375031417342337A4D3961740D0A384C7A6F4B714E64434C7857314A74744F325064695469484F78453933346D466259773539726158395967643966446C59396F6E485A5A5068484D4C39635141766969387846676668512F750D0A5658634A646E72574F6762314E57702B362F4E733857766965556E30302F52716E54673645542F48314833616172373870672F634D7064636734467542486E646838616A4F50684A615950510D0A48332F3838554C6D614F795933316B772B42362F58685151496E6E56545853544F484442687355464D364946514B674168696D526859587461336D35634D52417047684E45426439692F78760D0A515A354A7843576665544149524B4A58414E536478627846737A5965524775594753744774456579497243567A42553264454B4C7830515030542F7A7A44506C67626D324D53697A446277620D0A544D734863785863626B547375384D65416B4430386275324F52656A797A414B34314841352F766F536F6A58694571532F64484A31656A35546342344D4433316C36736B30552B445A717A410D0A706D59645353562B4A3746477A554243357A652B6837534D7549336D633335442B73572F4471487A356D2B30414452326F75517878374E67574F516935733547345341532F794148795369750D0A4658337A54466F57535451496649655939716D6D422B477A774C69424239594D4E586B5759662B33756C36393074636F3270583348413845724E75414669714A784F6A306D47726D393477700D0A745662474A504D5564786E6C625346324B7439686D69644F686A48485065704366564D494B4B353172477349337672302B5753725862354447484362585870657130463955366F5975384E780D0A4D643151776F2B7841566F556F314954727A4554692B4E346A4D6A68506B55536659386176644B6A47726452344A334D376E7A48524B2B6E7676452F6B353833556A382B394F686A683951680D0A656E78346150494B42484577312F316F6E6369394352713933654C6B31652B6F59474F6B2F7470727231334B66714C704C374C49496D55686F66336D497673334336782B556372755A68372B0D0A6342655763622B3632386F716645657A756F4B307047784A574D6B644973666654745338476A7A7A324456434B312F647452544E7A4532596F7A46757833513858412B7366573632412B6C4C0D0A396B543459776C672F764533783733694661386F33786E6F463455756349795A516272746D4F504D5A5330446E637A3572732F6A5067376E36766D53364B644247714A514B3439424C5136750D0A4B4633474352326C536E7874614F566F34356A78494845496E4F386765737A7A664B2F6658533357394C553669586553587163624B4A4F2B6B4D51465745314131776474632F466C7363426B0D0A69422B6641443538682B51486F2F33487965364330636C644D6C65544C65387A50676777486853616561706F7265502F6D4F2F4F50435A43487332642B684F343041697777345747503136720D0A48656449547378683532416E393136544E50746F59655276634932564C706D727A4E4E4939476A35574F6B6765645034734144777634494335794555524346415379723970394B6C323037420D0A7738446638526C746F332B534A5070702B6F424A4B3948584A58544949767231474767457932484B3434326D4470487A4E325A334E48563865424336365739786B45625476344D314C6736390D0A6D7551564D745236527A2B385A7638455448415769326A69303579712F3535506677636A496F524E433249625437514B67766949486F364C75597638374A38757A357830424E7A414A6561680D0A52334D77354935517A6A776D5974373948706A4C31713048673772323731785655596778496E552F3879526A4B4F47716E4D51596F64684F4D584A74636C335438736233594D56385237766E0D0A4464457A622F6B6B414A44734736763445624F447134376A34717575624456466B42725547456D696E775A4A7435794D556E383033364F4A61336F6E51493749643935386A2B6D64425149660D0A4D59734369345A5370775350744272392B443547444F627A5743655639352B753835766B6F7A4A7249533451617651754A44455357717A45687651662F5064453736506C49774467303265420D0A3649626A6F435A58586D6438456442557A3979794243784375436D7161753445324B48424D36646A4D4A35374D6B527A66597772716675676F3875744353546B6D6854584B386D657A2B6A610D0A724676526F6F43756862512B5568533645414449746B474978306F4838544F486951484156556578483451414C41483042636F42367935396D712F2F5279434A667072526F446D4F4359754A0D0A6A7272776D4E346864557A75464B5468653752307946314E505A7155484D524F42763733647956614233516B6166364F693047634E4E3243544A78553359366268456B51635973576A716A5A0D0A64374A652B44752F4966316A7973656E6A792B66776A77494155514C35367539434367306D714B4B763530354462457A782F6C3036316D3155736556776147613661507633544562695634680D0A33376E5A4245457A7A6B48646D4172625A6957416D366C2B726D63474A7365394E4F6F2B6473364C3635653478552F6D4D4B622B705A6465756C6A75454F52783466452F63313542704C306A0D0A664E36576A793352317A7536553866464B466B485377794169774D6A536F3653654C776D6B786F4E48636D6451576A424763783335716D7A414B6A4A512B79392B4D476A6C4D2F7830306E7A0D0A61716D44474A6944764E59676E6D6651312B6A57766B6A303856684D2B4377474C424C6B35374D6F7345436746526935377A69786E2B7157676E726B62317A6B6F2B744569314163673946640D0A453032666461314745686F3062754E30766269346930764554783935744B4C463535644D49736D496F344B7961346A563350676443787476664F774937354137766E6569355A6E62357244480D0A65527166717A34654F6D45616A36384C6F6B3052784F4D636D392B34717366615350376957386532317A456131323646656559326D6A377A47537365766E336D50472F2B64693177374D53340D0A6A50707A784857376B7A4A684E6F5850472B633233326E787159395468634F3544685963573649486B476A7555684D32386C4C7A6A3444726134742B64593778476E474270694F59304B53720D0A6F5A464435766A534E6231442B4A53725247505835323648716C6E3251764B3944746F386275345259504B7A494544306D5066663849593354425544345466376C2F45554E54736D734673410D0A7879424E786C6C3038376A315A32785A4A416E47635A33675062594E5242385853502B4F46687778594C35316970474A704F34434875656B42572F6F492B593638357853304A4136382F7A570D0A5732387463544E5936574945666A30755A4F35485A7436784677546F632B65516268692B5138764831453977626A54374736437236523868767A34334857754D476361505733737A72706A500D0A63704C78577A48414E78594C346A686342363462504A6643706C7548782B4E3761572B2F7834777430557663456679366C475548633279732B363630364C614E6442545273576A6B567044440D0A4E416552387A386B7A79646D504D6A6648486F74426C3466734B327931692F776566356F45584368594977514459796644334D2B6D67432B66457A384544344C422F32766F4D6C54783870380D0A6B6C4D6E6A534271416E5842304F50726E784A5945317776382B746854647471754172696674627A714B50677858565A534E574F584266554D726B32466A634565457A79434F31457A5674300D0A69742B693173393572685865742B6E346A336232446562754374654D6A656753745771684C684F3065655978666E3533364350596A2B385541506762337A2F436757734434304C2B636278470D0A5254504757446D4F355346724B50414D6458365358776144516D3958475675694E2F416C617577305365446A416B6E4861676F7854393041477152324A7277627530446F6D4F6635767835560D0A483755452F6C5A6A632F4652633943613042764565645334497144557A73527A496A50686561506C4738575066353869506562707837694B2B6D525879354230596B416C337A6C4F363051320D0A7268674E36376D69366261545738373548364F356E5A3938756E756A3677486D654C527A67756E34704F435555664F5935484848645A7254645A4D72393256636D4B63397250626E646674480D0A51484B4E46683046516D4D4437452F37337430783166624A38566341514D764872556536482F50644C49436F4D4449653552353577545741653167594452364B4C716E6F5968714645446D320D0A524B38324648326763576959767349436A525A4F726A71704C306A746D4F6D5936476A78454431762F7161544E6564372F626F76727035755534385638506373754E4C2F5242336C465677630D0A366A353370586B6D4B6F73424F2B6D6834624D4145505344483544764D506B7A42714D7632584D314F396544726C795975766C356A53455A4A543744766E634D5549756B72705575357148370D0A4C41704B664B4B564D362F52314248616D667438517652387A2B38753774456C45496E64426473315274795A347A6D2F687A30432B72732B66565266757A5770522B4751347A53543833304D0D0A6C745953704238644378366D6661503545514377386C4830423473664C674857424F6439335755554C633731474A38347869494839596443373265504C64457A4F66575830566C49384941460D0A71665047334D356B526E4D334A596276334C304E7262332B696F75364537347558626B6F784743712B734A73422F634F637834356267676F3864644E367070785939533043774646507644720D0A737743673562735138423335765767416D416D52366E3235364D544148306C4F44585536382F323459546249353048443171515A4E61626F627A586D416532617557364A61495232797332690D0A736176427577577A477235314744705A54685334366B535263546544374F4868587373346D616A42317A6369716A39426E48634B64615935712B6C7A6A6F575031506F78372F4E47344966300D0A30666752394C4838495254495458494A343561344546304C43707A5245746A4A696A564D784D615736414562384346317A484A6F37456A73524D4F7275654E547878535042693878523744560D0A7142774D305138594F3359366743563967344534547130694A66356844737668587A75365954704A356E483377553743414F644548783961506F7342704D2F6B527844416A3078454D4175470D0A35432F686D31345A4263366F62624A344E506E466E464B6F6975344D4135695936356143566C4E6E336B5075704C6379352B4F38724D66304741776C68726F4174626F6F4544696E6F3675770D0A7962673370573078324E49316D623531586465464675645570336E737648516644504452722B376643754B4D4B61763359646C44754D66586A356D66484838456637346A35676442566A4B500D0A7353513874355650353749767870626F325A314E6373636354365373473777673353743152574B506B7A586D7153764A316430413058776F36464637313852534A336F47687A362F756579730D0A764E6667454442675236323655372F486855484E50424B463430507952715048764D63624D7A386B6A2F535045494176454145413879414C426775447072345973542B64713270774C522B500D0A4B7A465830645168632B597A416A73614F325A33676D514A6F4950512B5A38304F50364F4D54504F396468767A6D654471476970516F546175384B46323668366A4D4A6531504C4841366C380D0A696B3449524C654C467070497A504833756B585736305654752B65714845627262353062444D364642356A666B44736B6A37615069772F7A50304739726763472B4558585578782F633948440D0A737962364B43464834467734363845326465443162534A4A4D596D5A36456A756B4471612B725858586C745332347953313739756830534A4C74362F72703346337A715A35754967695A33740D0A6558464269642B4E497142694C675A45572B34524933506E3132614A49684B3952434C704D363669715638686B2B4E59444A447749582B49486F304141594446674F4D77395676536B3039540D0A656F7A7564654D50334161383351416B50725050316D6C38523433473865306337615776342F796F4C366A782F45364C4A732F46764D556978787948304447375936556A3677576935332B490D0A48453164337A7248783456774A6F464D5073644D434474646362324D684D6B34786A4536302F585A382B6F436635777A497344636A48736C4B494379706B44757A48654B637A486E4E666E6A0D0A3439667478787A6D6669715163587848563054644F7145566D54574338324D5173554B457A792F66547648666E2F2F383578646E30345875365632586641534D6965726666736167475033720D0A2B4E71593942433862774E705A764E63655534694D416B495345684D57737A30454C34352B67674152753943394667423042717744434173734A4367505841387767482F38305A7A634576650D0A7548684550475A694D58437871433861584D2F414A73676134735A487A6C7553526B6A4854386B6E5A6E5A4948417364784F346D4D5336514C6C677A4965644A364F4E38787659693450786D0D0A586B76346D50755A74387A68545466646443726E76323664356C7A4E2B387752695633694E32594E717A4C7A6A7A6D745334432F6459764E49346A506C75686A59454F394F35565731484A590D0A6B466834334C574E41447132643651614653535079513742514330394A3378374A30686257743470474363534B72394C6845353868514C6D43616C41456A32434149734A6E78412B333273780D0A3446674643443474334D45434E4C38585A4B78766B6357454E334F55785962764957332B68397A5231706E626650492F78324A2B5A7948696B2B2F344F776F5A57765369465331614A44705A0D0A4A396F794E724B646B34394150515A483635357A634B4F4E4E69716B5434584F5656646474626A324A48546E766E456E6F69474A4D776352384A32502F4F346D617772684139506F58616A300D0A615A6866364130315A794C685935613735353537536A5571536B366144714E356A6F666966464D6D63704A502F6B445046737766675735527431486F6A664E4254534753706D6137574A67440D0A72594876725255673256747A496D59476448705369426C435A3147784E6F565A4D48795031553142774D2B3632644E6E6A46592F7636734C383946366F4B4B51597967526D4651454F7333760D0A756A73424D7A396B5478572F4E64646373355476526574486148636262733978447145384D7963744742562F3138335930555539573431654836642B67786A357949326F53415842512B77450D0A3176464A5142334871366E5169585554343078394B354D3645504B353234314166564C574A36633577585566657A326D704F35627250766F3675347A43625662316B6A55534B4C5758652B310D0A3649364C78395654696572504F5A33567A75644C59622F6438364D70725A3875726B574C4F4A2F4D64565032434F496A696E2F3939646376506E33382B6279597235492F796A4F43653778320D0A6E4F664F7734475937726B524A6A6F31635234574B5239437879522F2B65575846354D383272732B647863504A726D43676850656E4E6C59617251706E5A337453415136455753647A4F4C450D0A4E516830756B43372B645542714165583162566C6E7157626536784F75464662313152592F79344B37676F533959557557694B537A484E654E425542302F7563762F56324D76616A615A376A0D0A4F41644E48666362326A326150715A3979423942774A526261303145433136635631724942304C30617641514D305671434B713738635962692F594F75614F3978355157467734627A6B50480D0A3345564E6B6934573354534F70673651624663374561684C3547724530385843364D647A767643702B367A5452423830716C466F6A304B42476E36396C72335035334E30796D595A3944506D0D0A39524B42555348514C593966766F74754B7174424D6A64516F694638744873692B43463850716E55522F774E51613747374D5234487566665331786A737A58643879424579524E55643931310D0A313156333348464849586543627A524831496D386B316D754C745872553851386B6139456F4B6B4952423965747943305475612F756F382B456D6B6B2B6E70516A6E68323036596C38756D4F0D0A37305455385A72646944772B567A3047675874326537366D6A6F747356374D5155434632544D63415739654175745A506F4B7737342F456278354678513944654F7575735534707862624C4A0D0A4A6B58373531682B56387550437667384776337A7A7A39663075746945423254544D6E41687A424B6C72783243503343437938734A6E6F49486F30654456787A6F6D6149364975666E3638690D0A50704446512B61366F45437A686C65325A7477526D416E527A3651747A724E2B5931326D49324B667052355658482F47626B512F585A7653527A2B543373356A78783242714C6E72366E4A750D0A316F73353252624F7354497333305658484A6B316B5036323232356266506A7373736B57322F6A7956617A6C34656A2B572B43464631346F52472F657270473245727354447A3837473856630D0A64645656315A3133336C6C38384572646650613773497837682B587A4A514B4A51434B5143435143343441412F45783154556765732F3662332F7A6D59746F6E3277624F72752F567373442F0D0A2F4D2F2F7642676A645A55656B41625130746E693862626262717575767672715971622F3161392B56584A6D6F306D765531444F4F4943527A3541494A414B4A51434B514344514E675A69740D0A527145737A506E72727274754B635444686A756B37616E686C32502F2B4D632F766D6A74586E3467534934334158575935612B34346F7269677964646A6949616E495266674C393564664D760D0A4E673367624538696B41676B416F6C41496A424B424B773545353842336B62445832575656616F74747469696B4439376270524350506A6F4C626D4A3252352F4F3373386E334847476356450D0A542B553679396E7163796349674743382B6230796D476155777944766E51676B416F6C414974425542435236492B36787845506F70716376762F7A794A533176797932334C476239426637300D0A707A2B39794D464579324F69762F6A696934754A2F6F596262696759476355486352734A574A636D5975424F544B4E724B736A5A726B516745556745456F464559465149524B4A58715A626F0D0A3358534854307272556E567667662F2B372F392B6B5349336C31787953586D7A5053536B3779744738635A6F7755346C4C474E6B66626543484B4D434B4F2B6243435143695541696B41684D0D0A4D6749536661637346557A34574F4856396F75502F74686A6A3333782F5050504C396F38473156453752794A675038313038387639635867414D417A366D2B536763786E54775153675551670D0A4555674578686B42744868336B7052376A626D54727773334C37585555692F696C2F636747325575504166467A576634765A502F3359756D365836636830552B57794B5143435143695542540D0A454C43615871784547596C2B717241577645326A316434317557646566464F475172596A45556745456F46456F4D30494C4344527532326C524A382B396A595069327837497041494A414B4A0D0A51464D514B4553507562322B4731616D787A576C69374D64695541696B41676B416D31475949472F2F75752F4C71623736626254617A4D3432665A454942464942424B425247445345566A670D0A622F376D6231366B314B33625962725A527072754A373172382F6B546755516745556745456F47714B687139704F344F646E46373251517045556745456F464549424649424359586751582B0D0A36712F2B366B556A374F7335655A506272487A795243415253415153675551674551434242525A595949477965783276546F587945365A454942464942424B42524341526D46774570744C720D0A4A707A553278514141414B4453555242564C634A2B65534A51434B5143435143695541694D423043536651354E684B4252434152534151536751596A6B455466344D374E70695543695541690D0A6B41676B416B6E304F5159536755516745556745456F454749354245332B444F7A61596C416F6C41497041494A414A4A39446B47456F46454942464942424B4242694F51524E2F677A73326D0D0A4A514B4A51434B51434351435366513542684B4252434152534151536751596A6B455466344D374E70695543695541696B41676B416B6E304F5159536755516745556745456F4547493542450D0A332B444F7A61596C416F6C41497041494A414A4A39446B47456F46454942464942424B4242694F51524E2F677A73326D4A514B4A51434B51434351435366513542684B4252434152534151530D0A6751596A6B455466344D374E70695543695541696B41676B416B6E304F5159536755516745556745456F454749354245332B444F7A61596C416F6C41497041494A414A4A39446B47456F46450D0A4942464942424B4242694F51524E2F677A73326D4A514B4A51434B51434351435366513542684B4252434152534151536751596A6B455466344D374E70695543695541696B41676B416B6E300D0A4F5159536755516745556745456F454749354245332B444F7A61596C416F6C41497041494A414A4A39446B47456F46454942464942424B4242694F51524E2F677A73326D4A514B4A51434B510D0A434351435366513542684B4252434152534151536751596A6B455466344D374E70695543695541696B41676B416B6E304F5159536755516745556745456F454749354245332B444F7A61596C0D0A416F6C41497041494A414A4A39446B47456F46454942464942424B4242694F51524E2F677A73326D4A514B4A51434B51434351435366513542684B4252434152534151536751596A6B4554660D0A344D374E70695543695541696B41676B416B6E304F5159536755516745556745456F454749354245332B444F7A61596C416F6C41497041494A414A4A39446B47456F46454942464942424B420D0A42694F51524E2F677A73326D4A514B4A51434B51434351435366513542684B4252434152534151536751596A6B455466344D374E70695543695541696B41676B416B6E304F515953675551670D0A45556745456F454749354245332B444F7A61596C416F6C41497041494A414C2F4336414B6448732F497948574141414141456C46546B5375516D4343, '', '2020-02-29 16:02:44', '1', '2020-05-18 18:08:55', '0', '1');
INSERT INTO `sys_user` VALUES ('2081f5f330934450a9cd97eec984c288', 'guogai', '123456', '45d2215ae72d4edda973810617751b73', 'guogai', '', NULL, '1', '2020-05-18 18:13:22', NULL, NULL, '5', '1');
INSERT INTO `sys_user` VALUES ('27de363882514f65b1763eea6724e665', 'aaaa', '123456', '0f5462af2dad446182d0a2bc37e6a999', 'aaaa', '', NULL, '4fcee6c3f7164300ab75e67b32871145', '2020-02-29 16:50:15', '1', '2020-05-18 18:09:04', NULL, '1');
INSERT INTO `sys_user` VALUES ('39c519bb28b24f208e25d344d5bdf41b', 'meitao', '123456', '0f5462af2dad446182d0a2bc37e6a999', 'meitao', '', NULL, '1', '2020-05-15 09:51:25', '1', '2020-05-18 18:09:09', '0', '1');
INSERT INTO `sys_user` VALUES ('3b6ed6920c6c46fe89833c442c6374df', '铭佳温泉酒店管理员', '123456', '45d2215ae72d4edda973810617751b73', 'mingjia', '', NULL, '1', '2020-05-18 18:20:32', NULL, NULL, '1', '1');

SET FOREIGN_KEY_CHECKS = 1;
